releve_utc,date_paris,heure_paris,parc_id,parc,zone,attraction_id,attraction,ouverte,attente_min,maj_queue_times_utc
2026-10-08T06:04:11Z,2026-10-08,08:04,4,Disneyland Park,Adventureland,2702,Adventure Isle,0,0,2026-10-08T06:00:04Z
2026-10-08T06:04:11Z,2026-10-08,08:04,4,Disneyland Park,Adventureland,7306,Indiana Jones and the Temple of Peril Single Rider,0,0,2026-10-08T06:00:04Z
2026-10-08T06:04:11Z,2026-10-08,08:04,4,Disneyland Park,Adventureland,2,Indiana Jones™ and the Temple of Peril,0,0,2026-10-08T06:00:04Z
2026-10-08T06:04:11Z,2026-10-08,08:04,4,Disneyland Park,Adventureland,1,La Cabane des Robinson,0,0,2026-10-08T06:00:04Z
2026-10-08T06:04:11Z,2026-10-08,08:04,4,Disneyland Park,Adventureland,2703,Le Passage Enchanté d'Aladdin,0,0,2026-10-08T06:00:04Z
2026-10-08T06:04:11Z,2026-10-08,08:04,4,Disneyland Park,Adventureland,2705,Pirate Galleon,0,0,2026-10-08T06:00:04Z
2026-10-08T06:04:11Z,2026-10-08,08:04,4,Disneyland Park,Adventureland,3,Pirates of the Caribbean,0,0,2026-10-08T06:00:04Z
2026-10-08T06:04:11Z,2026-10-08,08:04,4,Disneyland Park,Adventureland,2704,Pirates' Beach,0,0,2026-10-08T06:00:04Z
2026-10-08T06:04:11Z,2026-10-08,08:04,4,Disneyland Park,Discoveryland,4,"Autopia, presented by Avis",0,0,2026-10-08T06:00:04Z
2026-10-08T06:04:11Z,2026-10-08,08:04,4,Disneyland Park,Discoveryland,5,Buzz Lightyear Laser Blast,0,0,2026-10-08T06:00:04Z
2026-10-08T06:04:11Z,2026-10-08,08:04,4,Disneyland Park,Discoveryland,2706,Disneyland Railroad Discoveryland Station,0,0,2026-10-08T06:00:04Z
2026-10-08T06:04:11Z,2026-10-08,08:04,4,Disneyland Park,Discoveryland,6,Les Mystères du Nautilus,0,0,2026-10-08T06:00:04Z
2026-10-08T06:04:11Z,2026-10-08,08:04,4,Disneyland Park,Discoveryland,2707,Mickey’s PhilharMagic,0,0,2026-10-08T06:00:04Z
2026-10-08T06:04:11Z,2026-10-08,08:04,4,Disneyland Park,Discoveryland,7,Orbitron®,0,0,2026-10-08T06:00:04Z
2026-10-08T06:04:11Z,2026-10-08,08:04,4,Disneyland Park,Discoveryland,9,Star Tours: The Adventures Continue*,0,0,2026-10-08T06:00:04Z
2026-10-08T06:04:11Z,2026-10-08,08:04,4,Disneyland Park,Discoveryland,8,Star Wars Hyperspace Mountain,0,0,2026-10-08T06:00:04Z
2026-10-08T06:04:11Z,2026-10-08,08:04,4,Disneyland Park,Discoveryland,7278,Star Wars Hyperspace Mountain Single Rider,0,0,2026-10-08T06:00:04Z
2026-10-08T06:04:11Z,2026-10-08,08:04,4,Disneyland Park,Discoveryland,4573,Welcome to Starport: A Star Wars Encounter,0,0,2026-10-08T06:00:04Z
2026-10-08T06:04:11Z,2026-10-08,08:04,4,Disneyland Park,Fantasyland,19,"""it's a small world""",0,0,2026-10-08T06:00:04Z
2026-10-08T06:04:11Z,2026-10-08,08:04,4,Disneyland Park,Fantasyland,14,Alice's Curious Labyrinth,0,0,2026-10-08T06:00:04Z
2026-10-08T06:04:11Z,2026-10-08,08:04,4,Disneyland Park,Fantasyland,15,Blanche-Neige et les Sept Nains®,0,0,2026-10-08T06:00:04Z
2026-10-08T06:04:11Z,2026-10-08,08:04,4,Disneyland Park,Fantasyland,17,Casey Jr. – le Petit Train du Cirque,0,0,2026-10-08T06:00:04Z
2026-10-08T06:04:11Z,2026-10-08,08:04,4,Disneyland Park,Fantasyland,2711,Disneyland Railroad Fantasyland Station,0,0,2026-10-08T06:00:04Z
2026-10-08T06:04:11Z,2026-10-08,08:04,4,Disneyland Park,Fantasyland,11,Disneyland Railroad Main Street Station,0,0,2026-10-08T06:00:04Z
2026-10-08T06:04:11Z,2026-10-08,08:04,4,Disneyland Park,Fantasyland,18,Dumbo the Flying Elephant,0,0,2026-10-08T06:00:04Z
2026-10-08T06:04:11Z,2026-10-08,08:04,4,Disneyland Park,Fantasyland,2710,La Tanière du Dragon,0,0,2026-10-08T06:00:04Z
2026-10-08T06:04:11Z,2026-10-08,08:04,4,Disneyland Park,Fantasyland,16,Le Carrousel de Lancelot,0,0,2026-10-08T06:00:04Z
2026-10-08T06:04:11Z,2026-10-08,08:04,4,Disneyland Park,Fantasyland,21,"Le Pays des Contes de Fées, presented by Vittel",0,0,2026-10-08T06:00:04Z
2026-10-08T06:04:11Z,2026-10-08,08:04,4,Disneyland Park,Fantasyland,23,Les Voyages de Pinocchio,0,0,2026-10-08T06:00:04Z
2026-10-08T06:04:11Z,2026-10-08,08:04,4,Disneyland Park,Fantasyland,20,Mad Hatter's Tea Cups,0,0,2026-10-08T06:00:04Z
2026-10-08T06:04:11Z,2026-10-08,08:04,4,Disneyland Park,Fantasyland,13,Meet Mickey Mouse,0,0,2026-10-08T06:00:04Z
2026-10-08T06:04:11Z,2026-10-08,08:04,4,Disneyland Park,Fantasyland,22,Peter Pan's Flight,0,0,2026-10-08T06:00:04Z
2026-10-08T06:04:11Z,2026-10-08,08:04,4,Disneyland Park,Fantasyland,24,Princess Pavilion,0,0,2026-10-08T06:00:04Z
2026-10-08T06:04:11Z,2026-10-08,08:04,4,Disneyland Park,Frontierland,25,Big Thunder Mountain,0,0,2026-10-08T06:00:04Z
2026-10-08T06:04:11Z,2026-10-08,08:04,4,Disneyland Park,Frontierland,2714,Disneyland Railroad Frontierland Depot,0,0,2026-10-08T06:00:04Z
2026-10-08T06:04:11Z,2026-10-08,08:04,4,Disneyland Park,Frontierland,2713,Frontierland Playground,0,0,2026-10-08T06:00:04Z
2026-10-08T06:04:11Z,2026-10-08,08:04,4,Disneyland Park,Frontierland,26,Phantom Manor,0,0,2026-10-08T06:00:04Z
2026-10-08T06:04:11Z,2026-10-08,08:04,4,Disneyland Park,Frontierland,27,River Rogue Keelboats,0,0,2026-10-08T06:00:04Z
2026-10-08T06:04:11Z,2026-10-08,08:04,4,Disneyland Park,Frontierland,2712,Rustler Roundup Shootin' Gallery,0,0,2026-10-08T06:00:04Z
2026-10-08T06:04:11Z,2026-10-08,08:04,4,Disneyland Park,Frontierland,28,Thunder Mesa Riverboat Landing,0,0,2026-10-08T06:00:04Z
2026-10-08T06:04:11Z,2026-10-08,08:04,4,Disneyland Park,Main Street U.S.A,2708,Disneyland Railroad Main Street Station,0,0,2026-10-08T06:00:04Z
2026-10-08T06:04:11Z,2026-10-08,08:04,4,Disneyland Park,Main Street U.S.A,12,Main Street Vehicles,0,0,2026-10-08T06:00:04Z
2026-10-08T06:04:11Z,2026-10-08,08:04,28,Disney Adventure World,Marvel Avengers Campus,10848,Avengers Assemble: Flight Force,0,0,2026-10-08T06:00:04Z
2026-10-08T06:04:11Z,2026-10-08,08:04,28,Disney Adventure World,Marvel Avengers Campus,10849,Avengers Assemble: Flight Force Single Rider,0,0,2026-10-08T06:00:04Z
2026-10-08T06:04:11Z,2026-10-08,08:04,28,Disney Adventure World,Marvel Avengers Campus,10845,Spider-Man W.E.B. Adventure,0,0,2026-10-08T06:00:04Z
2026-10-08T06:04:11Z,2026-10-08,08:04,28,Disney Adventure World,Marvel Avengers Campus,10846,Spider-Man W.E.B. Adventure Single Rider,0,0,2026-10-08T06:00:04Z
2026-10-08T06:04:11Z,2026-10-08,08:04,28,Disney Adventure World,Production Courtyard,266,Meet Spider Man,0,0,2026-10-08T06:00:04Z
2026-10-08T06:04:11Z,2026-10-08,08:04,28,Disney Adventure World,Production Courtyard,40,The Twilight Zone Tower of Terror,0,0,2026-10-08T06:00:04Z
2026-10-08T06:04:11Z,2026-10-08,08:04,28,Disney Adventure World,Toon Studio,30,Art of Disney Animation,0,0,2026-10-08T06:00:04Z
2026-10-08T06:04:11Z,2026-10-08,08:04,28,Disney Adventure World,Toon Studio,31,Cars Quatre Roues Rallye,0,0,2026-10-08T06:00:04Z
2026-10-08T06:04:11Z,2026-10-08,08:04,28,Disney Adventure World,Toon Studio,29,Cars ROAD TRIP,0,0,2026-10-08T06:00:04Z
2026-10-08T06:04:11Z,2026-10-08,08:04,28,Disney Adventure World,Toon Studio,32,Crush's Coaster,0,0,2026-10-08T06:00:04Z
2026-10-08T06:04:11Z,2026-10-08,08:04,28,Disney Adventure World,Toon Studio,7277,Crush's Coaster Single Rider,0,0,2026-10-08T06:00:04Z
2026-10-08T06:04:11Z,2026-10-08,08:04,28,Disney Adventure World,Toon Studio,33,Les Tapis Volants - Flying Carpets Over Agrabah®,0,0,2026-10-08T06:00:04Z
2026-10-08T06:04:11Z,2026-10-08,08:04,28,Disney Adventure World,Toon Studio,37,Ratatouille : L’Aventure Totalement Toquée de Rémy​,0,0,2026-10-08T06:00:04Z
2026-10-08T06:04:11Z,2026-10-08,08:04,28,Disney Adventure World,Toon Studio,7279,Ratatouille: The Adventure Single Rider,0,0,2026-10-08T06:00:04Z
2026-10-08T06:04:11Z,2026-10-08,08:04,28,Disney Adventure World,Toon Studio,34,RC Racer,0,0,2026-10-08T06:00:04Z
2026-10-08T06:04:11Z,2026-10-08,08:04,28,Disney Adventure World,Toon Studio,7280,RC Racer Single Rider,0,0,2026-10-08T06:00:04Z
2026-10-08T06:04:11Z,2026-10-08,08:04,28,Disney Adventure World,Toon Studio,36,Slinky® Dog Zigzag Spin,0,0,2026-10-08T06:00:04Z
2026-10-08T06:04:11Z,2026-10-08,08:04,28,Disney Adventure World,Toon Studio,35,Toy Soldiers Parachute Drop,0,0,2026-10-08T06:00:04Z
2026-10-08T06:04:11Z,2026-10-08,08:04,28,Disney Adventure World,Toon Studio,7281,Toy Soldiers Parachute Drop Single Rider,0,0,2026-10-08T06:00:04Z
2026-10-08T06:04:11Z,2026-10-08,08:04,28,Disney Adventure World,World of Frozen,15413,Frozen Ever After,0,0,2026-10-08T06:00:04Z
2026-10-08T06:04:11Z,2026-10-08,08:04,28,Disney Adventure World,World of Frozen,15422,Frozen Ever After Single Rider,0,0,2026-10-08T06:00:04Z
2026-10-08T06:04:11Z,2026-10-08,08:04,28,Disney Adventure World,World of Frozen,15415,Raiponce Tangled Spin,0,0,2026-10-08T06:00:04Z
2026-10-08T06:19:10Z,2026-10-08,08:19,4,Disneyland Park,Adventureland,2702,Adventure Isle,0,0,2026-10-08T06:15:04Z
2026-10-08T06:19:10Z,2026-10-08,08:19,4,Disneyland Park,Adventureland,7306,Indiana Jones and the Temple of Peril Single Rider,0,0,2026-10-08T06:15:04Z
2026-10-08T06:19:10Z,2026-10-08,08:19,4,Disneyland Park,Adventureland,2,Indiana Jones™ and the Temple of Peril,0,0,2026-10-08T06:15:04Z
2026-10-08T06:19:10Z,2026-10-08,08:19,4,Disneyland Park,Adventureland,1,La Cabane des Robinson,0,0,2026-10-08T06:15:04Z
2026-10-08T06:19:10Z,2026-10-08,08:19,4,Disneyland Park,Adventureland,2703,Le Passage Enchanté d'Aladdin,0,0,2026-10-08T06:15:04Z
2026-10-08T06:19:10Z,2026-10-08,08:19,4,Disneyland Park,Adventureland,2705,Pirate Galleon,0,0,2026-10-08T06:15:04Z
2026-10-08T06:19:10Z,2026-10-08,08:19,4,Disneyland Park,Adventureland,3,Pirates of the Caribbean,0,0,2026-10-08T06:15:04Z
2026-10-08T06:19:10Z,2026-10-08,08:19,4,Disneyland Park,Adventureland,2704,Pirates' Beach,0,0,2026-10-08T06:15:04Z
2026-10-08T06:19:10Z,2026-10-08,08:19,4,Disneyland Park,Discoveryland,4,"Autopia, presented by Avis",0,0,2026-10-08T06:15:04Z
2026-10-08T06:19:10Z,2026-10-08,08:19,4,Disneyland Park,Discoveryland,5,Buzz Lightyear Laser Blast,0,0,2026-10-08T06:15:04Z
2026-10-08T06:19:10Z,2026-10-08,08:19,4,Disneyland Park,Discoveryland,2706,Disneyland Railroad Discoveryland Station,0,0,2026-10-08T06:15:04Z
2026-10-08T06:19:10Z,2026-10-08,08:19,4,Disneyland Park,Discoveryland,6,Les Mystères du Nautilus,0,0,2026-10-08T06:15:04Z
2026-10-08T06:19:10Z,2026-10-08,08:19,4,Disneyland Park,Discoveryland,2707,Mickey’s PhilharMagic,0,0,2026-10-08T06:15:04Z
2026-10-08T06:19:10Z,2026-10-08,08:19,4,Disneyland Park,Discoveryland,7,Orbitron®,0,0,2026-10-08T06:15:04Z
2026-10-08T06:19:10Z,2026-10-08,08:19,4,Disneyland Park,Discoveryland,9,Star Tours: The Adventures Continue*,0,0,2026-10-08T06:15:04Z
2026-10-08T06:19:10Z,2026-10-08,08:19,4,Disneyland Park,Discoveryland,8,Star Wars Hyperspace Mountain,0,0,2026-10-08T06:15:04Z
2026-10-08T06:19:10Z,2026-10-08,08:19,4,Disneyland Park,Discoveryland,7278,Star Wars Hyperspace Mountain Single Rider,0,0,2026-10-08T06:15:04Z
2026-10-08T06:19:10Z,2026-10-08,08:19,4,Disneyland Park,Discoveryland,4573,Welcome to Starport: A Star Wars Encounter,0,0,2026-10-08T06:15:04Z
2026-10-08T06:19:10Z,2026-10-08,08:19,4,Disneyland Park,Fantasyland,19,"""it's a small world""",0,0,2026-10-08T06:15:04Z
2026-10-08T06:19:10Z,2026-10-08,08:19,4,Disneyland Park,Fantasyland,14,Alice's Curious Labyrinth,0,0,2026-10-08T06:15:04Z
2026-10-08T06:19:10Z,2026-10-08,08:19,4,Disneyland Park,Fantasyland,15,Blanche-Neige et les Sept Nains®,0,0,2026-10-08T06:15:04Z
2026-10-08T06:19:10Z,2026-10-08,08:19,4,Disneyland Park,Fantasyland,17,Casey Jr. – le Petit Train du Cirque,0,0,2026-10-08T06:15:04Z
2026-10-08T06:19:10Z,2026-10-08,08:19,4,Disneyland Park,Fantasyland,2711,Disneyland Railroad Fantasyland Station,0,0,2026-10-08T06:15:04Z
2026-10-08T06:19:10Z,2026-10-08,08:19,4,Disneyland Park,Fantasyland,11,Disneyland Railroad Main Street Station,0,0,2026-10-08T06:15:04Z
2026-10-08T06:19:10Z,2026-10-08,08:19,4,Disneyland Park,Fantasyland,18,Dumbo the Flying Elephant,0,0,2026-10-08T06:15:04Z
2026-10-08T06:19:10Z,2026-10-08,08:19,4,Disneyland Park,Fantasyland,2710,La Tanière du Dragon,0,0,2026-10-08T06:15:04Z
2026-10-08T06:19:10Z,2026-10-08,08:19,4,Disneyland Park,Fantasyland,16,Le Carrousel de Lancelot,0,0,2026-10-08T06:15:04Z
2026-10-08T06:19:10Z,2026-10-08,08:19,4,Disneyland Park,Fantasyland,21,"Le Pays des Contes de Fées, presented by Vittel",0,0,2026-10-08T06:15:04Z
2026-10-08T06:19:10Z,2026-10-08,08:19,4,Disneyland Park,Fantasyland,23,Les Voyages de Pinocchio,0,0,2026-10-08T06:15:04Z
2026-10-08T06:19:10Z,2026-10-08,08:19,4,Disneyland Park,Fantasyland,20,Mad Hatter's Tea Cups,0,0,2026-10-08T06:15:04Z
2026-10-08T06:19:10Z,2026-10-08,08:19,4,Disneyland Park,Fantasyland,13,Meet Mickey Mouse,0,0,2026-10-08T06:15:04Z
2026-10-08T06:19:10Z,2026-10-08,08:19,4,Disneyland Park,Fantasyland,22,Peter Pan's Flight,0,0,2026-10-08T06:15:04Z
2026-10-08T06:19:10Z,2026-10-08,08:19,4,Disneyland Park,Fantasyland,24,Princess Pavilion,0,0,2026-10-08T06:15:04Z
2026-10-08T06:19:10Z,2026-10-08,08:19,4,Disneyland Park,Frontierland,25,Big Thunder Mountain,0,0,2026-10-08T06:15:04Z
2026-10-08T06:19:10Z,2026-10-08,08:19,4,Disneyland Park,Frontierland,2714,Disneyland Railroad Frontierland Depot,0,0,2026-10-08T06:15:04Z
2026-10-08T06:19:10Z,2026-10-08,08:19,4,Disneyland Park,Frontierland,2713,Frontierland Playground,0,0,2026-10-08T06:15:04Z
2026-10-08T06:19:10Z,2026-10-08,08:19,4,Disneyland Park,Frontierland,26,Phantom Manor,0,0,2026-10-08T06:15:04Z
2026-10-08T06:19:10Z,2026-10-08,08:19,4,Disneyland Park,Frontierland,27,River Rogue Keelboats,0,0,2026-10-08T06:15:04Z
2026-10-08T06:19:10Z,2026-10-08,08:19,4,Disneyland Park,Frontierland,2712,Rustler Roundup Shootin' Gallery,0,0,2026-10-08T06:15:04Z
2026-10-08T06:19:10Z,2026-10-08,08:19,4,Disneyland Park,Frontierland,28,Thunder Mesa Riverboat Landing,0,0,2026-10-08T06:15:04Z
2026-10-08T06:19:10Z,2026-10-08,08:19,4,Disneyland Park,Main Street U.S.A,2708,Disneyland Railroad Main Street Station,0,0,2026-10-08T06:15:04Z
2026-10-08T06:19:10Z,2026-10-08,08:19,4,Disneyland Park,Main Street U.S.A,12,Main Street Vehicles,0,0,2026-10-08T06:15:04Z
2026-10-08T06:19:10Z,2026-10-08,08:19,28,Disney Adventure World,Marvel Avengers Campus,10848,Avengers Assemble: Flight Force,0,0,2026-10-08T06:15:04Z
2026-10-08T06:19:10Z,2026-10-08,08:19,28,Disney Adventure World,Marvel Avengers Campus,10849,Avengers Assemble: Flight Force Single Rider,0,0,2026-10-08T06:15:04Z
2026-10-08T06:19:10Z,2026-10-08,08:19,28,Disney Adventure World,Marvel Avengers Campus,10845,Spider-Man W.E.B. Adventure,0,0,2026-10-08T06:15:04Z
2026-10-08T06:19:10Z,2026-10-08,08:19,28,Disney Adventure World,Marvel Avengers Campus,10846,Spider-Man W.E.B. Adventure Single Rider,0,0,2026-10-08T06:15:04Z
2026-10-08T06:19:10Z,2026-10-08,08:19,28,Disney Adventure World,Production Courtyard,266,Meet Spider Man,0,0,2026-10-08T06:15:04Z
2026-10-08T06:19:10Z,2026-10-08,08:19,28,Disney Adventure World,Production Courtyard,40,The Twilight Zone Tower of Terror,0,0,2026-10-08T06:15:04Z
2026-10-08T06:19:10Z,2026-10-08,08:19,28,Disney Adventure World,Toon Studio,30,Art of Disney Animation,0,0,2026-10-08T06:15:04Z
2026-10-08T06:19:10Z,2026-10-08,08:19,28,Disney Adventure World,Toon Studio,31,Cars Quatre Roues Rallye,0,0,2026-10-08T06:15:04Z
2026-10-08T06:19:10Z,2026-10-08,08:19,28,Disney Adventure World,Toon Studio,29,Cars ROAD TRIP,0,0,2026-10-08T06:15:04Z
2026-10-08T06:19:10Z,2026-10-08,08:19,28,Disney Adventure World,Toon Studio,32,Crush's Coaster,0,0,2026-10-08T06:15:04Z
2026-10-08T06:19:10Z,2026-10-08,08:19,28,Disney Adventure World,Toon Studio,7277,Crush's Coaster Single Rider,0,0,2026-10-08T06:15:04Z
2026-10-08T06:19:10Z,2026-10-08,08:19,28,Disney Adventure World,Toon Studio,33,Les Tapis Volants - Flying Carpets Over Agrabah®,0,0,2026-10-08T06:15:04Z
2026-10-08T06:19:10Z,2026-10-08,08:19,28,Disney Adventure World,Toon Studio,37,Ratatouille : L’Aventure Totalement Toquée de Rémy​,1,5,2026-10-08T06:15:04Z
2026-10-08T06:19:10Z,2026-10-08,08:19,28,Disney Adventure World,Toon Studio,7279,Ratatouille: The Adventure Single Rider,1,5,2026-10-08T06:15:04Z
2026-10-08T06:19:10Z,2026-10-08,08:19,28,Disney Adventure World,Toon Studio,34,RC Racer,0,0,2026-10-08T06:15:04Z
2026-10-08T06:19:10Z,2026-10-08,08:19,28,Disney Adventure World,Toon Studio,7280,RC Racer Single Rider,0,0,2026-10-08T06:15:04Z
2026-10-08T06:19:10Z,2026-10-08,08:19,28,Disney Adventure World,Toon Studio,36,Slinky® Dog Zigzag Spin,0,0,2026-10-08T06:15:04Z
2026-10-08T06:19:10Z,2026-10-08,08:19,28,Disney Adventure World,Toon Studio,35,Toy Soldiers Parachute Drop,0,0,2026-10-08T06:15:04Z
2026-10-08T06:19:10Z,2026-10-08,08:19,28,Disney Adventure World,Toon Studio,7281,Toy Soldiers Parachute Drop Single Rider,0,0,2026-10-08T06:15:04Z
2026-10-08T06:19:10Z,2026-10-08,08:19,28,Disney Adventure World,World of Frozen,15413,Frozen Ever After,0,0,2026-10-08T06:15:04Z
2026-10-08T06:19:10Z,2026-10-08,08:19,28,Disney Adventure World,World of Frozen,15422,Frozen Ever After Single Rider,0,0,2026-10-08T06:15:04Z
2026-10-08T06:19:10Z,2026-10-08,08:19,28,Disney Adventure World,World of Frozen,15415,Raiponce Tangled Spin,0,0,2026-10-08T06:15:04Z
2026-10-08T06:34:11Z,2026-10-08,08:34,4,Disneyland Park,Adventureland,2702,Adventure Isle,0,0,2026-10-08T06:30:05Z
2026-10-08T06:34:11Z,2026-10-08,08:34,4,Disneyland Park,Adventureland,7306,Indiana Jones and the Temple of Peril Single Rider,0,0,2026-10-08T06:30:05Z
2026-10-08T06:34:11Z,2026-10-08,08:34,4,Disneyland Park,Adventureland,2,Indiana Jones™ and the Temple of Peril,0,0,2026-10-08T06:30:05Z
2026-10-08T06:34:11Z,2026-10-08,08:34,4,Disneyland Park,Adventureland,1,La Cabane des Robinson,0,0,2026-10-08T06:30:05Z
2026-10-08T06:34:11Z,2026-10-08,08:34,4,Disneyland Park,Adventureland,2703,Le Passage Enchanté d'Aladdin,0,0,2026-10-08T06:30:05Z
2026-10-08T06:34:11Z,2026-10-08,08:34,4,Disneyland Park,Adventureland,2705,Pirate Galleon,0,0,2026-10-08T06:30:05Z
2026-10-08T06:34:11Z,2026-10-08,08:34,4,Disneyland Park,Adventureland,3,Pirates of the Caribbean,0,0,2026-10-08T06:30:05Z
2026-10-08T06:34:11Z,2026-10-08,08:34,4,Disneyland Park,Adventureland,2704,Pirates' Beach,0,0,2026-10-08T06:30:05Z
2026-10-08T06:34:11Z,2026-10-08,08:34,4,Disneyland Park,Discoveryland,4,"Autopia, presented by Avis",0,0,2026-10-08T06:30:05Z
2026-10-08T06:34:11Z,2026-10-08,08:34,4,Disneyland Park,Discoveryland,5,Buzz Lightyear Laser Blast,0,0,2026-10-08T06:30:05Z
2026-10-08T06:34:11Z,2026-10-08,08:34,4,Disneyland Park,Discoveryland,2706,Disneyland Railroad Discoveryland Station,0,0,2026-10-08T06:30:05Z
2026-10-08T06:34:11Z,2026-10-08,08:34,4,Disneyland Park,Discoveryland,6,Les Mystères du Nautilus,0,0,2026-10-08T06:30:05Z
2026-10-08T06:34:11Z,2026-10-08,08:34,4,Disneyland Park,Discoveryland,2707,Mickey’s PhilharMagic,0,0,2026-10-08T06:30:05Z
2026-10-08T06:34:11Z,2026-10-08,08:34,4,Disneyland Park,Discoveryland,7,Orbitron®,0,0,2026-10-08T06:30:05Z
2026-10-08T06:34:11Z,2026-10-08,08:34,4,Disneyland Park,Discoveryland,9,Star Tours: The Adventures Continue*,1,5,2026-10-08T06:30:05Z
2026-10-08T06:34:11Z,2026-10-08,08:34,4,Disneyland Park,Discoveryland,8,Star Wars Hyperspace Mountain,1,5,2026-10-08T06:30:05Z
2026-10-08T06:34:11Z,2026-10-08,08:34,4,Disneyland Park,Discoveryland,7278,Star Wars Hyperspace Mountain Single Rider,1,0,2026-10-08T06:30:05Z
2026-10-08T06:34:11Z,2026-10-08,08:34,4,Disneyland Park,Discoveryland,4573,Welcome to Starport: A Star Wars Encounter,0,0,2026-10-08T06:30:05Z
2026-10-08T06:34:11Z,2026-10-08,08:34,4,Disneyland Park,Fantasyland,19,"""it's a small world""",0,0,2026-10-08T06:30:05Z
2026-10-08T06:34:11Z,2026-10-08,08:34,4,Disneyland Park,Fantasyland,14,Alice's Curious Labyrinth,0,0,2026-10-08T06:30:05Z
2026-10-08T06:34:11Z,2026-10-08,08:34,4,Disneyland Park,Fantasyland,15,Blanche-Neige et les Sept Nains®,0,0,2026-10-08T06:30:05Z
2026-10-08T06:34:11Z,2026-10-08,08:34,4,Disneyland Park,Fantasyland,17,Casey Jr. – le Petit Train du Cirque,0,0,2026-10-08T06:30:05Z
2026-10-08T06:34:11Z,2026-10-08,08:34,4,Disneyland Park,Fantasyland,2711,Disneyland Railroad Fantasyland Station,0,0,2026-10-08T06:30:05Z
2026-10-08T06:34:11Z,2026-10-08,08:34,4,Disneyland Park,Fantasyland,11,Disneyland Railroad Main Street Station,0,0,2026-10-08T06:30:05Z
2026-10-08T06:34:11Z,2026-10-08,08:34,4,Disneyland Park,Fantasyland,18,Dumbo the Flying Elephant,1,5,2026-10-08T06:30:05Z
2026-10-08T06:34:11Z,2026-10-08,08:34,4,Disneyland Park,Fantasyland,2710,La Tanière du Dragon,0,0,2026-10-08T06:30:05Z
2026-10-08T06:34:11Z,2026-10-08,08:34,4,Disneyland Park,Fantasyland,16,Le Carrousel de Lancelot,0,0,2026-10-08T06:30:05Z
2026-10-08T06:34:11Z,2026-10-08,08:34,4,Disneyland Park,Fantasyland,21,"Le Pays des Contes de Fées, presented by Vittel",0,0,2026-10-08T06:30:05Z
2026-10-08T06:34:11Z,2026-10-08,08:34,4,Disneyland Park,Fantasyland,23,Les Voyages de Pinocchio,0,0,2026-10-08T06:30:05Z
2026-10-08T06:34:11Z,2026-10-08,08:34,4,Disneyland Park,Fantasyland,20,Mad Hatter's Tea Cups,0,0,2026-10-08T06:30:05Z
2026-10-08T06:34:11Z,2026-10-08,08:34,4,Disneyland Park,Fantasyland,13,Meet Mickey Mouse,0,0,2026-10-08T06:30:05Z
2026-10-08T06:34:11Z,2026-10-08,08:34,4,Disneyland Park,Fantasyland,22,Peter Pan's Flight,0,0,2026-10-08T06:30:05Z
2026-10-08T06:34:11Z,2026-10-08,08:34,4,Disneyland Park,Fantasyland,24,Princess Pavilion,0,0,2026-10-08T06:30:05Z
2026-10-08T06:34:11Z,2026-10-08,08:34,4,Disneyland Park,Frontierland,25,Big Thunder Mountain,1,5,2026-10-08T06:30:05Z
2026-10-08T06:34:11Z,2026-10-08,08:34,4,Disneyland Park,Frontierland,2714,Disneyland Railroad Frontierland Depot,0,0,2026-10-08T06:30:05Z
2026-10-08T06:34:11Z,2026-10-08,08:34,4,Disneyland Park,Frontierland,2713,Frontierland Playground,0,0,2026-10-08T06:30:05Z
2026-10-08T06:34:11Z,2026-10-08,08:34,4,Disneyland Park,Frontierland,26,Phantom Manor,0,0,2026-10-08T06:30:05Z
2026-10-08T06:34:11Z,2026-10-08,08:34,4,Disneyland Park,Frontierland,27,River Rogue Keelboats,0,0,2026-10-08T06:30:05Z
2026-10-08T06:34:11Z,2026-10-08,08:34,4,Disneyland Park,Frontierland,2712,Rustler Roundup Shootin' Gallery,0,0,2026-10-08T06:30:05Z
2026-10-08T06:34:11Z,2026-10-08,08:34,4,Disneyland Park,Frontierland,28,Thunder Mesa Riverboat Landing,0,0,2026-10-08T06:30:05Z
2026-10-08T06:34:11Z,2026-10-08,08:34,4,Disneyland Park,Main Street U.S.A,2708,Disneyland Railroad Main Street Station,0,0,2026-10-08T06:30:05Z
2026-10-08T06:34:11Z,2026-10-08,08:34,4,Disneyland Park,Main Street U.S.A,12,Main Street Vehicles,1,5,2026-10-08T06:30:05Z
2026-10-08T06:34:11Z,2026-10-08,08:34,28,Disney Adventure World,Marvel Avengers Campus,10848,Avengers Assemble: Flight Force,1,5,2026-10-08T06:30:05Z
2026-10-08T06:34:11Z,2026-10-08,08:34,28,Disney Adventure World,Marvel Avengers Campus,10849,Avengers Assemble: Flight Force Single Rider,1,5,2026-10-08T06:30:05Z
2026-10-08T06:34:11Z,2026-10-08,08:34,28,Disney Adventure World,Marvel Avengers Campus,10845,Spider-Man W.E.B. Adventure,0,0,2026-10-08T06:30:05Z
2026-10-08T06:34:11Z,2026-10-08,08:34,28,Disney Adventure World,Marvel Avengers Campus,10846,Spider-Man W.E.B. Adventure Single Rider,0,0,2026-10-08T06:30:05Z
2026-10-08T06:34:11Z,2026-10-08,08:34,28,Disney Adventure World,Production Courtyard,266,Meet Spider Man,0,0,2026-10-08T06:30:05Z
2026-10-08T06:34:11Z,2026-10-08,08:34,28,Disney Adventure World,Production Courtyard,40,The Twilight Zone Tower of Terror,1,5,2026-10-08T06:30:05Z
2026-10-08T06:34:11Z,2026-10-08,08:34,28,Disney Adventure World,Toon Studio,30,Art of Disney Animation,0,0,2026-10-08T06:30:05Z
2026-10-08T06:34:11Z,2026-10-08,08:34,28,Disney Adventure World,Toon Studio,31,Cars Quatre Roues Rallye,0,0,2026-10-08T06:30:05Z
2026-10-08T06:34:11Z,2026-10-08,08:34,28,Disney Adventure World,Toon Studio,29,Cars ROAD TRIP,0,0,2026-10-08T06:30:05Z
2026-10-08T06:34:11Z,2026-10-08,08:34,28,Disney Adventure World,Toon Studio,32,Crush's Coaster,0,0,2026-10-08T06:30:05Z
2026-10-08T06:34:11Z,2026-10-08,08:34,28,Disney Adventure World,Toon Studio,7277,Crush's Coaster Single Rider,0,0,2026-10-08T06:30:05Z
2026-10-08T06:34:11Z,2026-10-08,08:34,28,Disney Adventure World,Toon Studio,33,Les Tapis Volants - Flying Carpets Over Agrabah®,0,0,2026-10-08T06:30:05Z
2026-10-08T06:34:11Z,2026-10-08,08:34,28,Disney Adventure World,Toon Studio,37,Ratatouille : L’Aventure Totalement Toquée de Rémy​,1,5,2026-10-08T06:30:05Z
2026-10-08T06:34:11Z,2026-10-08,08:34,28,Disney Adventure World,Toon Studio,7279,Ratatouille: The Adventure Single Rider,1,5,2026-10-08T06:30:05Z
2026-10-08T06:34:11Z,2026-10-08,08:34,28,Disney Adventure World,Toon Studio,34,RC Racer,0,0,2026-10-08T06:30:05Z
2026-10-08T06:34:11Z,2026-10-08,08:34,28,Disney Adventure World,Toon Studio,7280,RC Racer Single Rider,0,0,2026-10-08T06:30:05Z
2026-10-08T06:34:11Z,2026-10-08,08:34,28,Disney Adventure World,Toon Studio,36,Slinky® Dog Zigzag Spin,1,5,2026-10-08T06:30:05Z
2026-10-08T06:34:11Z,2026-10-08,08:34,28,Disney Adventure World,Toon Studio,35,Toy Soldiers Parachute Drop,0,0,2026-10-08T06:30:05Z
2026-10-08T06:34:11Z,2026-10-08,08:34,28,Disney Adventure World,Toon Studio,7281,Toy Soldiers Parachute Drop Single Rider,0,0,2026-10-08T06:30:05Z
2026-10-08T06:34:11Z,2026-10-08,08:34,28,Disney Adventure World,World of Frozen,15413,Frozen Ever After,1,15,2026-10-08T06:30:05Z
2026-10-08T06:34:11Z,2026-10-08,08:34,28,Disney Adventure World,World of Frozen,15422,Frozen Ever After Single Rider,1,5,2026-10-08T06:30:05Z
2026-10-08T06:34:11Z,2026-10-08,08:34,28,Disney Adventure World,World of Frozen,15415,Raiponce Tangled Spin,0,0,2026-10-08T06:30:05Z
2026-10-08T06:49:10Z,2026-10-08,08:49,4,Disneyland Park,Adventureland,2702,Adventure Isle,0,0,2026-10-08T06:45:11Z
2026-10-08T06:49:10Z,2026-10-08,08:49,4,Disneyland Park,Adventureland,7306,Indiana Jones and the Temple of Peril Single Rider,0,0,2026-10-08T06:45:11Z
2026-10-08T06:49:10Z,2026-10-08,08:49,4,Disneyland Park,Adventureland,2,Indiana Jones™ and the Temple of Peril,0,0,2026-10-08T06:45:11Z
2026-10-08T06:49:10Z,2026-10-08,08:49,4,Disneyland Park,Adventureland,1,La Cabane des Robinson,0,0,2026-10-08T06:45:11Z
2026-10-08T06:49:10Z,2026-10-08,08:49,4,Disneyland Park,Adventureland,2703,Le Passage Enchanté d'Aladdin,0,0,2026-10-08T06:45:11Z
2026-10-08T06:49:10Z,2026-10-08,08:49,4,Disneyland Park,Adventureland,2705,Pirate Galleon,0,0,2026-10-08T06:45:11Z
2026-10-08T06:49:10Z,2026-10-08,08:49,4,Disneyland Park,Adventureland,3,Pirates of the Caribbean,0,0,2026-10-08T06:45:11Z
2026-10-08T06:49:10Z,2026-10-08,08:49,4,Disneyland Park,Adventureland,2704,Pirates' Beach,0,0,2026-10-08T06:45:11Z
2026-10-08T06:49:10Z,2026-10-08,08:49,4,Disneyland Park,Discoveryland,4,"Autopia, presented by Avis",0,0,2026-10-08T06:45:11Z
2026-10-08T06:49:10Z,2026-10-08,08:49,4,Disneyland Park,Discoveryland,5,Buzz Lightyear Laser Blast,0,0,2026-10-08T06:45:11Z
2026-10-08T06:49:10Z,2026-10-08,08:49,4,Disneyland Park,Discoveryland,2706,Disneyland Railroad Discoveryland Station,0,0,2026-10-08T06:45:11Z
2026-10-08T06:49:10Z,2026-10-08,08:49,4,Disneyland Park,Discoveryland,6,Les Mystères du Nautilus,0,0,2026-10-08T06:45:11Z
2026-10-08T06:49:10Z,2026-10-08,08:49,4,Disneyland Park,Discoveryland,2707,Mickey’s PhilharMagic,0,0,2026-10-08T06:45:11Z
2026-10-08T06:49:10Z,2026-10-08,08:49,4,Disneyland Park,Discoveryland,7,Orbitron®,0,0,2026-10-08T06:45:11Z
2026-10-08T06:49:10Z,2026-10-08,08:49,4,Disneyland Park,Discoveryland,9,Star Tours: The Adventures Continue*,1,5,2026-10-08T06:45:11Z
2026-10-08T06:49:10Z,2026-10-08,08:49,4,Disneyland Park,Discoveryland,8,Star Wars Hyperspace Mountain,1,5,2026-10-08T06:45:11Z
2026-10-08T06:49:10Z,2026-10-08,08:49,4,Disneyland Park,Discoveryland,7278,Star Wars Hyperspace Mountain Single Rider,1,0,2026-10-08T06:45:11Z
2026-10-08T06:49:10Z,2026-10-08,08:49,4,Disneyland Park,Discoveryland,4573,Welcome to Starport: A Star Wars Encounter,0,0,2026-10-08T06:45:11Z
2026-10-08T06:49:10Z,2026-10-08,08:49,4,Disneyland Park,Fantasyland,19,"""it's a small world""",0,0,2026-10-08T06:45:11Z
2026-10-08T06:49:10Z,2026-10-08,08:49,4,Disneyland Park,Fantasyland,14,Alice's Curious Labyrinth,0,0,2026-10-08T06:45:11Z
2026-10-08T06:49:10Z,2026-10-08,08:49,4,Disneyland Park,Fantasyland,15,Blanche-Neige et les Sept Nains®,0,0,2026-10-08T06:45:11Z
2026-10-08T06:49:10Z,2026-10-08,08:49,4,Disneyland Park,Fantasyland,17,Casey Jr. – le Petit Train du Cirque,0,0,2026-10-08T06:45:11Z
2026-10-08T06:49:10Z,2026-10-08,08:49,4,Disneyland Park,Fantasyland,2711,Disneyland Railroad Fantasyland Station,0,0,2026-10-08T06:45:11Z
2026-10-08T06:49:10Z,2026-10-08,08:49,4,Disneyland Park,Fantasyland,11,Disneyland Railroad Main Street Station,0,0,2026-10-08T06:45:11Z
2026-10-08T06:49:10Z,2026-10-08,08:49,4,Disneyland Park,Fantasyland,18,Dumbo the Flying Elephant,1,5,2026-10-08T06:45:11Z
2026-10-08T06:49:10Z,2026-10-08,08:49,4,Disneyland Park,Fantasyland,2710,La Tanière du Dragon,1,0,2026-10-08T06:45:11Z
2026-10-08T06:49:10Z,2026-10-08,08:49,4,Disneyland Park,Fantasyland,16,Le Carrousel de Lancelot,0,0,2026-10-08T06:45:11Z
2026-10-08T06:49:10Z,2026-10-08,08:49,4,Disneyland Park,Fantasyland,21,"Le Pays des Contes de Fées, presented by Vittel",0,0,2026-10-08T06:45:11Z
2026-10-08T06:49:10Z,2026-10-08,08:49,4,Disneyland Park,Fantasyland,23,Les Voyages de Pinocchio,0,0,2026-10-08T06:45:11Z
2026-10-08T06:49:10Z,2026-10-08,08:49,4,Disneyland Park,Fantasyland,20,Mad Hatter's Tea Cups,0,0,2026-10-08T06:45:11Z
2026-10-08T06:49:10Z,2026-10-08,08:49,4,Disneyland Park,Fantasyland,13,Meet Mickey Mouse,0,0,2026-10-08T06:45:11Z
2026-10-08T06:49:10Z,2026-10-08,08:49,4,Disneyland Park,Fantasyland,22,Peter Pan's Flight,1,30,2026-10-08T06:45:11Z
2026-10-08T06:49:10Z,2026-10-08,08:49,4,Disneyland Park,Fantasyland,24,Princess Pavilion,0,0,2026-10-08T06:45:11Z
2026-10-08T06:49:10Z,2026-10-08,08:49,4,Disneyland Park,Frontierland,25,Big Thunder Mountain,0,0,2026-10-08T06:45:11Z
2026-10-08T06:49:10Z,2026-10-08,08:49,4,Disneyland Park,Frontierland,2714,Disneyland Railroad Frontierland Depot,0,0,2026-10-08T06:45:11Z
2026-10-08T06:49:10Z,2026-10-08,08:49,4,Disneyland Park,Frontierland,2713,Frontierland Playground,0,0,2026-10-08T06:45:11Z
2026-10-08T06:49:10Z,2026-10-08,08:49,4,Disneyland Park,Frontierland,26,Phantom Manor,0,0,2026-10-08T06:45:11Z
2026-10-08T06:49:10Z,2026-10-08,08:49,4,Disneyland Park,Frontierland,27,River Rogue Keelboats,0,0,2026-10-08T06:45:11Z
2026-10-08T06:49:10Z,2026-10-08,08:49,4,Disneyland Park,Frontierland,2712,Rustler Roundup Shootin' Gallery,1,0,2026-10-08T06:45:11Z
2026-10-08T06:49:10Z,2026-10-08,08:49,4,Disneyland Park,Frontierland,28,Thunder Mesa Riverboat Landing,0,0,2026-10-08T06:45:11Z
2026-10-08T06:49:10Z,2026-10-08,08:49,4,Disneyland Park,Main Street U.S.A,2708,Disneyland Railroad Main Street Station,0,0,2026-10-08T06:45:11Z
2026-10-08T06:49:10Z,2026-10-08,08:49,4,Disneyland Park,Main Street U.S.A,12,Main Street Vehicles,1,5,2026-10-08T06:45:11Z
2026-10-08T06:49:10Z,2026-10-08,08:49,28,Disney Adventure World,Marvel Avengers Campus,10848,Avengers Assemble: Flight Force,1,5,2026-10-08T06:45:11Z
2026-10-08T06:49:10Z,2026-10-08,08:49,28,Disney Adventure World,Marvel Avengers Campus,10849,Avengers Assemble: Flight Force Single Rider,1,5,2026-10-08T06:45:11Z
2026-10-08T06:49:10Z,2026-10-08,08:49,28,Disney Adventure World,Marvel Avengers Campus,10845,Spider-Man W.E.B. Adventure,1,5,2026-10-08T06:45:11Z
2026-10-08T06:49:10Z,2026-10-08,08:49,28,Disney Adventure World,Marvel Avengers Campus,10846,Spider-Man W.E.B. Adventure Single Rider,1,5,2026-10-08T06:45:11Z
2026-10-08T06:49:10Z,2026-10-08,08:49,28,Disney Adventure World,Production Courtyard,266,Meet Spider Man,0,0,2026-10-08T06:45:11Z
2026-10-08T06:49:10Z,2026-10-08,08:49,28,Disney Adventure World,Production Courtyard,40,The Twilight Zone Tower of Terror,1,5,2026-10-08T06:45:11Z
2026-10-08T06:49:10Z,2026-10-08,08:49,28,Disney Adventure World,Toon Studio,30,Art of Disney Animation,0,0,2026-10-08T06:45:11Z
2026-10-08T06:49:10Z,2026-10-08,08:49,28,Disney Adventure World,Toon Studio,31,Cars Quatre Roues Rallye,1,5,2026-10-08T06:45:11Z
2026-10-08T06:49:10Z,2026-10-08,08:49,28,Disney Adventure World,Toon Studio,29,Cars ROAD TRIP,0,0,2026-10-08T06:45:11Z
2026-10-08T06:49:10Z,2026-10-08,08:49,28,Disney Adventure World,Toon Studio,32,Crush's Coaster,0,0,2026-10-08T06:45:11Z
2026-10-08T06:49:10Z,2026-10-08,08:49,28,Disney Adventure World,Toon Studio,7277,Crush's Coaster Single Rider,0,0,2026-10-08T06:45:11Z
2026-10-08T06:49:10Z,2026-10-08,08:49,28,Disney Adventure World,Toon Studio,33,Les Tapis Volants - Flying Carpets Over Agrabah®,0,0,2026-10-08T06:45:11Z
2026-10-08T06:49:10Z,2026-10-08,08:49,28,Disney Adventure World,Toon Studio,37,Ratatouille : L’Aventure Totalement Toquée de Rémy​,1,5,2026-10-08T06:45:11Z
2026-10-08T06:49:10Z,2026-10-08,08:49,28,Disney Adventure World,Toon Studio,7279,Ratatouille: The Adventure Single Rider,1,5,2026-10-08T06:45:11Z
2026-10-08T06:49:10Z,2026-10-08,08:49,28,Disney Adventure World,Toon Studio,34,RC Racer,0,0,2026-10-08T06:45:11Z
2026-10-08T06:49:10Z,2026-10-08,08:49,28,Disney Adventure World,Toon Studio,7280,RC Racer Single Rider,0,0,2026-10-08T06:45:11Z
2026-10-08T06:49:10Z,2026-10-08,08:49,28,Disney Adventure World,Toon Studio,36,Slinky® Dog Zigzag Spin,1,5,2026-10-08T06:45:11Z
2026-10-08T06:49:10Z,2026-10-08,08:49,28,Disney Adventure World,Toon Studio,35,Toy Soldiers Parachute Drop,0,0,2026-10-08T06:45:11Z
2026-10-08T06:49:10Z,2026-10-08,08:49,28,Disney Adventure World,Toon Studio,7281,Toy Soldiers Parachute Drop Single Rider,0,0,2026-10-08T06:45:11Z
2026-10-08T06:49:10Z,2026-10-08,08:49,28,Disney Adventure World,World of Frozen,15413,Frozen Ever After,1,50,2026-10-08T06:45:11Z
2026-10-08T06:49:10Z,2026-10-08,08:49,28,Disney Adventure World,World of Frozen,15422,Frozen Ever After Single Rider,1,5,2026-10-08T06:45:11Z
2026-10-08T06:49:10Z,2026-10-08,08:49,28,Disney Adventure World,World of Frozen,15415,Raiponce Tangled Spin,1,5,2026-10-08T06:45:11Z
2026-10-08T07:04:10Z,2026-10-08,09:04,4,Disneyland Park,Adventureland,2702,Adventure Isle,0,0,2026-10-08T07:00:04Z
2026-10-08T07:04:10Z,2026-10-08,09:04,4,Disneyland Park,Adventureland,7306,Indiana Jones and the Temple of Peril Single Rider,0,0,2026-10-08T07:00:04Z
2026-10-08T07:04:10Z,2026-10-08,09:04,4,Disneyland Park,Adventureland,2,Indiana Jones™ and the Temple of Peril,0,0,2026-10-08T07:00:04Z
2026-10-08T07:04:10Z,2026-10-08,09:04,4,Disneyland Park,Adventureland,1,La Cabane des Robinson,0,0,2026-10-08T07:00:04Z
2026-10-08T07:04:10Z,2026-10-08,09:04,4,Disneyland Park,Adventureland,2703,Le Passage Enchanté d'Aladdin,0,0,2026-10-08T07:00:04Z
2026-10-08T07:04:10Z,2026-10-08,09:04,4,Disneyland Park,Adventureland,2705,Pirate Galleon,0,0,2026-10-08T07:00:04Z
2026-10-08T07:04:10Z,2026-10-08,09:04,4,Disneyland Park,Adventureland,3,Pirates of the Caribbean,0,0,2026-10-08T07:00:04Z
2026-10-08T07:04:10Z,2026-10-08,09:04,4,Disneyland Park,Adventureland,2704,Pirates' Beach,0,0,2026-10-08T07:00:04Z
2026-10-08T07:04:10Z,2026-10-08,09:04,4,Disneyland Park,Discoveryland,4,"Autopia, presented by Avis",0,0,2026-10-08T07:00:04Z
2026-10-08T07:04:10Z,2026-10-08,09:04,4,Disneyland Park,Discoveryland,5,Buzz Lightyear Laser Blast,0,0,2026-10-08T07:00:04Z
2026-10-08T07:04:10Z,2026-10-08,09:04,4,Disneyland Park,Discoveryland,2706,Disneyland Railroad Discoveryland Station,0,0,2026-10-08T07:00:04Z
2026-10-08T07:04:10Z,2026-10-08,09:04,4,Disneyland Park,Discoveryland,6,Les Mystères du Nautilus,0,0,2026-10-08T07:00:04Z
2026-10-08T07:04:10Z,2026-10-08,09:04,4,Disneyland Park,Discoveryland,2707,Mickey’s PhilharMagic,0,0,2026-10-08T07:00:04Z
2026-10-08T07:04:10Z,2026-10-08,09:04,4,Disneyland Park,Discoveryland,7,Orbitron®,0,0,2026-10-08T07:00:04Z
2026-10-08T07:04:10Z,2026-10-08,09:04,4,Disneyland Park,Discoveryland,9,Star Tours: The Adventures Continue*,1,5,2026-10-08T07:00:04Z
2026-10-08T07:04:10Z,2026-10-08,09:04,4,Disneyland Park,Discoveryland,8,Star Wars Hyperspace Mountain,1,5,2026-10-08T07:00:04Z
2026-10-08T07:04:10Z,2026-10-08,09:04,4,Disneyland Park,Discoveryland,7278,Star Wars Hyperspace Mountain Single Rider,1,0,2026-10-08T07:00:04Z
2026-10-08T07:04:10Z,2026-10-08,09:04,4,Disneyland Park,Discoveryland,4573,Welcome to Starport: A Star Wars Encounter,0,0,2026-10-08T07:00:04Z
2026-10-08T07:04:10Z,2026-10-08,09:04,4,Disneyland Park,Fantasyland,19,"""it's a small world""",0,0,2026-10-08T07:00:04Z
2026-10-08T07:04:10Z,2026-10-08,09:04,4,Disneyland Park,Fantasyland,14,Alice's Curious Labyrinth,0,0,2026-10-08T07:00:04Z
2026-10-08T07:04:10Z,2026-10-08,09:04,4,Disneyland Park,Fantasyland,15,Blanche-Neige et les Sept Nains®,0,0,2026-10-08T07:00:04Z
2026-10-08T07:04:10Z,2026-10-08,09:04,4,Disneyland Park,Fantasyland,17,Casey Jr. – le Petit Train du Cirque,0,0,2026-10-08T07:00:04Z
2026-10-08T07:04:10Z,2026-10-08,09:04,4,Disneyland Park,Fantasyland,2711,Disneyland Railroad Fantasyland Station,0,0,2026-10-08T07:00:04Z
2026-10-08T07:04:10Z,2026-10-08,09:04,4,Disneyland Park,Fantasyland,11,Disneyland Railroad Main Street Station,0,0,2026-10-08T07:00:04Z
2026-10-08T07:04:10Z,2026-10-08,09:04,4,Disneyland Park,Fantasyland,18,Dumbo the Flying Elephant,1,5,2026-10-08T07:00:04Z
2026-10-08T07:04:10Z,2026-10-08,09:04,4,Disneyland Park,Fantasyland,2710,La Tanière du Dragon,1,0,2026-10-08T07:00:04Z
2026-10-08T07:04:10Z,2026-10-08,09:04,4,Disneyland Park,Fantasyland,16,Le Carrousel de Lancelot,0,0,2026-10-08T07:00:04Z
2026-10-08T07:04:10Z,2026-10-08,09:04,4,Disneyland Park,Fantasyland,21,"Le Pays des Contes de Fées, presented by Vittel",0,0,2026-10-08T07:00:04Z
2026-10-08T07:04:10Z,2026-10-08,09:04,4,Disneyland Park,Fantasyland,23,Les Voyages de Pinocchio,0,0,2026-10-08T07:00:04Z
2026-10-08T07:04:10Z,2026-10-08,09:04,4,Disneyland Park,Fantasyland,20,Mad Hatter's Tea Cups,0,0,2026-10-08T07:00:04Z
2026-10-08T07:04:10Z,2026-10-08,09:04,4,Disneyland Park,Fantasyland,13,Meet Mickey Mouse,0,0,2026-10-08T07:00:04Z
2026-10-08T07:04:10Z,2026-10-08,09:04,4,Disneyland Park,Fantasyland,22,Peter Pan's Flight,1,60,2026-10-08T07:00:04Z
2026-10-08T07:04:10Z,2026-10-08,09:04,4,Disneyland Park,Fantasyland,24,Princess Pavilion,0,0,2026-10-08T07:00:04Z
2026-10-08T07:04:10Z,2026-10-08,09:04,4,Disneyland Park,Frontierland,25,Big Thunder Mountain,0,0,2026-10-08T07:00:04Z
2026-10-08T07:04:10Z,2026-10-08,09:04,4,Disneyland Park,Frontierland,2714,Disneyland Railroad Frontierland Depot,0,0,2026-10-08T07:00:04Z
2026-10-08T07:04:10Z,2026-10-08,09:04,4,Disneyland Park,Frontierland,2713,Frontierland Playground,0,0,2026-10-08T07:00:04Z
2026-10-08T07:04:10Z,2026-10-08,09:04,4,Disneyland Park,Frontierland,26,Phantom Manor,0,0,2026-10-08T07:00:04Z
2026-10-08T07:04:10Z,2026-10-08,09:04,4,Disneyland Park,Frontierland,27,River Rogue Keelboats,0,0,2026-10-08T07:00:04Z
2026-10-08T07:04:10Z,2026-10-08,09:04,4,Disneyland Park,Frontierland,2712,Rustler Roundup Shootin' Gallery,1,0,2026-10-08T07:00:04Z
2026-10-08T07:04:10Z,2026-10-08,09:04,4,Disneyland Park,Frontierland,28,Thunder Mesa Riverboat Landing,0,0,2026-10-08T07:00:04Z
2026-10-08T07:04:10Z,2026-10-08,09:04,4,Disneyland Park,Main Street U.S.A,2708,Disneyland Railroad Main Street Station,0,0,2026-10-08T07:00:04Z
2026-10-08T07:04:10Z,2026-10-08,09:04,4,Disneyland Park,Main Street U.S.A,12,Main Street Vehicles,1,5,2026-10-08T07:00:04Z
2026-10-08T07:04:10Z,2026-10-08,09:04,28,Disney Adventure World,Marvel Avengers Campus,10848,Avengers Assemble: Flight Force,1,5,2026-10-08T07:00:04Z
2026-10-08T07:04:10Z,2026-10-08,09:04,28,Disney Adventure World,Marvel Avengers Campus,10849,Avengers Assemble: Flight Force Single Rider,1,5,2026-10-08T07:00:04Z
2026-10-08T07:04:10Z,2026-10-08,09:04,28,Disney Adventure World,Marvel Avengers Campus,10845,Spider-Man W.E.B. Adventure,1,5,2026-10-08T07:00:04Z
2026-10-08T07:04:10Z,2026-10-08,09:04,28,Disney Adventure World,Marvel Avengers Campus,10846,Spider-Man W.E.B. Adventure Single Rider,1,5,2026-10-08T07:00:04Z
2026-10-08T07:04:10Z,2026-10-08,09:04,28,Disney Adventure World,Production Courtyard,266,Meet Spider Man,0,0,2026-10-08T07:00:04Z
2026-10-08T07:04:10Z,2026-10-08,09:04,28,Disney Adventure World,Production Courtyard,40,The Twilight Zone Tower of Terror,1,5,2026-10-08T07:00:04Z
2026-10-08T07:04:10Z,2026-10-08,09:04,28,Disney Adventure World,Toon Studio,30,Art of Disney Animation,0,0,2026-10-08T07:00:04Z
2026-10-08T07:04:10Z,2026-10-08,09:04,28,Disney Adventure World,Toon Studio,31,Cars Quatre Roues Rallye,1,5,2026-10-08T07:00:04Z
2026-10-08T07:04:10Z,2026-10-08,09:04,28,Disney Adventure World,Toon Studio,29,Cars ROAD TRIP,0,0,2026-10-08T07:00:04Z
2026-10-08T07:04:10Z,2026-10-08,09:04,28,Disney Adventure World,Toon Studio,32,Crush's Coaster,0,0,2026-10-08T07:00:04Z
2026-10-08T07:04:10Z,2026-10-08,09:04,28,Disney Adventure World,Toon Studio,7277,Crush's Coaster Single Rider,0,0,2026-10-08T07:00:04Z
2026-10-08T07:04:10Z,2026-10-08,09:04,28,Disney Adventure World,Toon Studio,33,Les Tapis Volants - Flying Carpets Over Agrabah®,0,0,2026-10-08T07:00:04Z
2026-10-08T07:04:10Z,2026-10-08,09:04,28,Disney Adventure World,Toon Studio,37,Ratatouille : L’Aventure Totalement Toquée de Rémy​,1,10,2026-10-08T07:00:04Z
2026-10-08T07:04:10Z,2026-10-08,09:04,28,Disney Adventure World,Toon Studio,7279,Ratatouille: The Adventure Single Rider,1,5,2026-10-08T07:00:04Z
2026-10-08T07:04:10Z,2026-10-08,09:04,28,Disney Adventure World,Toon Studio,34,RC Racer,0,0,2026-10-08T07:00:04Z
2026-10-08T07:04:10Z,2026-10-08,09:04,28,Disney Adventure World,Toon Studio,7280,RC Racer Single Rider,0,0,2026-10-08T07:00:04Z
2026-10-08T07:04:10Z,2026-10-08,09:04,28,Disney Adventure World,Toon Studio,36,Slinky® Dog Zigzag Spin,1,5,2026-10-08T07:00:04Z
2026-10-08T07:04:10Z,2026-10-08,09:04,28,Disney Adventure World,Toon Studio,35,Toy Soldiers Parachute Drop,0,0,2026-10-08T07:00:04Z
2026-10-08T07:04:10Z,2026-10-08,09:04,28,Disney Adventure World,Toon Studio,7281,Toy Soldiers Parachute Drop Single Rider,0,0,2026-10-08T07:00:04Z
2026-10-08T07:04:10Z,2026-10-08,09:04,28,Disney Adventure World,World of Frozen,15413,Frozen Ever After,1,55,2026-10-08T07:00:04Z
2026-10-08T07:04:10Z,2026-10-08,09:04,28,Disney Adventure World,World of Frozen,15422,Frozen Ever After Single Rider,1,5,2026-10-08T07:00:04Z
2026-10-08T07:04:10Z,2026-10-08,09:04,28,Disney Adventure World,World of Frozen,15415,Raiponce Tangled Spin,1,5,2026-10-08T07:00:04Z
2026-10-08T07:19:10Z,2026-10-08,09:19,4,Disneyland Park,Adventureland,2702,Adventure Isle,0,0,2026-10-08T07:15:05Z
2026-10-08T07:19:10Z,2026-10-08,09:19,4,Disneyland Park,Adventureland,7306,Indiana Jones and the Temple of Peril Single Rider,0,0,2026-10-08T07:15:05Z
2026-10-08T07:19:10Z,2026-10-08,09:19,4,Disneyland Park,Adventureland,2,Indiana Jones™ and the Temple of Peril,0,0,2026-10-08T07:15:05Z
2026-10-08T07:19:10Z,2026-10-08,09:19,4,Disneyland Park,Adventureland,1,La Cabane des Robinson,0,0,2026-10-08T07:15:05Z
2026-10-08T07:19:10Z,2026-10-08,09:19,4,Disneyland Park,Adventureland,2703,Le Passage Enchanté d'Aladdin,0,0,2026-10-08T07:15:05Z
2026-10-08T07:19:10Z,2026-10-08,09:19,4,Disneyland Park,Adventureland,2705,Pirate Galleon,0,0,2026-10-08T07:15:05Z
2026-10-08T07:19:10Z,2026-10-08,09:19,4,Disneyland Park,Adventureland,3,Pirates of the Caribbean,0,0,2026-10-08T07:15:05Z
2026-10-08T07:19:10Z,2026-10-08,09:19,4,Disneyland Park,Adventureland,2704,Pirates' Beach,0,0,2026-10-08T07:15:05Z
2026-10-08T07:19:10Z,2026-10-08,09:19,4,Disneyland Park,Discoveryland,4,"Autopia, presented by Avis",0,0,2026-10-08T07:15:05Z
2026-10-08T07:19:10Z,2026-10-08,09:19,4,Disneyland Park,Discoveryland,5,Buzz Lightyear Laser Blast,0,0,2026-10-08T07:15:05Z
2026-10-08T07:19:10Z,2026-10-08,09:19,4,Disneyland Park,Discoveryland,2706,Disneyland Railroad Discoveryland Station,0,0,2026-10-08T07:15:05Z
2026-10-08T07:19:10Z,2026-10-08,09:19,4,Disneyland Park,Discoveryland,6,Les Mystères du Nautilus,0,0,2026-10-08T07:15:05Z
2026-10-08T07:19:10Z,2026-10-08,09:19,4,Disneyland Park,Discoveryland,2707,Mickey’s PhilharMagic,0,0,2026-10-08T07:15:05Z
2026-10-08T07:19:10Z,2026-10-08,09:19,4,Disneyland Park,Discoveryland,7,Orbitron®,0,0,2026-10-08T07:15:05Z
2026-10-08T07:19:10Z,2026-10-08,09:19,4,Disneyland Park,Discoveryland,9,Star Tours: The Adventures Continue*,1,5,2026-10-08T07:15:05Z
2026-10-08T07:19:10Z,2026-10-08,09:19,4,Disneyland Park,Discoveryland,8,Star Wars Hyperspace Mountain,1,10,2026-10-08T07:15:05Z
2026-10-08T07:19:10Z,2026-10-08,09:19,4,Disneyland Park,Discoveryland,7278,Star Wars Hyperspace Mountain Single Rider,1,0,2026-10-08T07:15:05Z
2026-10-08T07:19:10Z,2026-10-08,09:19,4,Disneyland Park,Discoveryland,4573,Welcome to Starport: A Star Wars Encounter,0,0,2026-10-08T07:15:05Z
2026-10-08T07:19:10Z,2026-10-08,09:19,4,Disneyland Park,Fantasyland,19,"""it's a small world""",0,0,2026-10-08T07:15:05Z
2026-10-08T07:19:10Z,2026-10-08,09:19,4,Disneyland Park,Fantasyland,14,Alice's Curious Labyrinth,0,0,2026-10-08T07:15:05Z
2026-10-08T07:19:10Z,2026-10-08,09:19,4,Disneyland Park,Fantasyland,15,Blanche-Neige et les Sept Nains®,0,0,2026-10-08T07:15:05Z
2026-10-08T07:19:10Z,2026-10-08,09:19,4,Disneyland Park,Fantasyland,17,Casey Jr. – le Petit Train du Cirque,0,0,2026-10-08T07:15:05Z
2026-10-08T07:19:10Z,2026-10-08,09:19,4,Disneyland Park,Fantasyland,2711,Disneyland Railroad Fantasyland Station,0,0,2026-10-08T07:15:05Z
2026-10-08T07:19:10Z,2026-10-08,09:19,4,Disneyland Park,Fantasyland,11,Disneyland Railroad Main Street Station,0,0,2026-10-08T07:15:05Z
2026-10-08T07:19:10Z,2026-10-08,09:19,4,Disneyland Park,Fantasyland,18,Dumbo the Flying Elephant,1,25,2026-10-08T07:15:05Z
2026-10-08T07:19:10Z,2026-10-08,09:19,4,Disneyland Park,Fantasyland,2710,La Tanière du Dragon,1,0,2026-10-08T07:15:05Z
2026-10-08T07:19:10Z,2026-10-08,09:19,4,Disneyland Park,Fantasyland,16,Le Carrousel de Lancelot,0,0,2026-10-08T07:15:05Z
2026-10-08T07:19:10Z,2026-10-08,09:19,4,Disneyland Park,Fantasyland,21,"Le Pays des Contes de Fées, presented by Vittel",0,0,2026-10-08T07:15:05Z
2026-10-08T07:19:10Z,2026-10-08,09:19,4,Disneyland Park,Fantasyland,23,Les Voyages de Pinocchio,1,5,2026-10-08T07:15:05Z
2026-10-08T07:19:10Z,2026-10-08,09:19,4,Disneyland Park,Fantasyland,20,Mad Hatter's Tea Cups,0,0,2026-10-08T07:15:05Z
2026-10-08T07:19:10Z,2026-10-08,09:19,4,Disneyland Park,Fantasyland,13,Meet Mickey Mouse,0,0,2026-10-08T07:15:05Z
2026-10-08T07:19:10Z,2026-10-08,09:19,4,Disneyland Park,Fantasyland,22,Peter Pan's Flight,1,50,2026-10-08T07:15:05Z
2026-10-08T07:19:10Z,2026-10-08,09:19,4,Disneyland Park,Fantasyland,24,Princess Pavilion,0,0,2026-10-08T07:15:05Z
2026-10-08T07:19:10Z,2026-10-08,09:19,4,Disneyland Park,Frontierland,25,Big Thunder Mountain,0,0,2026-10-08T07:15:05Z
2026-10-08T07:19:10Z,2026-10-08,09:19,4,Disneyland Park,Frontierland,2714,Disneyland Railroad Frontierland Depot,0,0,2026-10-08T07:15:05Z
2026-10-08T07:19:10Z,2026-10-08,09:19,4,Disneyland Park,Frontierland,2713,Frontierland Playground,0,0,2026-10-08T07:15:05Z
2026-10-08T07:19:10Z,2026-10-08,09:19,4,Disneyland Park,Frontierland,26,Phantom Manor,0,0,2026-10-08T07:15:05Z
2026-10-08T07:19:10Z,2026-10-08,09:19,4,Disneyland Park,Frontierland,27,River Rogue Keelboats,0,0,2026-10-08T07:15:05Z
2026-10-08T07:19:10Z,2026-10-08,09:19,4,Disneyland Park,Frontierland,2712,Rustler Roundup Shootin' Gallery,1,0,2026-10-08T07:15:05Z
2026-10-08T07:19:10Z,2026-10-08,09:19,4,Disneyland Park,Frontierland,28,Thunder Mesa Riverboat Landing,0,0,2026-10-08T07:15:05Z
2026-10-08T07:19:10Z,2026-10-08,09:19,4,Disneyland Park,Main Street U.S.A,2708,Disneyland Railroad Main Street Station,0,0,2026-10-08T07:15:05Z
2026-10-08T07:19:10Z,2026-10-08,09:19,4,Disneyland Park,Main Street U.S.A,12,Main Street Vehicles,1,5,2026-10-08T07:15:05Z
2026-10-08T07:19:10Z,2026-10-08,09:19,28,Disney Adventure World,Marvel Avengers Campus,10848,Avengers Assemble: Flight Force,1,5,2026-10-08T07:15:05Z
2026-10-08T07:19:10Z,2026-10-08,09:19,28,Disney Adventure World,Marvel Avengers Campus,10849,Avengers Assemble: Flight Force Single Rider,1,5,2026-10-08T07:15:05Z
2026-10-08T07:19:10Z,2026-10-08,09:19,28,Disney Adventure World,Marvel Avengers Campus,10845,Spider-Man W.E.B. Adventure,1,5,2026-10-08T07:15:05Z
2026-10-08T07:19:10Z,2026-10-08,09:19,28,Disney Adventure World,Marvel Avengers Campus,10846,Spider-Man W.E.B. Adventure Single Rider,1,5,2026-10-08T07:15:05Z
2026-10-08T07:19:10Z,2026-10-08,09:19,28,Disney Adventure World,Production Courtyard,266,Meet Spider Man,0,0,2026-10-08T07:15:05Z
2026-10-08T07:19:10Z,2026-10-08,09:19,28,Disney Adventure World,Production Courtyard,40,The Twilight Zone Tower of Terror,1,5,2026-10-08T07:15:05Z
2026-10-08T07:19:10Z,2026-10-08,09:19,28,Disney Adventure World,Toon Studio,30,Art of Disney Animation,0,0,2026-10-08T07:15:05Z
2026-10-08T07:19:10Z,2026-10-08,09:19,28,Disney Adventure World,Toon Studio,31,Cars Quatre Roues Rallye,1,5,2026-10-08T07:15:05Z
2026-10-08T07:19:10Z,2026-10-08,09:19,28,Disney Adventure World,Toon Studio,29,Cars ROAD TRIP,0,0,2026-10-08T07:15:05Z
2026-10-08T07:19:10Z,2026-10-08,09:19,28,Disney Adventure World,Toon Studio,32,Crush's Coaster,0,0,2026-10-08T07:15:05Z
2026-10-08T07:19:10Z,2026-10-08,09:19,28,Disney Adventure World,Toon Studio,7277,Crush's Coaster Single Rider,0,0,2026-10-08T07:15:05Z
2026-10-08T07:19:10Z,2026-10-08,09:19,28,Disney Adventure World,Toon Studio,33,Les Tapis Volants - Flying Carpets Over Agrabah®,0,0,2026-10-08T07:15:05Z
2026-10-08T07:19:10Z,2026-10-08,09:19,28,Disney Adventure World,Toon Studio,37,Ratatouille : L’Aventure Totalement Toquée de Rémy​,1,20,2026-10-08T07:15:05Z
2026-10-08T07:19:10Z,2026-10-08,09:19,28,Disney Adventure World,Toon Studio,7279,Ratatouille: The Adventure Single Rider,1,5,2026-10-08T07:15:05Z
2026-10-08T07:19:10Z,2026-10-08,09:19,28,Disney Adventure World,Toon Studio,34,RC Racer,1,5,2026-10-08T07:15:05Z
2026-10-08T07:19:10Z,2026-10-08,09:19,28,Disney Adventure World,Toon Studio,7280,RC Racer Single Rider,1,0,2026-10-08T07:15:05Z
2026-10-08T07:19:10Z,2026-10-08,09:19,28,Disney Adventure World,Toon Studio,36,Slinky® Dog Zigzag Spin,1,5,2026-10-08T07:15:05Z
2026-10-08T07:19:10Z,2026-10-08,09:19,28,Disney Adventure World,Toon Studio,35,Toy Soldiers Parachute Drop,0,0,2026-10-08T07:15:05Z
2026-10-08T07:19:10Z,2026-10-08,09:19,28,Disney Adventure World,Toon Studio,7281,Toy Soldiers Parachute Drop Single Rider,0,0,2026-10-08T07:15:05Z
2026-10-08T07:19:10Z,2026-10-08,09:19,28,Disney Adventure World,World of Frozen,15413,Frozen Ever After,1,50,2026-10-08T07:15:05Z
2026-10-08T07:19:10Z,2026-10-08,09:19,28,Disney Adventure World,World of Frozen,15422,Frozen Ever After Single Rider,1,5,2026-10-08T07:15:05Z
2026-10-08T07:19:10Z,2026-10-08,09:19,28,Disney Adventure World,World of Frozen,15415,Raiponce Tangled Spin,1,5,2026-10-08T07:15:05Z
2026-10-08T07:34:10Z,2026-10-08,09:34,4,Disneyland Park,Adventureland,2702,Adventure Isle,0,0,2026-10-08T07:30:15Z
2026-10-08T07:34:10Z,2026-10-08,09:34,4,Disneyland Park,Adventureland,7306,Indiana Jones and the Temple of Peril Single Rider,1,5,2026-10-08T07:30:15Z
2026-10-08T07:34:10Z,2026-10-08,09:34,4,Disneyland Park,Adventureland,2,Indiana Jones™ and the Temple of Peril,1,5,2026-10-08T07:30:15Z
2026-10-08T07:34:10Z,2026-10-08,09:34,4,Disneyland Park,Adventureland,1,La Cabane des Robinson,1,5,2026-10-08T07:30:15Z
2026-10-08T07:34:10Z,2026-10-08,09:34,4,Disneyland Park,Adventureland,2703,Le Passage Enchanté d'Aladdin,0,0,2026-10-08T07:30:15Z
2026-10-08T07:34:10Z,2026-10-08,09:34,4,Disneyland Park,Adventureland,2705,Pirate Galleon,0,0,2026-10-08T07:30:15Z
2026-10-08T07:34:10Z,2026-10-08,09:34,4,Disneyland Park,Adventureland,3,Pirates of the Caribbean,1,5,2026-10-08T07:30:15Z
2026-10-08T07:34:10Z,2026-10-08,09:34,4,Disneyland Park,Adventureland,2704,Pirates' Beach,0,0,2026-10-08T07:30:15Z
2026-10-08T07:34:10Z,2026-10-08,09:34,4,Disneyland Park,Discoveryland,4,"Autopia, presented by Avis",1,5,2026-10-08T07:30:15Z
2026-10-08T07:34:10Z,2026-10-08,09:34,4,Disneyland Park,Discoveryland,5,Buzz Lightyear Laser Blast,0,0,2026-10-08T07:30:15Z
2026-10-08T07:34:10Z,2026-10-08,09:34,4,Disneyland Park,Discoveryland,2706,Disneyland Railroad Discoveryland Station,0,0,2026-10-08T07:30:15Z
2026-10-08T07:34:10Z,2026-10-08,09:34,4,Disneyland Park,Discoveryland,6,Les Mystères du Nautilus,1,0,2026-10-08T07:30:15Z
2026-10-08T07:34:10Z,2026-10-08,09:34,4,Disneyland Park,Discoveryland,2707,Mickey’s PhilharMagic,0,0,2026-10-08T07:30:15Z
2026-10-08T07:34:10Z,2026-10-08,09:34,4,Disneyland Park,Discoveryland,7,Orbitron®,0,0,2026-10-08T07:30:15Z
2026-10-08T07:34:10Z,2026-10-08,09:34,4,Disneyland Park,Discoveryland,9,Star Tours: The Adventures Continue*,1,5,2026-10-08T07:30:15Z
2026-10-08T07:34:10Z,2026-10-08,09:34,4,Disneyland Park,Discoveryland,8,Star Wars Hyperspace Mountain,1,20,2026-10-08T07:30:15Z
2026-10-08T07:34:10Z,2026-10-08,09:34,4,Disneyland Park,Discoveryland,7278,Star Wars Hyperspace Mountain Single Rider,1,0,2026-10-08T07:30:15Z
2026-10-08T07:34:10Z,2026-10-08,09:34,4,Disneyland Park,Discoveryland,4573,Welcome to Starport: A Star Wars Encounter,0,0,2026-10-08T07:30:15Z
2026-10-08T07:34:10Z,2026-10-08,09:34,4,Disneyland Park,Fantasyland,19,"""it's a small world""",1,5,2026-10-08T07:30:15Z
2026-10-08T07:34:10Z,2026-10-08,09:34,4,Disneyland Park,Fantasyland,14,Alice's Curious Labyrinth,1,5,2026-10-08T07:30:15Z
2026-10-08T07:34:10Z,2026-10-08,09:34,4,Disneyland Park,Fantasyland,15,Blanche-Neige et les Sept Nains®,0,0,2026-10-08T07:30:15Z
2026-10-08T07:34:10Z,2026-10-08,09:34,4,Disneyland Park,Fantasyland,17,Casey Jr. – le Petit Train du Cirque,0,0,2026-10-08T07:30:15Z
2026-10-08T07:34:10Z,2026-10-08,09:34,4,Disneyland Park,Fantasyland,2711,Disneyland Railroad Fantasyland Station,1,0,2026-10-08T07:30:15Z
2026-10-08T07:34:10Z,2026-10-08,09:34,4,Disneyland Park,Fantasyland,11,Disneyland Railroad Main Street Station,1,0,2026-10-08T07:30:15Z
2026-10-08T07:34:10Z,2026-10-08,09:34,4,Disneyland Park,Fantasyland,18,Dumbo the Flying Elephant,1,25,2026-10-08T07:30:15Z
2026-10-08T07:34:10Z,2026-10-08,09:34,4,Disneyland Park,Fantasyland,2710,La Tanière du Dragon,1,0,2026-10-08T07:30:15Z
2026-10-08T07:34:10Z,2026-10-08,09:34,4,Disneyland Park,Fantasyland,16,Le Carrousel de Lancelot,1,5,2026-10-08T07:30:15Z
2026-10-08T07:34:10Z,2026-10-08,09:34,4,Disneyland Park,Fantasyland,21,"Le Pays des Contes de Fées, presented by Vittel",0,0,2026-10-08T07:30:15Z
2026-10-08T07:34:10Z,2026-10-08,09:34,4,Disneyland Park,Fantasyland,23,Les Voyages de Pinocchio,1,10,2026-10-08T07:30:15Z
2026-10-08T07:34:10Z,2026-10-08,09:34,4,Disneyland Park,Fantasyland,20,Mad Hatter's Tea Cups,1,0,2026-10-08T07:30:15Z
2026-10-08T07:34:10Z,2026-10-08,09:34,4,Disneyland Park,Fantasyland,13,Meet Mickey Mouse,0,0,2026-10-08T07:30:15Z
2026-10-08T07:34:10Z,2026-10-08,09:34,4,Disneyland Park,Fantasyland,22,Peter Pan's Flight,1,50,2026-10-08T07:30:15Z
2026-10-08T07:34:10Z,2026-10-08,09:34,4,Disneyland Park,Fantasyland,24,Princess Pavilion,0,0,2026-10-08T07:30:15Z
2026-10-08T07:34:10Z,2026-10-08,09:34,4,Disneyland Park,Frontierland,25,Big Thunder Mountain,0,0,2026-10-08T07:30:15Z
2026-10-08T07:34:10Z,2026-10-08,09:34,4,Disneyland Park,Frontierland,2714,Disneyland Railroad Frontierland Depot,0,0,2026-10-08T07:30:15Z
2026-10-08T07:34:10Z,2026-10-08,09:34,4,Disneyland Park,Frontierland,2713,Frontierland Playground,1,0,2026-10-08T07:30:15Z
2026-10-08T07:34:10Z,2026-10-08,09:34,4,Disneyland Park,Frontierland,26,Phantom Manor,1,5,2026-10-08T07:30:15Z
2026-10-08T07:34:10Z,2026-10-08,09:34,4,Disneyland Park,Frontierland,27,River Rogue Keelboats,0,0,2026-10-08T07:30:15Z
2026-10-08T07:34:10Z,2026-10-08,09:34,4,Disneyland Park,Frontierland,2712,Rustler Roundup Shootin' Gallery,1,0,2026-10-08T07:30:15Z
2026-10-08T07:34:10Z,2026-10-08,09:34,4,Disneyland Park,Frontierland,28,Thunder Mesa Riverboat Landing,0,0,2026-10-08T07:30:15Z
2026-10-08T07:34:10Z,2026-10-08,09:34,4,Disneyland Park,Main Street U.S.A,2708,Disneyland Railroad Main Street Station,1,0,2026-10-08T07:30:15Z
2026-10-08T07:34:10Z,2026-10-08,09:34,4,Disneyland Park,Main Street U.S.A,12,Main Street Vehicles,1,5,2026-10-08T07:30:15Z
2026-10-08T07:34:10Z,2026-10-08,09:34,28,Disney Adventure World,Marvel Avengers Campus,10848,Avengers Assemble: Flight Force,1,5,2026-10-08T07:30:15Z
2026-10-08T07:34:10Z,2026-10-08,09:34,28,Disney Adventure World,Marvel Avengers Campus,10849,Avengers Assemble: Flight Force Single Rider,1,5,2026-10-08T07:30:15Z
2026-10-08T07:34:10Z,2026-10-08,09:34,28,Disney Adventure World,Marvel Avengers Campus,10845,Spider-Man W.E.B. Adventure,1,10,2026-10-08T07:30:15Z
2026-10-08T07:34:10Z,2026-10-08,09:34,28,Disney Adventure World,Marvel Avengers Campus,10846,Spider-Man W.E.B. Adventure Single Rider,1,5,2026-10-08T07:30:15Z
2026-10-08T07:34:10Z,2026-10-08,09:34,28,Disney Adventure World,Production Courtyard,266,Meet Spider Man,0,0,2026-10-08T07:30:15Z
2026-10-08T07:34:10Z,2026-10-08,09:34,28,Disney Adventure World,Production Courtyard,40,The Twilight Zone Tower of Terror,1,5,2026-10-08T07:30:15Z
2026-10-08T07:34:10Z,2026-10-08,09:34,28,Disney Adventure World,Toon Studio,30,Art of Disney Animation,0,0,2026-10-08T07:30:15Z
2026-10-08T07:34:10Z,2026-10-08,09:34,28,Disney Adventure World,Toon Studio,31,Cars Quatre Roues Rallye,1,5,2026-10-08T07:30:15Z
2026-10-08T07:34:10Z,2026-10-08,09:34,28,Disney Adventure World,Toon Studio,29,Cars ROAD TRIP,0,0,2026-10-08T07:30:15Z
2026-10-08T07:34:10Z,2026-10-08,09:34,28,Disney Adventure World,Toon Studio,32,Crush's Coaster,0,0,2026-10-08T07:30:15Z
2026-10-08T07:34:10Z,2026-10-08,09:34,28,Disney Adventure World,Toon Studio,7277,Crush's Coaster Single Rider,0,0,2026-10-08T07:30:15Z
2026-10-08T07:34:10Z,2026-10-08,09:34,28,Disney Adventure World,Toon Studio,33,Les Tapis Volants - Flying Carpets Over Agrabah®,1,5,2026-10-08T07:30:15Z
2026-10-08T07:34:10Z,2026-10-08,09:34,28,Disney Adventure World,Toon Studio,37,Ratatouille : L’Aventure Totalement Toquée de Rémy​,1,25,2026-10-08T07:30:15Z
2026-10-08T07:34:10Z,2026-10-08,09:34,28,Disney Adventure World,Toon Studio,7279,Ratatouille: The Adventure Single Rider,1,5,2026-10-08T07:30:15Z
2026-10-08T07:34:10Z,2026-10-08,09:34,28,Disney Adventure World,Toon Studio,34,RC Racer,1,5,2026-10-08T07:30:15Z
2026-10-08T07:34:10Z,2026-10-08,09:34,28,Disney Adventure World,Toon Studio,7280,RC Racer Single Rider,1,0,2026-10-08T07:30:15Z
2026-10-08T07:34:10Z,2026-10-08,09:34,28,Disney Adventure World,Toon Studio,36,Slinky® Dog Zigzag Spin,1,5,2026-10-08T07:30:15Z
2026-10-08T07:34:10Z,2026-10-08,09:34,28,Disney Adventure World,Toon Studio,35,Toy Soldiers Parachute Drop,1,5,2026-10-08T07:30:15Z
2026-10-08T07:34:10Z,2026-10-08,09:34,28,Disney Adventure World,Toon Studio,7281,Toy Soldiers Parachute Drop Single Rider,1,0,2026-10-08T07:30:15Z
2026-10-08T07:34:10Z,2026-10-08,09:34,28,Disney Adventure World,World of Frozen,15413,Frozen Ever After,1,60,2026-10-08T07:30:15Z
2026-10-08T07:34:10Z,2026-10-08,09:34,28,Disney Adventure World,World of Frozen,15422,Frozen Ever After Single Rider,1,15,2026-10-08T07:30:15Z
2026-10-08T07:34:10Z,2026-10-08,09:34,28,Disney Adventure World,World of Frozen,15415,Raiponce Tangled Spin,1,5,2026-10-08T07:30:15Z
2026-10-08T07:49:10Z,2026-10-08,09:49,4,Disneyland Park,Adventureland,2702,Adventure Isle,1,0,2026-10-08T07:45:24Z
2026-10-08T07:49:10Z,2026-10-08,09:49,4,Disneyland Park,Adventureland,7306,Indiana Jones and the Temple of Peril Single Rider,1,5,2026-10-08T07:45:24Z
2026-10-08T07:49:10Z,2026-10-08,09:49,4,Disneyland Park,Adventureland,2,Indiana Jones™ and the Temple of Peril,1,5,2026-10-08T07:45:24Z
2026-10-08T07:49:10Z,2026-10-08,09:49,4,Disneyland Park,Adventureland,1,La Cabane des Robinson,1,5,2026-10-08T07:45:24Z
2026-10-08T07:49:10Z,2026-10-08,09:49,4,Disneyland Park,Adventureland,2703,Le Passage Enchanté d'Aladdin,1,0,2026-10-08T07:45:24Z
2026-10-08T07:49:10Z,2026-10-08,09:49,4,Disneyland Park,Adventureland,2705,Pirate Galleon,0,0,2026-10-08T07:45:24Z
2026-10-08T07:49:10Z,2026-10-08,09:49,4,Disneyland Park,Adventureland,3,Pirates of the Caribbean,0,0,2026-10-08T07:45:24Z
2026-10-08T07:49:10Z,2026-10-08,09:49,4,Disneyland Park,Adventureland,2704,Pirates' Beach,0,0,2026-10-08T07:45:24Z
2026-10-08T07:49:10Z,2026-10-08,09:49,4,Disneyland Park,Discoveryland,4,"Autopia, presented by Avis",1,35,2026-10-08T07:45:24Z
2026-10-08T07:49:10Z,2026-10-08,09:49,4,Disneyland Park,Discoveryland,5,Buzz Lightyear Laser Blast,0,0,2026-10-08T07:45:24Z
2026-10-08T07:49:10Z,2026-10-08,09:49,4,Disneyland Park,Discoveryland,2706,Disneyland Railroad Discoveryland Station,0,0,2026-10-08T07:45:24Z
2026-10-08T07:49:10Z,2026-10-08,09:49,4,Disneyland Park,Discoveryland,6,Les Mystères du Nautilus,1,5,2026-10-08T07:45:24Z
2026-10-08T07:49:10Z,2026-10-08,09:49,4,Disneyland Park,Discoveryland,2707,Mickey’s PhilharMagic,0,0,2026-10-08T07:45:24Z
2026-10-08T07:49:10Z,2026-10-08,09:49,4,Disneyland Park,Discoveryland,7,Orbitron®,1,25,2026-10-08T07:45:24Z
2026-10-08T07:49:10Z,2026-10-08,09:49,4,Disneyland Park,Discoveryland,9,Star Tours: The Adventures Continue*,1,5,2026-10-08T07:45:24Z
2026-10-08T07:49:10Z,2026-10-08,09:49,4,Disneyland Park,Discoveryland,8,Star Wars Hyperspace Mountain,1,15,2026-10-08T07:45:24Z
2026-10-08T07:49:10Z,2026-10-08,09:49,4,Disneyland Park,Discoveryland,7278,Star Wars Hyperspace Mountain Single Rider,1,0,2026-10-08T07:45:24Z
2026-10-08T07:49:10Z,2026-10-08,09:49,4,Disneyland Park,Discoveryland,4573,Welcome to Starport: A Star Wars Encounter,0,0,2026-10-08T07:45:24Z
2026-10-08T07:49:10Z,2026-10-08,09:49,4,Disneyland Park,Fantasyland,19,"""it's a small world""",1,5,2026-10-08T07:45:24Z
2026-10-08T07:49:10Z,2026-10-08,09:49,4,Disneyland Park,Fantasyland,14,Alice's Curious Labyrinth,1,5,2026-10-08T07:45:24Z
2026-10-08T07:49:10Z,2026-10-08,09:49,4,Disneyland Park,Fantasyland,15,Blanche-Neige et les Sept Nains®,1,10,2026-10-08T07:45:24Z
2026-10-08T07:49:10Z,2026-10-08,09:49,4,Disneyland Park,Fantasyland,17,Casey Jr. – le Petit Train du Cirque,1,5,2026-10-08T07:45:24Z
2026-10-08T07:49:10Z,2026-10-08,09:49,4,Disneyland Park,Fantasyland,2711,Disneyland Railroad Fantasyland Station,1,20,2026-10-08T07:45:24Z
2026-10-08T07:49:10Z,2026-10-08,09:49,4,Disneyland Park,Fantasyland,11,Disneyland Railroad Main Street Station,1,5,2026-10-08T07:45:24Z
2026-10-08T07:49:10Z,2026-10-08,09:49,4,Disneyland Park,Fantasyland,18,Dumbo the Flying Elephant,1,15,2026-10-08T07:45:24Z
2026-10-08T07:49:10Z,2026-10-08,09:49,4,Disneyland Park,Fantasyland,2710,La Tanière du Dragon,1,0,2026-10-08T07:45:24Z
2026-10-08T07:49:10Z,2026-10-08,09:49,4,Disneyland Park,Fantasyland,16,Le Carrousel de Lancelot,1,5,2026-10-08T07:45:24Z
2026-10-08T07:49:10Z,2026-10-08,09:49,4,Disneyland Park,Fantasyland,21,"Le Pays des Contes de Fées, presented by Vittel",0,0,2026-10-08T07:45:24Z
2026-10-08T07:49:10Z,2026-10-08,09:49,4,Disneyland Park,Fantasyland,23,Les Voyages de Pinocchio,1,10,2026-10-08T07:45:24Z
2026-10-08T07:49:10Z,2026-10-08,09:49,4,Disneyland Park,Fantasyland,20,Mad Hatter's Tea Cups,1,5,2026-10-08T07:45:24Z
2026-10-08T07:49:10Z,2026-10-08,09:49,4,Disneyland Park,Fantasyland,13,Meet Mickey Mouse,0,0,2026-10-08T07:45:24Z
2026-10-08T07:49:10Z,2026-10-08,09:49,4,Disneyland Park,Fantasyland,22,Peter Pan's Flight,1,50,2026-10-08T07:45:24Z
2026-10-08T07:49:10Z,2026-10-08,09:49,4,Disneyland Park,Fantasyland,24,Princess Pavilion,0,0,2026-10-08T07:45:24Z
2026-10-08T07:49:10Z,2026-10-08,09:49,4,Disneyland Park,Frontierland,25,Big Thunder Mountain,1,30,2026-10-08T07:45:24Z
2026-10-08T07:49:10Z,2026-10-08,09:49,4,Disneyland Park,Frontierland,2714,Disneyland Railroad Frontierland Depot,0,0,2026-10-08T07:45:24Z
2026-10-08T07:49:10Z,2026-10-08,09:49,4,Disneyland Park,Frontierland,2713,Frontierland Playground,1,0,2026-10-08T07:45:24Z
2026-10-08T07:49:10Z,2026-10-08,09:49,4,Disneyland Park,Frontierland,26,Phantom Manor,1,5,2026-10-08T07:45:24Z
2026-10-08T07:49:10Z,2026-10-08,09:49,4,Disneyland Park,Frontierland,27,River Rogue Keelboats,0,0,2026-10-08T07:45:24Z
2026-10-08T07:49:10Z,2026-10-08,09:49,4,Disneyland Park,Frontierland,2712,Rustler Roundup Shootin' Gallery,1,0,2026-10-08T07:45:24Z
2026-10-08T07:49:10Z,2026-10-08,09:49,4,Disneyland Park,Frontierland,28,Thunder Mesa Riverboat Landing,0,0,2026-10-08T07:45:24Z
2026-10-08T07:49:10Z,2026-10-08,09:49,4,Disneyland Park,Main Street U.S.A,2708,Disneyland Railroad Main Street Station,1,5,2026-10-08T07:45:24Z
2026-10-08T07:49:10Z,2026-10-08,09:49,4,Disneyland Park,Main Street U.S.A,12,Main Street Vehicles,1,5,2026-10-08T07:45:24Z
2026-10-08T07:49:10Z,2026-10-08,09:49,28,Disney Adventure World,Marvel Avengers Campus,10848,Avengers Assemble: Flight Force,1,5,2026-10-08T07:45:24Z
2026-10-08T07:49:10Z,2026-10-08,09:49,28,Disney Adventure World,Marvel Avengers Campus,10849,Avengers Assemble: Flight Force Single Rider,1,5,2026-10-08T07:45:24Z
2026-10-08T07:49:10Z,2026-10-08,09:49,28,Disney Adventure World,Marvel Avengers Campus,10845,Spider-Man W.E.B. Adventure,1,30,2026-10-08T07:45:24Z
2026-10-08T07:49:10Z,2026-10-08,09:49,28,Disney Adventure World,Marvel Avengers Campus,10846,Spider-Man W.E.B. Adventure Single Rider,1,5,2026-10-08T07:45:24Z
2026-10-08T07:49:10Z,2026-10-08,09:49,28,Disney Adventure World,Production Courtyard,266,Meet Spider Man,0,0,2026-10-08T07:45:24Z
2026-10-08T07:49:10Z,2026-10-08,09:49,28,Disney Adventure World,Production Courtyard,40,The Twilight Zone Tower of Terror,1,10,2026-10-08T07:45:24Z
2026-10-08T07:49:10Z,2026-10-08,09:49,28,Disney Adventure World,Toon Studio,30,Art of Disney Animation,0,0,2026-10-08T07:45:24Z
2026-10-08T07:49:10Z,2026-10-08,09:49,28,Disney Adventure World,Toon Studio,31,Cars Quatre Roues Rallye,1,5,2026-10-08T07:45:24Z
2026-10-08T07:49:10Z,2026-10-08,09:49,28,Disney Adventure World,Toon Studio,29,Cars ROAD TRIP,1,10,2026-10-08T07:45:24Z
2026-10-08T07:49:10Z,2026-10-08,09:49,28,Disney Adventure World,Toon Studio,32,Crush's Coaster,0,0,2026-10-08T07:45:24Z
2026-10-08T07:49:10Z,2026-10-08,09:49,28,Disney Adventure World,Toon Studio,7277,Crush's Coaster Single Rider,0,0,2026-10-08T07:45:24Z
2026-10-08T07:49:10Z,2026-10-08,09:49,28,Disney Adventure World,Toon Studio,33,Les Tapis Volants - Flying Carpets Over Agrabah®,1,5,2026-10-08T07:45:24Z
2026-10-08T07:49:10Z,2026-10-08,09:49,28,Disney Adventure World,Toon Studio,37,Ratatouille : L’Aventure Totalement Toquée de Rémy​,1,45,2026-10-08T07:45:24Z
2026-10-08T07:49:10Z,2026-10-08,09:49,28,Disney Adventure World,Toon Studio,7279,Ratatouille: The Adventure Single Rider,1,5,2026-10-08T07:45:24Z
2026-10-08T07:49:10Z,2026-10-08,09:49,28,Disney Adventure World,Toon Studio,34,RC Racer,1,20,2026-10-08T07:45:24Z
2026-10-08T07:49:10Z,2026-10-08,09:49,28,Disney Adventure World,Toon Studio,7280,RC Racer Single Rider,1,10,2026-10-08T07:45:24Z
2026-10-08T07:49:10Z,2026-10-08,09:49,28,Disney Adventure World,Toon Studio,36,Slinky® Dog Zigzag Spin,1,5,2026-10-08T07:45:24Z
2026-10-08T07:49:10Z,2026-10-08,09:49,28,Disney Adventure World,Toon Studio,35,Toy Soldiers Parachute Drop,1,35,2026-10-08T07:45:24Z
2026-10-08T07:49:10Z,2026-10-08,09:49,28,Disney Adventure World,Toon Studio,7281,Toy Soldiers Parachute Drop Single Rider,1,5,2026-10-08T07:45:24Z
2026-10-08T07:49:10Z,2026-10-08,09:49,28,Disney Adventure World,World of Frozen,15413,Frozen Ever After,1,65,2026-10-08T07:45:24Z
2026-10-08T07:49:10Z,2026-10-08,09:49,28,Disney Adventure World,World of Frozen,15422,Frozen Ever After Single Rider,1,30,2026-10-08T07:45:24Z
2026-10-08T07:49:10Z,2026-10-08,09:49,28,Disney Adventure World,World of Frozen,15415,Raiponce Tangled Spin,1,5,2026-10-08T07:45:24Z
2026-10-08T08:04:11Z,2026-10-08,10:04,4,Disneyland Park,Adventureland,2702,Adventure Isle,1,0,2026-10-08T08:00:07Z
2026-10-08T08:04:11Z,2026-10-08,10:04,4,Disneyland Park,Adventureland,7306,Indiana Jones and the Temple of Peril Single Rider,1,5,2026-10-08T08:00:07Z
2026-10-08T08:04:11Z,2026-10-08,10:04,4,Disneyland Park,Adventureland,2,Indiana Jones™ and the Temple of Peril,1,5,2026-10-08T08:00:07Z
2026-10-08T08:04:11Z,2026-10-08,10:04,4,Disneyland Park,Adventureland,1,La Cabane des Robinson,1,5,2026-10-08T08:00:07Z
2026-10-08T08:04:11Z,2026-10-08,10:04,4,Disneyland Park,Adventureland,2703,Le Passage Enchanté d'Aladdin,1,0,2026-10-08T08:00:07Z
2026-10-08T08:04:11Z,2026-10-08,10:04,4,Disneyland Park,Adventureland,2705,Pirate Galleon,0,0,2026-10-08T08:00:07Z
2026-10-08T08:04:11Z,2026-10-08,10:04,4,Disneyland Park,Adventureland,3,Pirates of the Caribbean,0,0,2026-10-08T08:00:07Z
2026-10-08T08:04:11Z,2026-10-08,10:04,4,Disneyland Park,Adventureland,2704,Pirates' Beach,0,0,2026-10-08T08:00:07Z
2026-10-08T08:04:11Z,2026-10-08,10:04,4,Disneyland Park,Discoveryland,4,"Autopia, presented by Avis",1,30,2026-10-08T08:00:07Z
2026-10-08T08:04:11Z,2026-10-08,10:04,4,Disneyland Park,Discoveryland,5,Buzz Lightyear Laser Blast,0,0,2026-10-08T08:00:07Z
2026-10-08T08:04:11Z,2026-10-08,10:04,4,Disneyland Park,Discoveryland,2706,Disneyland Railroad Discoveryland Station,0,0,2026-10-08T08:00:07Z
2026-10-08T08:04:11Z,2026-10-08,10:04,4,Disneyland Park,Discoveryland,6,Les Mystères du Nautilus,1,5,2026-10-08T08:00:07Z
2026-10-08T08:04:11Z,2026-10-08,10:04,4,Disneyland Park,Discoveryland,2707,Mickey’s PhilharMagic,0,0,2026-10-08T08:00:07Z
2026-10-08T08:04:11Z,2026-10-08,10:04,4,Disneyland Park,Discoveryland,7,Orbitron®,1,40,2026-10-08T08:00:07Z
2026-10-08T08:04:11Z,2026-10-08,10:04,4,Disneyland Park,Discoveryland,9,Star Tours: The Adventures Continue*,1,5,2026-10-08T08:00:07Z
2026-10-08T08:04:11Z,2026-10-08,10:04,4,Disneyland Park,Discoveryland,8,Star Wars Hyperspace Mountain,1,20,2026-10-08T08:00:07Z
2026-10-08T08:04:11Z,2026-10-08,10:04,4,Disneyland Park,Discoveryland,7278,Star Wars Hyperspace Mountain Single Rider,1,5,2026-10-08T08:00:07Z
2026-10-08T08:04:11Z,2026-10-08,10:04,4,Disneyland Park,Discoveryland,4573,Welcome to Starport: A Star Wars Encounter,1,0,2026-10-08T08:00:07Z
2026-10-08T08:04:11Z,2026-10-08,10:04,4,Disneyland Park,Fantasyland,19,"""it's a small world""",1,5,2026-10-08T08:00:07Z
2026-10-08T08:04:11Z,2026-10-08,10:04,4,Disneyland Park,Fantasyland,14,Alice's Curious Labyrinth,1,5,2026-10-08T08:00:07Z
2026-10-08T08:04:11Z,2026-10-08,10:04,4,Disneyland Park,Fantasyland,15,Blanche-Neige et les Sept Nains®,1,10,2026-10-08T08:00:07Z
2026-10-08T08:04:11Z,2026-10-08,10:04,4,Disneyland Park,Fantasyland,17,Casey Jr. – le Petit Train du Cirque,1,5,2026-10-08T08:00:07Z
2026-10-08T08:04:11Z,2026-10-08,10:04,4,Disneyland Park,Fantasyland,2711,Disneyland Railroad Fantasyland Station,1,20,2026-10-08T08:00:07Z
2026-10-08T08:04:11Z,2026-10-08,10:04,4,Disneyland Park,Fantasyland,11,Disneyland Railroad Main Street Station,1,5,2026-10-08T08:00:07Z
2026-10-08T08:04:11Z,2026-10-08,10:04,4,Disneyland Park,Fantasyland,18,Dumbo the Flying Elephant,1,15,2026-10-08T08:00:07Z
2026-10-08T08:04:11Z,2026-10-08,10:04,4,Disneyland Park,Fantasyland,2710,La Tanière du Dragon,1,0,2026-10-08T08:00:07Z
2026-10-08T08:04:11Z,2026-10-08,10:04,4,Disneyland Park,Fantasyland,16,Le Carrousel de Lancelot,1,5,2026-10-08T08:00:07Z
2026-10-08T08:04:11Z,2026-10-08,10:04,4,Disneyland Park,Fantasyland,21,"Le Pays des Contes de Fées, presented by Vittel",1,5,2026-10-08T08:00:07Z
2026-10-08T08:04:11Z,2026-10-08,10:04,4,Disneyland Park,Fantasyland,23,Les Voyages de Pinocchio,1,10,2026-10-08T08:00:07Z
2026-10-08T08:04:11Z,2026-10-08,10:04,4,Disneyland Park,Fantasyland,20,Mad Hatter's Tea Cups,1,5,2026-10-08T08:00:07Z
2026-10-08T08:04:11Z,2026-10-08,10:04,4,Disneyland Park,Fantasyland,13,Meet Mickey Mouse,1,0,2026-10-08T08:00:07Z
2026-10-08T08:04:11Z,2026-10-08,10:04,4,Disneyland Park,Fantasyland,22,Peter Pan's Flight,1,50,2026-10-08T08:00:07Z
2026-10-08T08:04:11Z,2026-10-08,10:04,4,Disneyland Park,Fantasyland,24,Princess Pavilion,1,0,2026-10-08T08:00:07Z
2026-10-08T08:04:11Z,2026-10-08,10:04,4,Disneyland Park,Frontierland,25,Big Thunder Mountain,1,50,2026-10-08T08:00:07Z
2026-10-08T08:04:11Z,2026-10-08,10:04,4,Disneyland Park,Frontierland,2714,Disneyland Railroad Frontierland Depot,0,0,2026-10-08T08:00:07Z
2026-10-08T08:04:11Z,2026-10-08,10:04,4,Disneyland Park,Frontierland,2713,Frontierland Playground,1,0,2026-10-08T08:00:07Z
2026-10-08T08:04:11Z,2026-10-08,10:04,4,Disneyland Park,Frontierland,26,Phantom Manor,1,5,2026-10-08T08:00:07Z
2026-10-08T08:04:11Z,2026-10-08,10:04,4,Disneyland Park,Frontierland,27,River Rogue Keelboats,0,0,2026-10-08T08:00:07Z
2026-10-08T08:04:11Z,2026-10-08,10:04,4,Disneyland Park,Frontierland,2712,Rustler Roundup Shootin' Gallery,1,0,2026-10-08T08:00:07Z
2026-10-08T08:04:11Z,2026-10-08,10:04,4,Disneyland Park,Frontierland,28,Thunder Mesa Riverboat Landing,0,0,2026-10-08T08:00:07Z
2026-10-08T08:04:11Z,2026-10-08,10:04,4,Disneyland Park,Main Street U.S.A,2708,Disneyland Railroad Main Street Station,1,5,2026-10-08T08:00:07Z
2026-10-08T08:04:11Z,2026-10-08,10:04,4,Disneyland Park,Main Street U.S.A,12,Main Street Vehicles,0,0,2026-10-08T08:00:07Z
2026-10-08T08:04:11Z,2026-10-08,10:04,28,Disney Adventure World,Marvel Avengers Campus,10848,Avengers Assemble: Flight Force,1,5,2026-10-08T08:00:07Z
2026-10-08T08:04:11Z,2026-10-08,10:04,28,Disney Adventure World,Marvel Avengers Campus,10849,Avengers Assemble: Flight Force Single Rider,1,5,2026-10-08T08:00:07Z
2026-10-08T08:04:11Z,2026-10-08,10:04,28,Disney Adventure World,Marvel Avengers Campus,10845,Spider-Man W.E.B. Adventure,1,30,2026-10-08T08:00:07Z
2026-10-08T08:04:11Z,2026-10-08,10:04,28,Disney Adventure World,Marvel Avengers Campus,10846,Spider-Man W.E.B. Adventure Single Rider,1,5,2026-10-08T08:00:07Z
2026-10-08T08:04:11Z,2026-10-08,10:04,28,Disney Adventure World,Production Courtyard,266,Meet Spider Man,0,0,2026-10-08T08:00:07Z
2026-10-08T08:04:11Z,2026-10-08,10:04,28,Disney Adventure World,Production Courtyard,40,The Twilight Zone Tower of Terror,1,10,2026-10-08T08:00:07Z
2026-10-08T08:04:11Z,2026-10-08,10:04,28,Disney Adventure World,Toon Studio,30,Art of Disney Animation,0,0,2026-10-08T08:00:07Z
2026-10-08T08:04:11Z,2026-10-08,10:04,28,Disney Adventure World,Toon Studio,31,Cars Quatre Roues Rallye,1,5,2026-10-08T08:00:07Z
2026-10-08T08:04:11Z,2026-10-08,10:04,28,Disney Adventure World,Toon Studio,29,Cars ROAD TRIP,1,5,2026-10-08T08:00:07Z
2026-10-08T08:04:11Z,2026-10-08,10:04,28,Disney Adventure World,Toon Studio,32,Crush's Coaster,0,0,2026-10-08T08:00:07Z
2026-10-08T08:04:11Z,2026-10-08,10:04,28,Disney Adventure World,Toon Studio,7277,Crush's Coaster Single Rider,0,0,2026-10-08T08:00:07Z
2026-10-08T08:04:11Z,2026-10-08,10:04,28,Disney Adventure World,Toon Studio,33,Les Tapis Volants - Flying Carpets Over Agrabah®,1,5,2026-10-08T08:00:07Z
2026-10-08T08:04:11Z,2026-10-08,10:04,28,Disney Adventure World,Toon Studio,37,Ratatouille : L’Aventure Totalement Toquée de Rémy​,1,45,2026-10-08T08:00:07Z
2026-10-08T08:04:11Z,2026-10-08,10:04,28,Disney Adventure World,Toon Studio,7279,Ratatouille: The Adventure Single Rider,1,5,2026-10-08T08:00:07Z
2026-10-08T08:04:11Z,2026-10-08,10:04,28,Disney Adventure World,Toon Studio,34,RC Racer,1,20,2026-10-08T08:00:07Z
2026-10-08T08:04:11Z,2026-10-08,10:04,28,Disney Adventure World,Toon Studio,7280,RC Racer Single Rider,1,10,2026-10-08T08:00:07Z
2026-10-08T08:04:11Z,2026-10-08,10:04,28,Disney Adventure World,Toon Studio,36,Slinky® Dog Zigzag Spin,1,5,2026-10-08T08:00:07Z
2026-10-08T08:04:11Z,2026-10-08,10:04,28,Disney Adventure World,Toon Studio,35,Toy Soldiers Parachute Drop,1,35,2026-10-08T08:00:07Z
2026-10-08T08:04:11Z,2026-10-08,10:04,28,Disney Adventure World,Toon Studio,7281,Toy Soldiers Parachute Drop Single Rider,1,5,2026-10-08T08:00:07Z
2026-10-08T08:04:11Z,2026-10-08,10:04,28,Disney Adventure World,World of Frozen,15413,Frozen Ever After,1,65,2026-10-08T08:00:07Z
2026-10-08T08:04:11Z,2026-10-08,10:04,28,Disney Adventure World,World of Frozen,15422,Frozen Ever After Single Rider,1,30,2026-10-08T08:00:07Z
2026-10-08T08:04:11Z,2026-10-08,10:04,28,Disney Adventure World,World of Frozen,15415,Raiponce Tangled Spin,1,5,2026-10-08T08:00:07Z
2026-10-08T08:19:09Z,2026-10-08,10:19,4,Disneyland Park,Adventureland,2702,Adventure Isle,1,0,2026-10-08T08:15:05Z
2026-10-08T08:19:09Z,2026-10-08,10:19,4,Disneyland Park,Adventureland,7306,Indiana Jones and the Temple of Peril Single Rider,1,5,2026-10-08T08:15:05Z
2026-10-08T08:19:09Z,2026-10-08,10:19,4,Disneyland Park,Adventureland,2,Indiana Jones™ and the Temple of Peril,1,5,2026-10-08T08:15:05Z
2026-10-08T08:19:09Z,2026-10-08,10:19,4,Disneyland Park,Adventureland,1,La Cabane des Robinson,1,5,2026-10-08T08:15:05Z
2026-10-08T08:19:09Z,2026-10-08,10:19,4,Disneyland Park,Adventureland,2703,Le Passage Enchanté d'Aladdin,1,0,2026-10-08T08:15:05Z
2026-10-08T08:19:09Z,2026-10-08,10:19,4,Disneyland Park,Adventureland,2705,Pirate Galleon,0,0,2026-10-08T08:15:05Z
2026-10-08T08:19:09Z,2026-10-08,10:19,4,Disneyland Park,Adventureland,3,Pirates of the Caribbean,1,5,2026-10-08T08:15:05Z
2026-10-08T08:19:09Z,2026-10-08,10:19,4,Disneyland Park,Adventureland,2704,Pirates' Beach,0,0,2026-10-08T08:15:05Z
2026-10-08T08:19:09Z,2026-10-08,10:19,4,Disneyland Park,Discoveryland,4,"Autopia, presented by Avis",1,15,2026-10-08T08:15:05Z
2026-10-08T08:19:09Z,2026-10-08,10:19,4,Disneyland Park,Discoveryland,5,Buzz Lightyear Laser Blast,0,0,2026-10-08T08:15:05Z
2026-10-08T08:19:09Z,2026-10-08,10:19,4,Disneyland Park,Discoveryland,2706,Disneyland Railroad Discoveryland Station,0,0,2026-10-08T08:15:05Z
2026-10-08T08:19:09Z,2026-10-08,10:19,4,Disneyland Park,Discoveryland,6,Les Mystères du Nautilus,1,5,2026-10-08T08:15:05Z
2026-10-08T08:19:09Z,2026-10-08,10:19,4,Disneyland Park,Discoveryland,2707,Mickey’s PhilharMagic,1,0,2026-10-08T08:15:05Z
2026-10-08T08:19:09Z,2026-10-08,10:19,4,Disneyland Park,Discoveryland,7,Orbitron®,1,45,2026-10-08T08:15:05Z
2026-10-08T08:19:09Z,2026-10-08,10:19,4,Disneyland Park,Discoveryland,9,Star Tours: The Adventures Continue*,1,5,2026-10-08T08:15:05Z
2026-10-08T08:19:09Z,2026-10-08,10:19,4,Disneyland Park,Discoveryland,8,Star Wars Hyperspace Mountain,1,20,2026-10-08T08:15:05Z
2026-10-08T08:19:09Z,2026-10-08,10:19,4,Disneyland Park,Discoveryland,7278,Star Wars Hyperspace Mountain Single Rider,1,10,2026-10-08T08:15:05Z
2026-10-08T08:19:09Z,2026-10-08,10:19,4,Disneyland Park,Discoveryland,4573,Welcome to Starport: A Star Wars Encounter,1,30,2026-10-08T08:15:05Z
2026-10-08T08:19:09Z,2026-10-08,10:19,4,Disneyland Park,Fantasyland,19,"""it's a small world""",1,5,2026-10-08T08:15:05Z
2026-10-08T08:19:09Z,2026-10-08,10:19,4,Disneyland Park,Fantasyland,14,Alice's Curious Labyrinth,1,5,2026-10-08T08:15:05Z
2026-10-08T08:19:09Z,2026-10-08,10:19,4,Disneyland Park,Fantasyland,15,Blanche-Neige et les Sept Nains®,1,10,2026-10-08T08:15:05Z
2026-10-08T08:19:09Z,2026-10-08,10:19,4,Disneyland Park,Fantasyland,17,Casey Jr. – le Petit Train du Cirque,1,5,2026-10-08T08:15:05Z
2026-10-08T08:19:09Z,2026-10-08,10:19,4,Disneyland Park,Fantasyland,2711,Disneyland Railroad Fantasyland Station,1,20,2026-10-08T08:15:05Z
2026-10-08T08:19:09Z,2026-10-08,10:19,4,Disneyland Park,Fantasyland,11,Disneyland Railroad Main Street Station,1,5,2026-10-08T08:15:05Z
2026-10-08T08:19:09Z,2026-10-08,10:19,4,Disneyland Park,Fantasyland,18,Dumbo the Flying Elephant,1,20,2026-10-08T08:15:05Z
2026-10-08T08:19:09Z,2026-10-08,10:19,4,Disneyland Park,Fantasyland,2710,La Tanière du Dragon,1,0,2026-10-08T08:15:05Z
2026-10-08T08:19:09Z,2026-10-08,10:19,4,Disneyland Park,Fantasyland,16,Le Carrousel de Lancelot,1,5,2026-10-08T08:15:05Z
2026-10-08T08:19:09Z,2026-10-08,10:19,4,Disneyland Park,Fantasyland,21,"Le Pays des Contes de Fées, presented by Vittel",1,5,2026-10-08T08:15:05Z
2026-10-08T08:19:09Z,2026-10-08,10:19,4,Disneyland Park,Fantasyland,23,Les Voyages de Pinocchio,1,15,2026-10-08T08:15:05Z
2026-10-08T08:19:09Z,2026-10-08,10:19,4,Disneyland Park,Fantasyland,20,Mad Hatter's Tea Cups,1,5,2026-10-08T08:15:05Z
2026-10-08T08:19:09Z,2026-10-08,10:19,4,Disneyland Park,Fantasyland,13,Meet Mickey Mouse,1,0,2026-10-08T08:15:05Z
2026-10-08T08:19:09Z,2026-10-08,10:19,4,Disneyland Park,Fantasyland,22,Peter Pan's Flight,1,50,2026-10-08T08:15:05Z
2026-10-08T08:19:09Z,2026-10-08,10:19,4,Disneyland Park,Fantasyland,24,Princess Pavilion,1,0,2026-10-08T08:15:05Z
2026-10-08T08:19:09Z,2026-10-08,10:19,4,Disneyland Park,Frontierland,25,Big Thunder Mountain,1,80,2026-10-08T08:15:05Z
2026-10-08T08:19:09Z,2026-10-08,10:19,4,Disneyland Park,Frontierland,2714,Disneyland Railroad Frontierland Depot,0,0,2026-10-08T08:15:05Z
2026-10-08T08:19:09Z,2026-10-08,10:19,4,Disneyland Park,Frontierland,2713,Frontierland Playground,1,0,2026-10-08T08:15:05Z
2026-10-08T08:19:09Z,2026-10-08,10:19,4,Disneyland Park,Frontierland,26,Phantom Manor,1,5,2026-10-08T08:15:05Z
2026-10-08T08:19:09Z,2026-10-08,10:19,4,Disneyland Park,Frontierland,27,River Rogue Keelboats,0,0,2026-10-08T08:15:05Z
2026-10-08T08:19:09Z,2026-10-08,10:19,4,Disneyland Park,Frontierland,2712,Rustler Roundup Shootin' Gallery,1,0,2026-10-08T08:15:05Z
2026-10-08T08:19:09Z,2026-10-08,10:19,4,Disneyland Park,Frontierland,28,Thunder Mesa Riverboat Landing,0,0,2026-10-08T08:15:05Z
2026-10-08T08:19:09Z,2026-10-08,10:19,4,Disneyland Park,Main Street U.S.A,2708,Disneyland Railroad Main Street Station,1,30,2026-10-08T08:15:05Z
2026-10-08T08:19:09Z,2026-10-08,10:19,4,Disneyland Park,Main Street U.S.A,12,Main Street Vehicles,0,0,2026-10-08T08:15:05Z
2026-10-08T08:19:09Z,2026-10-08,10:19,28,Disney Adventure World,Marvel Avengers Campus,10848,Avengers Assemble: Flight Force,1,10,2026-10-08T08:15:05Z
2026-10-08T08:19:09Z,2026-10-08,10:19,28,Disney Adventure World,Marvel Avengers Campus,10849,Avengers Assemble: Flight Force Single Rider,1,5,2026-10-08T08:15:05Z
2026-10-08T08:19:09Z,2026-10-08,10:19,28,Disney Adventure World,Marvel Avengers Campus,10845,Spider-Man W.E.B. Adventure,1,40,2026-10-08T08:15:05Z
2026-10-08T08:19:09Z,2026-10-08,10:19,28,Disney Adventure World,Marvel Avengers Campus,10846,Spider-Man W.E.B. Adventure Single Rider,1,5,2026-10-08T08:15:05Z
2026-10-08T08:19:09Z,2026-10-08,10:19,28,Disney Adventure World,Production Courtyard,266,Meet Spider Man,0,0,2026-10-08T08:15:05Z
2026-10-08T08:19:09Z,2026-10-08,10:19,28,Disney Adventure World,Production Courtyard,40,The Twilight Zone Tower of Terror,1,20,2026-10-08T08:15:05Z
2026-10-08T08:19:09Z,2026-10-08,10:19,28,Disney Adventure World,Toon Studio,30,Art of Disney Animation,0,0,2026-10-08T08:15:05Z
2026-10-08T08:19:09Z,2026-10-08,10:19,28,Disney Adventure World,Toon Studio,31,Cars Quatre Roues Rallye,1,5,2026-10-08T08:15:05Z
2026-10-08T08:19:09Z,2026-10-08,10:19,28,Disney Adventure World,Toon Studio,29,Cars ROAD TRIP,1,5,2026-10-08T08:15:05Z
2026-10-08T08:19:09Z,2026-10-08,10:19,28,Disney Adventure World,Toon Studio,32,Crush's Coaster,0,0,2026-10-08T08:15:05Z
2026-10-08T08:19:09Z,2026-10-08,10:19,28,Disney Adventure World,Toon Studio,7277,Crush's Coaster Single Rider,0,0,2026-10-08T08:15:05Z
2026-10-08T08:19:09Z,2026-10-08,10:19,28,Disney Adventure World,Toon Studio,33,Les Tapis Volants - Flying Carpets Over Agrabah®,1,5,2026-10-08T08:15:05Z
2026-10-08T08:19:09Z,2026-10-08,10:19,28,Disney Adventure World,Toon Studio,37,Ratatouille : L’Aventure Totalement Toquée de Rémy​,1,35,2026-10-08T08:15:05Z
2026-10-08T08:19:09Z,2026-10-08,10:19,28,Disney Adventure World,Toon Studio,7279,Ratatouille: The Adventure Single Rider,1,5,2026-10-08T08:15:05Z
2026-10-08T08:19:09Z,2026-10-08,10:19,28,Disney Adventure World,Toon Studio,34,RC Racer,1,25,2026-10-08T08:15:05Z
2026-10-08T08:19:09Z,2026-10-08,10:19,28,Disney Adventure World,Toon Studio,7280,RC Racer Single Rider,1,20,2026-10-08T08:15:05Z
2026-10-08T08:19:09Z,2026-10-08,10:19,28,Disney Adventure World,Toon Studio,36,Slinky® Dog Zigzag Spin,1,5,2026-10-08T08:15:05Z
2026-10-08T08:19:09Z,2026-10-08,10:19,28,Disney Adventure World,Toon Studio,35,Toy Soldiers Parachute Drop,1,35,2026-10-08T08:15:05Z
2026-10-08T08:19:09Z,2026-10-08,10:19,28,Disney Adventure World,Toon Studio,7281,Toy Soldiers Parachute Drop Single Rider,1,5,2026-10-08T08:15:05Z
2026-10-08T08:19:09Z,2026-10-08,10:19,28,Disney Adventure World,World of Frozen,15413,Frozen Ever After,1,50,2026-10-08T08:15:05Z
2026-10-08T08:19:09Z,2026-10-08,10:19,28,Disney Adventure World,World of Frozen,15422,Frozen Ever After Single Rider,1,25,2026-10-08T08:15:05Z
2026-10-08T08:19:09Z,2026-10-08,10:19,28,Disney Adventure World,World of Frozen,15415,Raiponce Tangled Spin,1,5,2026-10-08T08:15:05Z
2026-10-08T08:34:16Z,2026-10-08,10:34,4,Disneyland Park,Adventureland,2702,Adventure Isle,1,0,2026-10-08T08:30:05Z
2026-10-08T08:34:16Z,2026-10-08,10:34,4,Disneyland Park,Adventureland,7306,Indiana Jones and the Temple of Peril Single Rider,1,5,2026-10-08T08:30:05Z
2026-10-08T08:34:16Z,2026-10-08,10:34,4,Disneyland Park,Adventureland,2,Indiana Jones™ and the Temple of Peril,1,5,2026-10-08T08:30:05Z
2026-10-08T08:34:16Z,2026-10-08,10:34,4,Disneyland Park,Adventureland,1,La Cabane des Robinson,1,5,2026-10-08T08:30:05Z
2026-10-08T08:34:16Z,2026-10-08,10:34,4,Disneyland Park,Adventureland,2703,Le Passage Enchanté d'Aladdin,1,0,2026-10-08T08:30:05Z
2026-10-08T08:34:16Z,2026-10-08,10:34,4,Disneyland Park,Adventureland,2705,Pirate Galleon,0,0,2026-10-08T08:30:05Z
2026-10-08T08:34:16Z,2026-10-08,10:34,4,Disneyland Park,Adventureland,3,Pirates of the Caribbean,1,5,2026-10-08T08:30:05Z
2026-10-08T08:34:16Z,2026-10-08,10:34,4,Disneyland Park,Adventureland,2704,Pirates' Beach,0,0,2026-10-08T08:30:05Z
2026-10-08T08:34:16Z,2026-10-08,10:34,4,Disneyland Park,Discoveryland,4,"Autopia, presented by Avis",1,10,2026-10-08T08:30:05Z
2026-10-08T08:34:16Z,2026-10-08,10:34,4,Disneyland Park,Discoveryland,5,Buzz Lightyear Laser Blast,0,0,2026-10-08T08:30:05Z
2026-10-08T08:34:16Z,2026-10-08,10:34,4,Disneyland Park,Discoveryland,2706,Disneyland Railroad Discoveryland Station,0,0,2026-10-08T08:30:05Z
2026-10-08T08:34:16Z,2026-10-08,10:34,4,Disneyland Park,Discoveryland,6,Les Mystères du Nautilus,1,5,2026-10-08T08:30:05Z
2026-10-08T08:34:16Z,2026-10-08,10:34,4,Disneyland Park,Discoveryland,2707,Mickey’s PhilharMagic,1,0,2026-10-08T08:30:05Z
2026-10-08T08:34:16Z,2026-10-08,10:34,4,Disneyland Park,Discoveryland,7,Orbitron®,1,40,2026-10-08T08:30:05Z
2026-10-08T08:34:16Z,2026-10-08,10:34,4,Disneyland Park,Discoveryland,9,Star Tours: The Adventures Continue*,1,5,2026-10-08T08:30:05Z
2026-10-08T08:34:16Z,2026-10-08,10:34,4,Disneyland Park,Discoveryland,8,Star Wars Hyperspace Mountain,1,20,2026-10-08T08:30:05Z
2026-10-08T08:34:16Z,2026-10-08,10:34,4,Disneyland Park,Discoveryland,7278,Star Wars Hyperspace Mountain Single Rider,1,10,2026-10-08T08:30:05Z
2026-10-08T08:34:16Z,2026-10-08,10:34,4,Disneyland Park,Discoveryland,4573,Welcome to Starport: A Star Wars Encounter,1,30,2026-10-08T08:30:05Z
2026-10-08T08:34:16Z,2026-10-08,10:34,4,Disneyland Park,Fantasyland,19,"""it's a small world""",1,5,2026-10-08T08:30:05Z
2026-10-08T08:34:16Z,2026-10-08,10:34,4,Disneyland Park,Fantasyland,14,Alice's Curious Labyrinth,1,5,2026-10-08T08:30:05Z
2026-10-08T08:34:16Z,2026-10-08,10:34,4,Disneyland Park,Fantasyland,15,Blanche-Neige et les Sept Nains®,1,10,2026-10-08T08:30:05Z
2026-10-08T08:34:16Z,2026-10-08,10:34,4,Disneyland Park,Fantasyland,17,Casey Jr. – le Petit Train du Cirque,1,5,2026-10-08T08:30:05Z
2026-10-08T08:34:16Z,2026-10-08,10:34,4,Disneyland Park,Fantasyland,2711,Disneyland Railroad Fantasyland Station,1,30,2026-10-08T08:30:05Z
2026-10-08T08:34:16Z,2026-10-08,10:34,4,Disneyland Park,Fantasyland,11,Disneyland Railroad Main Street Station,1,5,2026-10-08T08:30:05Z
2026-10-08T08:34:16Z,2026-10-08,10:34,4,Disneyland Park,Fantasyland,18,Dumbo the Flying Elephant,1,20,2026-10-08T08:30:05Z
2026-10-08T08:34:16Z,2026-10-08,10:34,4,Disneyland Park,Fantasyland,2710,La Tanière du Dragon,1,0,2026-10-08T08:30:05Z
2026-10-08T08:34:16Z,2026-10-08,10:34,4,Disneyland Park,Fantasyland,16,Le Carrousel de Lancelot,1,5,2026-10-08T08:30:05Z
2026-10-08T08:34:16Z,2026-10-08,10:34,4,Disneyland Park,Fantasyland,21,"Le Pays des Contes de Fées, presented by Vittel",1,5,2026-10-08T08:30:05Z
2026-10-08T08:34:16Z,2026-10-08,10:34,4,Disneyland Park,Fantasyland,23,Les Voyages de Pinocchio,1,20,2026-10-08T08:30:05Z
2026-10-08T08:34:16Z,2026-10-08,10:34,4,Disneyland Park,Fantasyland,20,Mad Hatter's Tea Cups,1,5,2026-10-08T08:30:05Z
2026-10-08T08:34:16Z,2026-10-08,10:34,4,Disneyland Park,Fantasyland,13,Meet Mickey Mouse,1,0,2026-10-08T08:30:05Z
2026-10-08T08:34:16Z,2026-10-08,10:34,4,Disneyland Park,Fantasyland,22,Peter Pan's Flight,1,55,2026-10-08T08:30:05Z
2026-10-08T08:34:16Z,2026-10-08,10:34,4,Disneyland Park,Fantasyland,24,Princess Pavilion,1,0,2026-10-08T08:30:05Z
2026-10-08T08:34:16Z,2026-10-08,10:34,4,Disneyland Park,Frontierland,25,Big Thunder Mountain,1,70,2026-10-08T08:30:05Z
2026-10-08T08:34:16Z,2026-10-08,10:34,4,Disneyland Park,Frontierland,2714,Disneyland Railroad Frontierland Depot,0,0,2026-10-08T08:30:05Z
2026-10-08T08:34:16Z,2026-10-08,10:34,4,Disneyland Park,Frontierland,2713,Frontierland Playground,1,0,2026-10-08T08:30:05Z
2026-10-08T08:34:16Z,2026-10-08,10:34,4,Disneyland Park,Frontierland,26,Phantom Manor,1,5,2026-10-08T08:30:05Z
2026-10-08T08:34:16Z,2026-10-08,10:34,4,Disneyland Park,Frontierland,27,River Rogue Keelboats,0,0,2026-10-08T08:30:05Z
2026-10-08T08:34:16Z,2026-10-08,10:34,4,Disneyland Park,Frontierland,2712,Rustler Roundup Shootin' Gallery,1,0,2026-10-08T08:30:05Z
2026-10-08T08:34:16Z,2026-10-08,10:34,4,Disneyland Park,Frontierland,28,Thunder Mesa Riverboat Landing,1,20,2026-10-08T08:30:05Z
2026-10-08T08:34:16Z,2026-10-08,10:34,4,Disneyland Park,Main Street U.S.A,2708,Disneyland Railroad Main Street Station,1,30,2026-10-08T08:30:05Z
2026-10-08T08:34:16Z,2026-10-08,10:34,4,Disneyland Park,Main Street U.S.A,12,Main Street Vehicles,0,0,2026-10-08T08:30:05Z
2026-10-08T08:34:16Z,2026-10-08,10:34,28,Disney Adventure World,Marvel Avengers Campus,10848,Avengers Assemble: Flight Force,1,15,2026-10-08T08:30:05Z
2026-10-08T08:34:16Z,2026-10-08,10:34,28,Disney Adventure World,Marvel Avengers Campus,10849,Avengers Assemble: Flight Force Single Rider,1,5,2026-10-08T08:30:05Z
2026-10-08T08:34:16Z,2026-10-08,10:34,28,Disney Adventure World,Marvel Avengers Campus,10845,Spider-Man W.E.B. Adventure,1,50,2026-10-08T08:30:05Z
2026-10-08T08:34:16Z,2026-10-08,10:34,28,Disney Adventure World,Marvel Avengers Campus,10846,Spider-Man W.E.B. Adventure Single Rider,1,20,2026-10-08T08:30:05Z
2026-10-08T08:34:16Z,2026-10-08,10:34,28,Disney Adventure World,Production Courtyard,266,Meet Spider Man,0,0,2026-10-08T08:30:05Z
2026-10-08T08:34:16Z,2026-10-08,10:34,28,Disney Adventure World,Production Courtyard,40,The Twilight Zone Tower of Terror,1,15,2026-10-08T08:30:05Z
2026-10-08T08:34:16Z,2026-10-08,10:34,28,Disney Adventure World,Toon Studio,30,Art of Disney Animation,0,0,2026-10-08T08:30:05Z
2026-10-08T08:34:16Z,2026-10-08,10:34,28,Disney Adventure World,Toon Studio,31,Cars Quatre Roues Rallye,1,10,2026-10-08T08:30:05Z
2026-10-08T08:34:16Z,2026-10-08,10:34,28,Disney Adventure World,Toon Studio,29,Cars ROAD TRIP,1,5,2026-10-08T08:30:05Z
2026-10-08T08:34:16Z,2026-10-08,10:34,28,Disney Adventure World,Toon Studio,32,Crush's Coaster,0,0,2026-10-08T08:30:05Z
2026-10-08T08:34:16Z,2026-10-08,10:34,28,Disney Adventure World,Toon Studio,7277,Crush's Coaster Single Rider,0,0,2026-10-08T08:30:05Z
2026-10-08T08:34:16Z,2026-10-08,10:34,28,Disney Adventure World,Toon Studio,33,Les Tapis Volants - Flying Carpets Over Agrabah®,1,5,2026-10-08T08:30:05Z
2026-10-08T08:34:16Z,2026-10-08,10:34,28,Disney Adventure World,Toon Studio,37,Ratatouille : L’Aventure Totalement Toquée de Rémy​,1,45,2026-10-08T08:30:05Z
2026-10-08T08:34:16Z,2026-10-08,10:34,28,Disney Adventure World,Toon Studio,7279,Ratatouille: The Adventure Single Rider,1,5,2026-10-08T08:30:05Z
2026-10-08T08:34:16Z,2026-10-08,10:34,28,Disney Adventure World,Toon Studio,34,RC Racer,1,35,2026-10-08T08:30:05Z
2026-10-08T08:34:16Z,2026-10-08,10:34,28,Disney Adventure World,Toon Studio,7280,RC Racer Single Rider,1,25,2026-10-08T08:30:05Z
2026-10-08T08:34:16Z,2026-10-08,10:34,28,Disney Adventure World,Toon Studio,36,Slinky® Dog Zigzag Spin,1,10,2026-10-08T08:30:05Z
2026-10-08T08:34:16Z,2026-10-08,10:34,28,Disney Adventure World,Toon Studio,35,Toy Soldiers Parachute Drop,1,55,2026-10-08T08:30:05Z
2026-10-08T08:34:16Z,2026-10-08,10:34,28,Disney Adventure World,Toon Studio,7281,Toy Soldiers Parachute Drop Single Rider,1,5,2026-10-08T08:30:05Z
2026-10-08T08:34:16Z,2026-10-08,10:34,28,Disney Adventure World,World of Frozen,15413,Frozen Ever After,1,50,2026-10-08T08:30:05Z
2026-10-08T08:34:16Z,2026-10-08,10:34,28,Disney Adventure World,World of Frozen,15422,Frozen Ever After Single Rider,1,25,2026-10-08T08:30:05Z
2026-10-08T08:34:16Z,2026-10-08,10:34,28,Disney Adventure World,World of Frozen,15415,Raiponce Tangled Spin,1,5,2026-10-08T08:30:05Z
2026-10-08T08:49:11Z,2026-10-08,10:49,4,Disneyland Park,Adventureland,2702,Adventure Isle,1,0,2026-10-08T08:45:06Z
2026-10-08T08:49:11Z,2026-10-08,10:49,4,Disneyland Park,Adventureland,7306,Indiana Jones and the Temple of Peril Single Rider,1,5,2026-10-08T08:45:06Z
2026-10-08T08:49:11Z,2026-10-08,10:49,4,Disneyland Park,Adventureland,2,Indiana Jones™ and the Temple of Peril,1,5,2026-10-08T08:45:06Z
2026-10-08T08:49:11Z,2026-10-08,10:49,4,Disneyland Park,Adventureland,1,La Cabane des Robinson,1,5,2026-10-08T08:45:06Z
2026-10-08T08:49:11Z,2026-10-08,10:49,4,Disneyland Park,Adventureland,2703,Le Passage Enchanté d'Aladdin,1,0,2026-10-08T08:45:06Z
2026-10-08T08:49:11Z,2026-10-08,10:49,4,Disneyland Park,Adventureland,2705,Pirate Galleon,0,0,2026-10-08T08:45:06Z
2026-10-08T08:49:11Z,2026-10-08,10:49,4,Disneyland Park,Adventureland,3,Pirates of the Caribbean,1,10,2026-10-08T08:45:06Z
2026-10-08T08:49:11Z,2026-10-08,10:49,4,Disneyland Park,Adventureland,2704,Pirates' Beach,0,0,2026-10-08T08:45:06Z
2026-10-08T08:49:11Z,2026-10-08,10:49,4,Disneyland Park,Discoveryland,4,"Autopia, presented by Avis",1,20,2026-10-08T08:45:06Z
2026-10-08T08:49:11Z,2026-10-08,10:49,4,Disneyland Park,Discoveryland,5,Buzz Lightyear Laser Blast,0,0,2026-10-08T08:45:06Z
2026-10-08T08:49:11Z,2026-10-08,10:49,4,Disneyland Park,Discoveryland,2706,Disneyland Railroad Discoveryland Station,0,0,2026-10-08T08:45:06Z
2026-10-08T08:49:11Z,2026-10-08,10:49,4,Disneyland Park,Discoveryland,6,Les Mystères du Nautilus,1,5,2026-10-08T08:45:06Z
2026-10-08T08:49:11Z,2026-10-08,10:49,4,Disneyland Park,Discoveryland,2707,Mickey’s PhilharMagic,1,0,2026-10-08T08:45:06Z
2026-10-08T08:49:11Z,2026-10-08,10:49,4,Disneyland Park,Discoveryland,7,Orbitron®,1,35,2026-10-08T08:45:06Z
2026-10-08T08:49:11Z,2026-10-08,10:49,4,Disneyland Park,Discoveryland,9,Star Tours: The Adventures Continue*,1,5,2026-10-08T08:45:06Z
2026-10-08T08:49:11Z,2026-10-08,10:49,4,Disneyland Park,Discoveryland,8,Star Wars Hyperspace Mountain,1,30,2026-10-08T08:45:06Z
2026-10-08T08:49:11Z,2026-10-08,10:49,4,Disneyland Park,Discoveryland,7278,Star Wars Hyperspace Mountain Single Rider,1,10,2026-10-08T08:45:06Z
2026-10-08T08:49:11Z,2026-10-08,10:49,4,Disneyland Park,Discoveryland,4573,Welcome to Starport: A Star Wars Encounter,1,30,2026-10-08T08:45:06Z
2026-10-08T08:49:11Z,2026-10-08,10:49,4,Disneyland Park,Fantasyland,19,"""it's a small world""",1,5,2026-10-08T08:45:06Z
2026-10-08T08:49:11Z,2026-10-08,10:49,4,Disneyland Park,Fantasyland,14,Alice's Curious Labyrinth,1,5,2026-10-08T08:45:06Z
2026-10-08T08:49:11Z,2026-10-08,10:49,4,Disneyland Park,Fantasyland,15,Blanche-Neige et les Sept Nains®,1,10,2026-10-08T08:45:06Z
2026-10-08T08:49:11Z,2026-10-08,10:49,4,Disneyland Park,Fantasyland,17,Casey Jr. – le Petit Train du Cirque,1,5,2026-10-08T08:45:06Z
2026-10-08T08:49:11Z,2026-10-08,10:49,4,Disneyland Park,Fantasyland,2711,Disneyland Railroad Fantasyland Station,1,30,2026-10-08T08:45:06Z
2026-10-08T08:49:11Z,2026-10-08,10:49,4,Disneyland Park,Fantasyland,11,Disneyland Railroad Main Street Station,1,5,2026-10-08T08:45:06Z
2026-10-08T08:49:11Z,2026-10-08,10:49,4,Disneyland Park,Fantasyland,18,Dumbo the Flying Elephant,1,20,2026-10-08T08:45:06Z
2026-10-08T08:49:11Z,2026-10-08,10:49,4,Disneyland Park,Fantasyland,2710,La Tanière du Dragon,1,0,2026-10-08T08:45:06Z
2026-10-08T08:49:11Z,2026-10-08,10:49,4,Disneyland Park,Fantasyland,16,Le Carrousel de Lancelot,1,5,2026-10-08T08:45:06Z
2026-10-08T08:49:11Z,2026-10-08,10:49,4,Disneyland Park,Fantasyland,21,"Le Pays des Contes de Fées, presented by Vittel",1,5,2026-10-08T08:45:06Z
2026-10-08T08:49:11Z,2026-10-08,10:49,4,Disneyland Park,Fantasyland,23,Les Voyages de Pinocchio,1,20,2026-10-08T08:45:06Z
2026-10-08T08:49:11Z,2026-10-08,10:49,4,Disneyland Park,Fantasyland,20,Mad Hatter's Tea Cups,1,5,2026-10-08T08:45:06Z
2026-10-08T08:49:11Z,2026-10-08,10:49,4,Disneyland Park,Fantasyland,13,Meet Mickey Mouse,1,0,2026-10-08T08:45:06Z
2026-10-08T08:49:11Z,2026-10-08,10:49,4,Disneyland Park,Fantasyland,22,Peter Pan's Flight,1,60,2026-10-08T08:45:06Z
2026-10-08T08:49:11Z,2026-10-08,10:49,4,Disneyland Park,Fantasyland,24,Princess Pavilion,1,0,2026-10-08T08:45:06Z
2026-10-08T08:49:11Z,2026-10-08,10:49,4,Disneyland Park,Frontierland,25,Big Thunder Mountain,1,60,2026-10-08T08:45:06Z
2026-10-08T08:49:11Z,2026-10-08,10:49,4,Disneyland Park,Frontierland,2714,Disneyland Railroad Frontierland Depot,0,0,2026-10-08T08:45:06Z
2026-10-08T08:49:11Z,2026-10-08,10:49,4,Disneyland Park,Frontierland,2713,Frontierland Playground,1,0,2026-10-08T08:45:06Z
2026-10-08T08:49:11Z,2026-10-08,10:49,4,Disneyland Park,Frontierland,26,Phantom Manor,1,10,2026-10-08T08:45:06Z
2026-10-08T08:49:11Z,2026-10-08,10:49,4,Disneyland Park,Frontierland,27,River Rogue Keelboats,0,0,2026-10-08T08:45:06Z
2026-10-08T08:49:11Z,2026-10-08,10:49,4,Disneyland Park,Frontierland,2712,Rustler Roundup Shootin' Gallery,1,0,2026-10-08T08:45:06Z
2026-10-08T08:49:11Z,2026-10-08,10:49,4,Disneyland Park,Frontierland,28,Thunder Mesa Riverboat Landing,1,20,2026-10-08T08:45:06Z
2026-10-08T08:49:11Z,2026-10-08,10:49,4,Disneyland Park,Main Street U.S.A,2708,Disneyland Railroad Main Street Station,1,30,2026-10-08T08:45:06Z
2026-10-08T08:49:11Z,2026-10-08,10:49,4,Disneyland Park,Main Street U.S.A,12,Main Street Vehicles,0,0,2026-10-08T08:45:06Z
2026-10-08T08:49:11Z,2026-10-08,10:49,28,Disney Adventure World,Marvel Avengers Campus,10848,Avengers Assemble: Flight Force,1,20,2026-10-08T08:45:06Z
2026-10-08T08:49:11Z,2026-10-08,10:49,28,Disney Adventure World,Marvel Avengers Campus,10849,Avengers Assemble: Flight Force Single Rider,1,15,2026-10-08T08:45:06Z
2026-10-08T08:49:11Z,2026-10-08,10:49,28,Disney Adventure World,Marvel Avengers Campus,10845,Spider-Man W.E.B. Adventure,1,40,2026-10-08T08:45:06Z
2026-10-08T08:49:11Z,2026-10-08,10:49,28,Disney Adventure World,Marvel Avengers Campus,10846,Spider-Man W.E.B. Adventure Single Rider,1,25,2026-10-08T08:45:06Z
2026-10-08T08:49:11Z,2026-10-08,10:49,28,Disney Adventure World,Production Courtyard,266,Meet Spider Man,0,0,2026-10-08T08:45:06Z
2026-10-08T08:49:11Z,2026-10-08,10:49,28,Disney Adventure World,Production Courtyard,40,The Twilight Zone Tower of Terror,1,30,2026-10-08T08:45:06Z
2026-10-08T08:49:11Z,2026-10-08,10:49,28,Disney Adventure World,Toon Studio,30,Art of Disney Animation,0,0,2026-10-08T08:45:06Z
2026-10-08T08:49:11Z,2026-10-08,10:49,28,Disney Adventure World,Toon Studio,31,Cars Quatre Roues Rallye,1,10,2026-10-08T08:45:06Z
2026-10-08T08:49:11Z,2026-10-08,10:49,28,Disney Adventure World,Toon Studio,29,Cars ROAD TRIP,1,5,2026-10-08T08:45:06Z
2026-10-08T08:49:11Z,2026-10-08,10:49,28,Disney Adventure World,Toon Studio,32,Crush's Coaster,0,0,2026-10-08T08:45:06Z
2026-10-08T08:49:11Z,2026-10-08,10:49,28,Disney Adventure World,Toon Studio,7277,Crush's Coaster Single Rider,0,0,2026-10-08T08:45:06Z
2026-10-08T08:49:11Z,2026-10-08,10:49,28,Disney Adventure World,Toon Studio,33,Les Tapis Volants - Flying Carpets Over Agrabah®,1,5,2026-10-08T08:45:06Z
2026-10-08T08:49:11Z,2026-10-08,10:49,28,Disney Adventure World,Toon Studio,37,Ratatouille : L’Aventure Totalement Toquée de Rémy​,1,50,2026-10-08T08:45:06Z
2026-10-08T08:49:11Z,2026-10-08,10:49,28,Disney Adventure World,Toon Studio,7279,Ratatouille: The Adventure Single Rider,1,5,2026-10-08T08:45:06Z
2026-10-08T08:49:11Z,2026-10-08,10:49,28,Disney Adventure World,Toon Studio,34,RC Racer,1,40,2026-10-08T08:45:06Z
2026-10-08T08:49:11Z,2026-10-08,10:49,28,Disney Adventure World,Toon Studio,7280,RC Racer Single Rider,1,25,2026-10-08T08:45:06Z
2026-10-08T08:49:11Z,2026-10-08,10:49,28,Disney Adventure World,Toon Studio,36,Slinky® Dog Zigzag Spin,1,15,2026-10-08T08:45:06Z
2026-10-08T08:49:11Z,2026-10-08,10:49,28,Disney Adventure World,Toon Studio,35,Toy Soldiers Parachute Drop,1,45,2026-10-08T08:45:06Z
2026-10-08T08:49:11Z,2026-10-08,10:49,28,Disney Adventure World,Toon Studio,7281,Toy Soldiers Parachute Drop Single Rider,1,20,2026-10-08T08:45:06Z
2026-10-08T08:49:11Z,2026-10-08,10:49,28,Disney Adventure World,World of Frozen,15413,Frozen Ever After,1,75,2026-10-08T08:45:06Z
2026-10-08T08:49:11Z,2026-10-08,10:49,28,Disney Adventure World,World of Frozen,15422,Frozen Ever After Single Rider,1,35,2026-10-08T08:45:06Z
2026-10-08T08:49:11Z,2026-10-08,10:49,28,Disney Adventure World,World of Frozen,15415,Raiponce Tangled Spin,1,20,2026-10-08T08:45:06Z
2026-10-08T09:04:13Z,2026-10-08,11:04,4,Disneyland Park,Adventureland,2702,Adventure Isle,1,0,2026-10-08T09:00:06Z
2026-10-08T09:04:13Z,2026-10-08,11:04,4,Disneyland Park,Adventureland,7306,Indiana Jones and the Temple of Peril Single Rider,1,5,2026-10-08T09:00:06Z
2026-10-08T09:04:13Z,2026-10-08,11:04,4,Disneyland Park,Adventureland,2,Indiana Jones™ and the Temple of Peril,1,10,2026-10-08T09:00:06Z
2026-10-08T09:04:13Z,2026-10-08,11:04,4,Disneyland Park,Adventureland,1,La Cabane des Robinson,1,5,2026-10-08T09:00:06Z
2026-10-08T09:04:13Z,2026-10-08,11:04,4,Disneyland Park,Adventureland,2703,Le Passage Enchanté d'Aladdin,1,0,2026-10-08T09:00:06Z
2026-10-08T09:04:13Z,2026-10-08,11:04,4,Disneyland Park,Adventureland,2705,Pirate Galleon,0,0,2026-10-08T09:00:06Z
2026-10-08T09:04:13Z,2026-10-08,11:04,4,Disneyland Park,Adventureland,3,Pirates of the Caribbean,1,15,2026-10-08T09:00:06Z
2026-10-08T09:04:13Z,2026-10-08,11:04,4,Disneyland Park,Adventureland,2704,Pirates' Beach,0,0,2026-10-08T09:00:06Z
2026-10-08T09:04:13Z,2026-10-08,11:04,4,Disneyland Park,Discoveryland,4,"Autopia, presented by Avis",1,15,2026-10-08T09:00:06Z
2026-10-08T09:04:13Z,2026-10-08,11:04,4,Disneyland Park,Discoveryland,5,Buzz Lightyear Laser Blast,0,0,2026-10-08T09:00:06Z
2026-10-08T09:04:13Z,2026-10-08,11:04,4,Disneyland Park,Discoveryland,2706,Disneyland Railroad Discoveryland Station,0,0,2026-10-08T09:00:06Z
2026-10-08T09:04:13Z,2026-10-08,11:04,4,Disneyland Park,Discoveryland,6,Les Mystères du Nautilus,1,5,2026-10-08T09:00:06Z
2026-10-08T09:04:13Z,2026-10-08,11:04,4,Disneyland Park,Discoveryland,2707,Mickey’s PhilharMagic,1,0,2026-10-08T09:00:06Z
2026-10-08T09:04:13Z,2026-10-08,11:04,4,Disneyland Park,Discoveryland,7,Orbitron®,1,50,2026-10-08T09:00:06Z
2026-10-08T09:04:13Z,2026-10-08,11:04,4,Disneyland Park,Discoveryland,9,Star Tours: The Adventures Continue*,1,5,2026-10-08T09:00:06Z
2026-10-08T09:04:13Z,2026-10-08,11:04,4,Disneyland Park,Discoveryland,8,Star Wars Hyperspace Mountain,1,35,2026-10-08T09:00:06Z
2026-10-08T09:04:13Z,2026-10-08,11:04,4,Disneyland Park,Discoveryland,7278,Star Wars Hyperspace Mountain Single Rider,1,30,2026-10-08T09:00:06Z
2026-10-08T09:04:13Z,2026-10-08,11:04,4,Disneyland Park,Discoveryland,4573,Welcome to Starport: A Star Wars Encounter,1,15,2026-10-08T09:00:06Z
2026-10-08T09:04:13Z,2026-10-08,11:04,4,Disneyland Park,Fantasyland,19,"""it's a small world""",1,5,2026-10-08T09:00:06Z
2026-10-08T09:04:13Z,2026-10-08,11:04,4,Disneyland Park,Fantasyland,14,Alice's Curious Labyrinth,1,5,2026-10-08T09:00:06Z
2026-10-08T09:04:13Z,2026-10-08,11:04,4,Disneyland Park,Fantasyland,15,Blanche-Neige et les Sept Nains®,1,15,2026-10-08T09:00:06Z
2026-10-08T09:04:13Z,2026-10-08,11:04,4,Disneyland Park,Fantasyland,17,Casey Jr. – le Petit Train du Cirque,1,5,2026-10-08T09:00:06Z
2026-10-08T09:04:13Z,2026-10-08,11:04,4,Disneyland Park,Fantasyland,2711,Disneyland Railroad Fantasyland Station,1,30,2026-10-08T09:00:06Z
2026-10-08T09:04:13Z,2026-10-08,11:04,4,Disneyland Park,Fantasyland,11,Disneyland Railroad Main Street Station,1,45,2026-10-08T09:00:06Z
2026-10-08T09:04:13Z,2026-10-08,11:04,4,Disneyland Park,Fantasyland,18,Dumbo the Flying Elephant,1,20,2026-10-08T09:00:06Z
2026-10-08T09:04:13Z,2026-10-08,11:04,4,Disneyland Park,Fantasyland,2710,La Tanière du Dragon,1,0,2026-10-08T09:00:06Z
2026-10-08T09:04:13Z,2026-10-08,11:04,4,Disneyland Park,Fantasyland,16,Le Carrousel de Lancelot,1,5,2026-10-08T09:00:06Z
2026-10-08T09:04:13Z,2026-10-08,11:04,4,Disneyland Park,Fantasyland,21,"Le Pays des Contes de Fées, presented by Vittel",1,5,2026-10-08T09:00:06Z
2026-10-08T09:04:13Z,2026-10-08,11:04,4,Disneyland Park,Fantasyland,23,Les Voyages de Pinocchio,1,20,2026-10-08T09:00:06Z
2026-10-08T09:04:13Z,2026-10-08,11:04,4,Disneyland Park,Fantasyland,20,Mad Hatter's Tea Cups,1,5,2026-10-08T09:00:06Z
2026-10-08T09:04:13Z,2026-10-08,11:04,4,Disneyland Park,Fantasyland,13,Meet Mickey Mouse,1,0,2026-10-08T09:00:06Z
2026-10-08T09:04:13Z,2026-10-08,11:04,4,Disneyland Park,Fantasyland,22,Peter Pan's Flight,1,60,2026-10-08T09:00:06Z
2026-10-08T09:04:13Z,2026-10-08,11:04,4,Disneyland Park,Fantasyland,24,Princess Pavilion,1,0,2026-10-08T09:00:06Z
2026-10-08T09:04:13Z,2026-10-08,11:04,4,Disneyland Park,Frontierland,25,Big Thunder Mountain,1,50,2026-10-08T09:00:06Z
2026-10-08T09:04:13Z,2026-10-08,11:04,4,Disneyland Park,Frontierland,2714,Disneyland Railroad Frontierland Depot,0,0,2026-10-08T09:00:06Z
2026-10-08T09:04:13Z,2026-10-08,11:04,4,Disneyland Park,Frontierland,2713,Frontierland Playground,1,0,2026-10-08T09:00:06Z
2026-10-08T09:04:13Z,2026-10-08,11:04,4,Disneyland Park,Frontierland,26,Phantom Manor,1,10,2026-10-08T09:00:06Z
2026-10-08T09:04:13Z,2026-10-08,11:04,4,Disneyland Park,Frontierland,27,River Rogue Keelboats,0,0,2026-10-08T09:00:06Z
2026-10-08T09:04:13Z,2026-10-08,11:04,4,Disneyland Park,Frontierland,2712,Rustler Roundup Shootin' Gallery,1,0,2026-10-08T09:00:06Z
2026-10-08T09:04:13Z,2026-10-08,11:04,4,Disneyland Park,Frontierland,28,Thunder Mesa Riverboat Landing,1,20,2026-10-08T09:00:06Z
2026-10-08T09:04:13Z,2026-10-08,11:04,4,Disneyland Park,Main Street U.S.A,2708,Disneyland Railroad Main Street Station,1,45,2026-10-08T09:00:06Z
2026-10-08T09:04:13Z,2026-10-08,11:04,4,Disneyland Park,Main Street U.S.A,12,Main Street Vehicles,0,0,2026-10-08T09:00:06Z
2026-10-08T09:04:13Z,2026-10-08,11:04,28,Disney Adventure World,Marvel Avengers Campus,10848,Avengers Assemble: Flight Force,1,20,2026-10-08T09:00:06Z
2026-10-08T09:04:13Z,2026-10-08,11:04,28,Disney Adventure World,Marvel Avengers Campus,10849,Avengers Assemble: Flight Force Single Rider,1,15,2026-10-08T09:00:06Z
2026-10-08T09:04:13Z,2026-10-08,11:04,28,Disney Adventure World,Marvel Avengers Campus,10845,Spider-Man W.E.B. Adventure,1,35,2026-10-08T09:00:06Z
2026-10-08T09:04:13Z,2026-10-08,11:04,28,Disney Adventure World,Marvel Avengers Campus,10846,Spider-Man W.E.B. Adventure Single Rider,1,15,2026-10-08T09:00:06Z
2026-10-08T09:04:13Z,2026-10-08,11:04,28,Disney Adventure World,Production Courtyard,266,Meet Spider Man,0,0,2026-10-08T09:00:06Z
2026-10-08T09:04:13Z,2026-10-08,11:04,28,Disney Adventure World,Production Courtyard,40,The Twilight Zone Tower of Terror,1,50,2026-10-08T09:00:06Z
2026-10-08T09:04:13Z,2026-10-08,11:04,28,Disney Adventure World,Toon Studio,30,Art of Disney Animation,0,0,2026-10-08T09:00:06Z
2026-10-08T09:04:13Z,2026-10-08,11:04,28,Disney Adventure World,Toon Studio,31,Cars Quatre Roues Rallye,1,15,2026-10-08T09:00:06Z
2026-10-08T09:04:13Z,2026-10-08,11:04,28,Disney Adventure World,Toon Studio,29,Cars ROAD TRIP,1,10,2026-10-08T09:00:06Z
2026-10-08T09:04:13Z,2026-10-08,11:04,28,Disney Adventure World,Toon Studio,32,Crush's Coaster,0,0,2026-10-08T09:00:06Z
2026-10-08T09:04:13Z,2026-10-08,11:04,28,Disney Adventure World,Toon Studio,7277,Crush's Coaster Single Rider,0,0,2026-10-08T09:00:06Z
2026-10-08T09:04:13Z,2026-10-08,11:04,28,Disney Adventure World,Toon Studio,33,Les Tapis Volants - Flying Carpets Over Agrabah®,1,5,2026-10-08T09:00:06Z
2026-10-08T09:04:13Z,2026-10-08,11:04,28,Disney Adventure World,Toon Studio,37,Ratatouille : L’Aventure Totalement Toquée de Rémy​,1,40,2026-10-08T09:00:06Z
2026-10-08T09:04:13Z,2026-10-08,11:04,28,Disney Adventure World,Toon Studio,7279,Ratatouille: The Adventure Single Rider,1,5,2026-10-08T09:00:06Z
2026-10-08T09:04:13Z,2026-10-08,11:04,28,Disney Adventure World,Toon Studio,34,RC Racer,1,50,2026-10-08T09:00:06Z
2026-10-08T09:04:13Z,2026-10-08,11:04,28,Disney Adventure World,Toon Studio,7280,RC Racer Single Rider,1,45,2026-10-08T09:00:06Z
2026-10-08T09:04:13Z,2026-10-08,11:04,28,Disney Adventure World,Toon Studio,36,Slinky® Dog Zigzag Spin,1,15,2026-10-08T09:00:06Z
2026-10-08T09:04:13Z,2026-10-08,11:04,28,Disney Adventure World,Toon Studio,35,Toy Soldiers Parachute Drop,1,45,2026-10-08T09:00:06Z
2026-10-08T09:04:13Z,2026-10-08,11:04,28,Disney Adventure World,Toon Studio,7281,Toy Soldiers Parachute Drop Single Rider,1,10,2026-10-08T09:00:06Z
2026-10-08T09:04:13Z,2026-10-08,11:04,28,Disney Adventure World,World of Frozen,15413,Frozen Ever After,1,80,2026-10-08T09:00:06Z
2026-10-08T09:04:13Z,2026-10-08,11:04,28,Disney Adventure World,World of Frozen,15422,Frozen Ever After Single Rider,1,35,2026-10-08T09:00:06Z
2026-10-08T09:04:13Z,2026-10-08,11:04,28,Disney Adventure World,World of Frozen,15415,Raiponce Tangled Spin,1,10,2026-10-08T09:00:06Z
2026-10-08T09:19:09Z,2026-10-08,11:19,4,Disneyland Park,Adventureland,2702,Adventure Isle,1,0,2026-10-08T09:15:06Z
2026-10-08T09:19:09Z,2026-10-08,11:19,4,Disneyland Park,Adventureland,7306,Indiana Jones and the Temple of Peril Single Rider,1,5,2026-10-08T09:15:06Z
2026-10-08T09:19:09Z,2026-10-08,11:19,4,Disneyland Park,Adventureland,2,Indiana Jones™ and the Temple of Peril,1,10,2026-10-08T09:15:06Z
2026-10-08T09:19:09Z,2026-10-08,11:19,4,Disneyland Park,Adventureland,1,La Cabane des Robinson,1,5,2026-10-08T09:15:06Z
2026-10-08T09:19:09Z,2026-10-08,11:19,4,Disneyland Park,Adventureland,2703,Le Passage Enchanté d'Aladdin,1,0,2026-10-08T09:15:06Z
2026-10-08T09:19:09Z,2026-10-08,11:19,4,Disneyland Park,Adventureland,2705,Pirate Galleon,0,0,2026-10-08T09:15:06Z
2026-10-08T09:19:09Z,2026-10-08,11:19,4,Disneyland Park,Adventureland,3,Pirates of the Caribbean,1,15,2026-10-08T09:15:06Z
2026-10-08T09:19:09Z,2026-10-08,11:19,4,Disneyland Park,Adventureland,2704,Pirates' Beach,0,0,2026-10-08T09:15:06Z
2026-10-08T09:19:09Z,2026-10-08,11:19,4,Disneyland Park,Discoveryland,4,"Autopia, presented by Avis",1,15,2026-10-08T09:15:06Z
2026-10-08T09:19:09Z,2026-10-08,11:19,4,Disneyland Park,Discoveryland,5,Buzz Lightyear Laser Blast,0,0,2026-10-08T09:15:06Z
2026-10-08T09:19:09Z,2026-10-08,11:19,4,Disneyland Park,Discoveryland,2706,Disneyland Railroad Discoveryland Station,0,0,2026-10-08T09:15:06Z
2026-10-08T09:19:09Z,2026-10-08,11:19,4,Disneyland Park,Discoveryland,6,Les Mystères du Nautilus,1,5,2026-10-08T09:15:06Z
2026-10-08T09:19:09Z,2026-10-08,11:19,4,Disneyland Park,Discoveryland,2707,Mickey’s PhilharMagic,1,0,2026-10-08T09:15:06Z
2026-10-08T09:19:09Z,2026-10-08,11:19,4,Disneyland Park,Discoveryland,7,Orbitron®,1,45,2026-10-08T09:15:06Z
2026-10-08T09:19:09Z,2026-10-08,11:19,4,Disneyland Park,Discoveryland,9,Star Tours: The Adventures Continue*,1,5,2026-10-08T09:15:06Z
2026-10-08T09:19:09Z,2026-10-08,11:19,4,Disneyland Park,Discoveryland,8,Star Wars Hyperspace Mountain,1,30,2026-10-08T09:15:06Z
2026-10-08T09:19:09Z,2026-10-08,11:19,4,Disneyland Park,Discoveryland,7278,Star Wars Hyperspace Mountain Single Rider,1,20,2026-10-08T09:15:06Z
2026-10-08T09:19:09Z,2026-10-08,11:19,4,Disneyland Park,Discoveryland,4573,Welcome to Starport: A Star Wars Encounter,1,25,2026-10-08T09:15:06Z
2026-10-08T09:19:09Z,2026-10-08,11:19,4,Disneyland Park,Fantasyland,19,"""it's a small world""",1,5,2026-10-08T09:15:06Z
2026-10-08T09:19:09Z,2026-10-08,11:19,4,Disneyland Park,Fantasyland,14,Alice's Curious Labyrinth,1,5,2026-10-08T09:15:06Z
2026-10-08T09:19:09Z,2026-10-08,11:19,4,Disneyland Park,Fantasyland,15,Blanche-Neige et les Sept Nains®,1,15,2026-10-08T09:15:06Z
2026-10-08T09:19:09Z,2026-10-08,11:19,4,Disneyland Park,Fantasyland,17,Casey Jr. – le Petit Train du Cirque,1,5,2026-10-08T09:15:06Z
2026-10-08T09:19:09Z,2026-10-08,11:19,4,Disneyland Park,Fantasyland,2711,Disneyland Railroad Fantasyland Station,1,30,2026-10-08T09:15:06Z
2026-10-08T09:19:09Z,2026-10-08,11:19,4,Disneyland Park,Fantasyland,11,Disneyland Railroad Main Street Station,1,45,2026-10-08T09:15:06Z
2026-10-08T09:19:09Z,2026-10-08,11:19,4,Disneyland Park,Fantasyland,18,Dumbo the Flying Elephant,1,20,2026-10-08T09:15:06Z
2026-10-08T09:19:09Z,2026-10-08,11:19,4,Disneyland Park,Fantasyland,2710,La Tanière du Dragon,1,0,2026-10-08T09:15:06Z
2026-10-08T09:19:09Z,2026-10-08,11:19,4,Disneyland Park,Fantasyland,16,Le Carrousel de Lancelot,1,5,2026-10-08T09:15:06Z
2026-10-08T09:19:09Z,2026-10-08,11:19,4,Disneyland Park,Fantasyland,21,"Le Pays des Contes de Fées, presented by Vittel",1,5,2026-10-08T09:15:06Z
2026-10-08T09:19:09Z,2026-10-08,11:19,4,Disneyland Park,Fantasyland,23,Les Voyages de Pinocchio,1,20,2026-10-08T09:15:06Z
2026-10-08T09:19:09Z,2026-10-08,11:19,4,Disneyland Park,Fantasyland,20,Mad Hatter's Tea Cups,1,5,2026-10-08T09:15:06Z
2026-10-08T09:19:09Z,2026-10-08,11:19,4,Disneyland Park,Fantasyland,13,Meet Mickey Mouse,1,0,2026-10-08T09:15:06Z
2026-10-08T09:19:09Z,2026-10-08,11:19,4,Disneyland Park,Fantasyland,22,Peter Pan's Flight,1,60,2026-10-08T09:15:06Z
2026-10-08T09:19:09Z,2026-10-08,11:19,4,Disneyland Park,Fantasyland,24,Princess Pavilion,1,0,2026-10-08T09:15:06Z
2026-10-08T09:19:09Z,2026-10-08,11:19,4,Disneyland Park,Frontierland,25,Big Thunder Mountain,1,50,2026-10-08T09:15:06Z
2026-10-08T09:19:09Z,2026-10-08,11:19,4,Disneyland Park,Frontierland,2714,Disneyland Railroad Frontierland Depot,0,0,2026-10-08T09:15:06Z
2026-10-08T09:19:09Z,2026-10-08,11:19,4,Disneyland Park,Frontierland,2713,Frontierland Playground,1,0,2026-10-08T09:15:06Z
2026-10-08T09:19:09Z,2026-10-08,11:19,4,Disneyland Park,Frontierland,26,Phantom Manor,1,15,2026-10-08T09:15:06Z
2026-10-08T09:19:09Z,2026-10-08,11:19,4,Disneyland Park,Frontierland,27,River Rogue Keelboats,0,0,2026-10-08T09:15:06Z
2026-10-08T09:19:09Z,2026-10-08,11:19,4,Disneyland Park,Frontierland,2712,Rustler Roundup Shootin' Gallery,1,0,2026-10-08T09:15:06Z
2026-10-08T09:19:09Z,2026-10-08,11:19,4,Disneyland Park,Frontierland,28,Thunder Mesa Riverboat Landing,1,20,2026-10-08T09:15:06Z
2026-10-08T09:19:09Z,2026-10-08,11:19,4,Disneyland Park,Main Street U.S.A,2708,Disneyland Railroad Main Street Station,1,45,2026-10-08T09:15:06Z
2026-10-08T09:19:09Z,2026-10-08,11:19,4,Disneyland Park,Main Street U.S.A,12,Main Street Vehicles,0,0,2026-10-08T09:15:06Z
2026-10-08T09:19:09Z,2026-10-08,11:19,28,Disney Adventure World,Marvel Avengers Campus,10848,Avengers Assemble: Flight Force,1,25,2026-10-08T09:15:06Z
2026-10-08T09:19:09Z,2026-10-08,11:19,28,Disney Adventure World,Marvel Avengers Campus,10849,Avengers Assemble: Flight Force Single Rider,1,15,2026-10-08T09:15:06Z
2026-10-08T09:19:09Z,2026-10-08,11:19,28,Disney Adventure World,Marvel Avengers Campus,10845,Spider-Man W.E.B. Adventure,1,70,2026-10-08T09:15:06Z
2026-10-08T09:19:09Z,2026-10-08,11:19,28,Disney Adventure World,Marvel Avengers Campus,10846,Spider-Man W.E.B. Adventure Single Rider,1,20,2026-10-08T09:15:06Z
2026-10-08T09:19:09Z,2026-10-08,11:19,28,Disney Adventure World,Production Courtyard,266,Meet Spider Man,0,0,2026-10-08T09:15:06Z
2026-10-08T09:19:09Z,2026-10-08,11:19,28,Disney Adventure World,Production Courtyard,40,The Twilight Zone Tower of Terror,1,70,2026-10-08T09:15:06Z
2026-10-08T09:19:09Z,2026-10-08,11:19,28,Disney Adventure World,Toon Studio,30,Art of Disney Animation,0,0,2026-10-08T09:15:06Z
2026-10-08T09:19:09Z,2026-10-08,11:19,28,Disney Adventure World,Toon Studio,31,Cars Quatre Roues Rallye,1,15,2026-10-08T09:15:06Z
2026-10-08T09:19:09Z,2026-10-08,11:19,28,Disney Adventure World,Toon Studio,29,Cars ROAD TRIP,1,10,2026-10-08T09:15:06Z
2026-10-08T09:19:09Z,2026-10-08,11:19,28,Disney Adventure World,Toon Studio,32,Crush's Coaster,0,0,2026-10-08T09:15:06Z
2026-10-08T09:19:09Z,2026-10-08,11:19,28,Disney Adventure World,Toon Studio,7277,Crush's Coaster Single Rider,0,0,2026-10-08T09:15:06Z
2026-10-08T09:19:09Z,2026-10-08,11:19,28,Disney Adventure World,Toon Studio,33,Les Tapis Volants - Flying Carpets Over Agrabah®,1,5,2026-10-08T09:15:06Z
2026-10-08T09:19:09Z,2026-10-08,11:19,28,Disney Adventure World,Toon Studio,37,Ratatouille : L’Aventure Totalement Toquée de Rémy​,1,45,2026-10-08T09:15:06Z
2026-10-08T09:19:09Z,2026-10-08,11:19,28,Disney Adventure World,Toon Studio,7279,Ratatouille: The Adventure Single Rider,1,20,2026-10-08T09:15:06Z
2026-10-08T09:19:09Z,2026-10-08,11:19,28,Disney Adventure World,Toon Studio,34,RC Racer,1,50,2026-10-08T09:15:06Z
2026-10-08T09:19:09Z,2026-10-08,11:19,28,Disney Adventure World,Toon Studio,7280,RC Racer Single Rider,1,40,2026-10-08T09:15:06Z
2026-10-08T09:19:09Z,2026-10-08,11:19,28,Disney Adventure World,Toon Studio,36,Slinky® Dog Zigzag Spin,0,0,2026-10-08T09:15:06Z
2026-10-08T09:19:09Z,2026-10-08,11:19,28,Disney Adventure World,Toon Studio,35,Toy Soldiers Parachute Drop,1,60,2026-10-08T09:15:06Z
2026-10-08T09:19:09Z,2026-10-08,11:19,28,Disney Adventure World,Toon Studio,7281,Toy Soldiers Parachute Drop Single Rider,1,10,2026-10-08T09:15:06Z
2026-10-08T09:19:09Z,2026-10-08,11:19,28,Disney Adventure World,World of Frozen,15413,Frozen Ever After,1,80,2026-10-08T09:15:06Z
2026-10-08T09:19:09Z,2026-10-08,11:19,28,Disney Adventure World,World of Frozen,15422,Frozen Ever After Single Rider,1,35,2026-10-08T09:15:06Z
2026-10-08T09:19:09Z,2026-10-08,11:19,28,Disney Adventure World,World of Frozen,15415,Raiponce Tangled Spin,1,15,2026-10-08T09:15:06Z
2026-10-08T09:34:13Z,2026-10-08,11:34,4,Disneyland Park,Adventureland,2702,Adventure Isle,1,0,2026-10-08T09:30:05Z
2026-10-08T09:34:13Z,2026-10-08,11:34,4,Disneyland Park,Adventureland,7306,Indiana Jones and the Temple of Peril Single Rider,1,5,2026-10-08T09:30:05Z
2026-10-08T09:34:13Z,2026-10-08,11:34,4,Disneyland Park,Adventureland,2,Indiana Jones™ and the Temple of Peril,1,10,2026-10-08T09:30:05Z
2026-10-08T09:34:13Z,2026-10-08,11:34,4,Disneyland Park,Adventureland,1,La Cabane des Robinson,1,5,2026-10-08T09:30:05Z
2026-10-08T09:34:13Z,2026-10-08,11:34,4,Disneyland Park,Adventureland,2703,Le Passage Enchanté d'Aladdin,1,0,2026-10-08T09:30:05Z
2026-10-08T09:34:13Z,2026-10-08,11:34,4,Disneyland Park,Adventureland,2705,Pirate Galleon,0,0,2026-10-08T09:30:05Z
2026-10-08T09:34:13Z,2026-10-08,11:34,4,Disneyland Park,Adventureland,3,Pirates of the Caribbean,1,20,2026-10-08T09:30:05Z
2026-10-08T09:34:13Z,2026-10-08,11:34,4,Disneyland Park,Adventureland,2704,Pirates' Beach,0,0,2026-10-08T09:30:05Z
2026-10-08T09:34:13Z,2026-10-08,11:34,4,Disneyland Park,Discoveryland,4,"Autopia, presented by Avis",1,10,2026-10-08T09:30:05Z
2026-10-08T09:34:13Z,2026-10-08,11:34,4,Disneyland Park,Discoveryland,5,Buzz Lightyear Laser Blast,0,0,2026-10-08T09:30:05Z
2026-10-08T09:34:13Z,2026-10-08,11:34,4,Disneyland Park,Discoveryland,2706,Disneyland Railroad Discoveryland Station,0,0,2026-10-08T09:30:05Z
2026-10-08T09:34:13Z,2026-10-08,11:34,4,Disneyland Park,Discoveryland,6,Les Mystères du Nautilus,1,5,2026-10-08T09:30:05Z
2026-10-08T09:34:13Z,2026-10-08,11:34,4,Disneyland Park,Discoveryland,2707,Mickey’s PhilharMagic,1,0,2026-10-08T09:30:05Z
2026-10-08T09:34:13Z,2026-10-08,11:34,4,Disneyland Park,Discoveryland,7,Orbitron®,1,50,2026-10-08T09:30:05Z
2026-10-08T09:34:13Z,2026-10-08,11:34,4,Disneyland Park,Discoveryland,9,Star Tours: The Adventures Continue*,1,5,2026-10-08T09:30:05Z
2026-10-08T09:34:13Z,2026-10-08,11:34,4,Disneyland Park,Discoveryland,8,Star Wars Hyperspace Mountain,1,30,2026-10-08T09:30:05Z
2026-10-08T09:34:13Z,2026-10-08,11:34,4,Disneyland Park,Discoveryland,7278,Star Wars Hyperspace Mountain Single Rider,1,15,2026-10-08T09:30:05Z
2026-10-08T09:34:13Z,2026-10-08,11:34,4,Disneyland Park,Discoveryland,4573,Welcome to Starport: A Star Wars Encounter,1,25,2026-10-08T09:30:05Z
2026-10-08T09:34:13Z,2026-10-08,11:34,4,Disneyland Park,Fantasyland,19,"""it's a small world""",1,5,2026-10-08T09:30:05Z
2026-10-08T09:34:13Z,2026-10-08,11:34,4,Disneyland Park,Fantasyland,14,Alice's Curious Labyrinth,1,5,2026-10-08T09:30:05Z
2026-10-08T09:34:13Z,2026-10-08,11:34,4,Disneyland Park,Fantasyland,15,Blanche-Neige et les Sept Nains®,1,10,2026-10-08T09:30:05Z
2026-10-08T09:34:13Z,2026-10-08,11:34,4,Disneyland Park,Fantasyland,17,Casey Jr. – le Petit Train du Cirque,1,5,2026-10-08T09:30:05Z
2026-10-08T09:34:13Z,2026-10-08,11:34,4,Disneyland Park,Fantasyland,2711,Disneyland Railroad Fantasyland Station,1,30,2026-10-08T09:30:05Z
2026-10-08T09:34:13Z,2026-10-08,11:34,4,Disneyland Park,Fantasyland,11,Disneyland Railroad Main Street Station,1,45,2026-10-08T09:30:05Z
2026-10-08T09:34:13Z,2026-10-08,11:34,4,Disneyland Park,Fantasyland,18,Dumbo the Flying Elephant,1,25,2026-10-08T09:30:05Z
2026-10-08T09:34:13Z,2026-10-08,11:34,4,Disneyland Park,Fantasyland,2710,La Tanière du Dragon,1,0,2026-10-08T09:30:05Z
2026-10-08T09:34:13Z,2026-10-08,11:34,4,Disneyland Park,Fantasyland,16,Le Carrousel de Lancelot,1,5,2026-10-08T09:30:05Z
2026-10-08T09:34:13Z,2026-10-08,11:34,4,Disneyland Park,Fantasyland,21,"Le Pays des Contes de Fées, presented by Vittel",1,5,2026-10-08T09:30:05Z
2026-10-08T09:34:13Z,2026-10-08,11:34,4,Disneyland Park,Fantasyland,23,Les Voyages de Pinocchio,1,20,2026-10-08T09:30:05Z
2026-10-08T09:34:13Z,2026-10-08,11:34,4,Disneyland Park,Fantasyland,20,Mad Hatter's Tea Cups,1,5,2026-10-08T09:30:05Z
2026-10-08T09:34:13Z,2026-10-08,11:34,4,Disneyland Park,Fantasyland,13,Meet Mickey Mouse,1,0,2026-10-08T09:30:05Z
2026-10-08T09:34:13Z,2026-10-08,11:34,4,Disneyland Park,Fantasyland,22,Peter Pan's Flight,1,45,2026-10-08T09:30:05Z
2026-10-08T09:34:13Z,2026-10-08,11:34,4,Disneyland Park,Fantasyland,24,Princess Pavilion,1,0,2026-10-08T09:30:05Z
2026-10-08T09:34:13Z,2026-10-08,11:34,4,Disneyland Park,Frontierland,25,Big Thunder Mountain,1,50,2026-10-08T09:30:05Z
2026-10-08T09:34:13Z,2026-10-08,11:34,4,Disneyland Park,Frontierland,2714,Disneyland Railroad Frontierland Depot,0,0,2026-10-08T09:30:05Z
2026-10-08T09:34:13Z,2026-10-08,11:34,4,Disneyland Park,Frontierland,2713,Frontierland Playground,1,0,2026-10-08T09:30:05Z
2026-10-08T09:34:13Z,2026-10-08,11:34,4,Disneyland Park,Frontierland,26,Phantom Manor,1,15,2026-10-08T09:30:05Z
2026-10-08T09:34:13Z,2026-10-08,11:34,4,Disneyland Park,Frontierland,27,River Rogue Keelboats,0,0,2026-10-08T09:30:05Z
2026-10-08T09:34:13Z,2026-10-08,11:34,4,Disneyland Park,Frontierland,2712,Rustler Roundup Shootin' Gallery,1,0,2026-10-08T09:30:05Z
2026-10-08T09:34:13Z,2026-10-08,11:34,4,Disneyland Park,Frontierland,28,Thunder Mesa Riverboat Landing,1,20,2026-10-08T09:30:05Z
2026-10-08T09:34:13Z,2026-10-08,11:34,4,Disneyland Park,Main Street U.S.A,2708,Disneyland Railroad Main Street Station,1,45,2026-10-08T09:30:05Z
2026-10-08T09:34:13Z,2026-10-08,11:34,4,Disneyland Park,Main Street U.S.A,12,Main Street Vehicles,0,0,2026-10-08T09:30:05Z
2026-10-08T09:34:13Z,2026-10-08,11:34,28,Disney Adventure World,Marvel Avengers Campus,10848,Avengers Assemble: Flight Force,1,30,2026-10-08T09:30:05Z
2026-10-08T09:34:13Z,2026-10-08,11:34,28,Disney Adventure World,Marvel Avengers Campus,10849,Avengers Assemble: Flight Force Single Rider,1,20,2026-10-08T09:30:05Z
2026-10-08T09:34:13Z,2026-10-08,11:34,28,Disney Adventure World,Marvel Avengers Campus,10845,Spider-Man W.E.B. Adventure,1,60,2026-10-08T09:30:05Z
2026-10-08T09:34:13Z,2026-10-08,11:34,28,Disney Adventure World,Marvel Avengers Campus,10846,Spider-Man W.E.B. Adventure Single Rider,1,20,2026-10-08T09:30:05Z
2026-10-08T09:34:13Z,2026-10-08,11:34,28,Disney Adventure World,Production Courtyard,266,Meet Spider Man,0,0,2026-10-08T09:30:05Z
2026-10-08T09:34:13Z,2026-10-08,11:34,28,Disney Adventure World,Production Courtyard,40,The Twilight Zone Tower of Terror,1,55,2026-10-08T09:30:05Z
2026-10-08T09:34:13Z,2026-10-08,11:34,28,Disney Adventure World,Toon Studio,30,Art of Disney Animation,0,0,2026-10-08T09:30:05Z
2026-10-08T09:34:13Z,2026-10-08,11:34,28,Disney Adventure World,Toon Studio,31,Cars Quatre Roues Rallye,1,25,2026-10-08T09:30:05Z
2026-10-08T09:34:13Z,2026-10-08,11:34,28,Disney Adventure World,Toon Studio,29,Cars ROAD TRIP,1,30,2026-10-08T09:30:05Z
2026-10-08T09:34:13Z,2026-10-08,11:34,28,Disney Adventure World,Toon Studio,32,Crush's Coaster,0,0,2026-10-08T09:30:05Z
2026-10-08T09:34:13Z,2026-10-08,11:34,28,Disney Adventure World,Toon Studio,7277,Crush's Coaster Single Rider,0,0,2026-10-08T09:30:05Z
2026-10-08T09:34:13Z,2026-10-08,11:34,28,Disney Adventure World,Toon Studio,33,Les Tapis Volants - Flying Carpets Over Agrabah®,1,15,2026-10-08T09:30:05Z
2026-10-08T09:34:13Z,2026-10-08,11:34,28,Disney Adventure World,Toon Studio,37,Ratatouille : L’Aventure Totalement Toquée de Rémy​,1,80,2026-10-08T09:30:05Z
2026-10-08T09:34:13Z,2026-10-08,11:34,28,Disney Adventure World,Toon Studio,7279,Ratatouille: The Adventure Single Rider,1,25,2026-10-08T09:30:05Z
2026-10-08T09:34:13Z,2026-10-08,11:34,28,Disney Adventure World,Toon Studio,34,RC Racer,1,55,2026-10-08T09:30:05Z
2026-10-08T09:34:13Z,2026-10-08,11:34,28,Disney Adventure World,Toon Studio,7280,RC Racer Single Rider,1,30,2026-10-08T09:30:05Z
2026-10-08T09:34:13Z,2026-10-08,11:34,28,Disney Adventure World,Toon Studio,36,Slinky® Dog Zigzag Spin,1,20,2026-10-08T09:30:05Z
2026-10-08T09:34:13Z,2026-10-08,11:34,28,Disney Adventure World,Toon Studio,35,Toy Soldiers Parachute Drop,1,50,2026-10-08T09:30:05Z
2026-10-08T09:34:13Z,2026-10-08,11:34,28,Disney Adventure World,Toon Studio,7281,Toy Soldiers Parachute Drop Single Rider,1,25,2026-10-08T09:30:05Z
2026-10-08T09:34:13Z,2026-10-08,11:34,28,Disney Adventure World,World of Frozen,15413,Frozen Ever After,1,75,2026-10-08T09:30:05Z
2026-10-08T09:34:13Z,2026-10-08,11:34,28,Disney Adventure World,World of Frozen,15422,Frozen Ever After Single Rider,1,40,2026-10-08T09:30:05Z
2026-10-08T09:34:13Z,2026-10-08,11:34,28,Disney Adventure World,World of Frozen,15415,Raiponce Tangled Spin,1,5,2026-10-08T09:30:05Z
2026-10-08T09:49:10Z,2026-10-08,11:49,4,Disneyland Park,Adventureland,2702,Adventure Isle,1,0,2026-10-08T09:45:09Z
2026-10-08T09:49:10Z,2026-10-08,11:49,4,Disneyland Park,Adventureland,7306,Indiana Jones and the Temple of Peril Single Rider,1,5,2026-10-08T09:45:09Z
2026-10-08T09:49:10Z,2026-10-08,11:49,4,Disneyland Park,Adventureland,2,Indiana Jones™ and the Temple of Peril,1,10,2026-10-08T09:45:09Z
2026-10-08T09:49:10Z,2026-10-08,11:49,4,Disneyland Park,Adventureland,1,La Cabane des Robinson,1,5,2026-10-08T09:45:09Z
2026-10-08T09:49:10Z,2026-10-08,11:49,4,Disneyland Park,Adventureland,2703,Le Passage Enchanté d'Aladdin,1,0,2026-10-08T09:45:09Z
2026-10-08T09:49:10Z,2026-10-08,11:49,4,Disneyland Park,Adventureland,2705,Pirate Galleon,0,0,2026-10-08T09:45:09Z
2026-10-08T09:49:10Z,2026-10-08,11:49,4,Disneyland Park,Adventureland,3,Pirates of the Caribbean,1,15,2026-10-08T09:45:09Z
2026-10-08T09:49:10Z,2026-10-08,11:49,4,Disneyland Park,Adventureland,2704,Pirates' Beach,0,0,2026-10-08T09:45:09Z
2026-10-08T09:49:10Z,2026-10-08,11:49,4,Disneyland Park,Discoveryland,4,"Autopia, presented by Avis",1,5,2026-10-08T09:45:09Z
2026-10-08T09:49:10Z,2026-10-08,11:49,4,Disneyland Park,Discoveryland,5,Buzz Lightyear Laser Blast,0,0,2026-10-08T09:45:09Z
2026-10-08T09:49:10Z,2026-10-08,11:49,4,Disneyland Park,Discoveryland,2706,Disneyland Railroad Discoveryland Station,0,0,2026-10-08T09:45:09Z
2026-10-08T09:49:10Z,2026-10-08,11:49,4,Disneyland Park,Discoveryland,6,Les Mystères du Nautilus,1,5,2026-10-08T09:45:09Z
2026-10-08T09:49:10Z,2026-10-08,11:49,4,Disneyland Park,Discoveryland,2707,Mickey’s PhilharMagic,1,0,2026-10-08T09:45:09Z
2026-10-08T09:49:10Z,2026-10-08,11:49,4,Disneyland Park,Discoveryland,7,Orbitron®,1,40,2026-10-08T09:45:09Z
2026-10-08T09:49:10Z,2026-10-08,11:49,4,Disneyland Park,Discoveryland,9,Star Tours: The Adventures Continue*,1,5,2026-10-08T09:45:09Z
2026-10-08T09:49:10Z,2026-10-08,11:49,4,Disneyland Park,Discoveryland,8,Star Wars Hyperspace Mountain,1,25,2026-10-08T09:45:09Z
2026-10-08T09:49:10Z,2026-10-08,11:49,4,Disneyland Park,Discoveryland,7278,Star Wars Hyperspace Mountain Single Rider,1,20,2026-10-08T09:45:09Z
2026-10-08T09:49:10Z,2026-10-08,11:49,4,Disneyland Park,Discoveryland,4573,Welcome to Starport: A Star Wars Encounter,1,15,2026-10-08T09:45:09Z
2026-10-08T09:49:10Z,2026-10-08,11:49,4,Disneyland Park,Fantasyland,19,"""it's a small world""",1,5,2026-10-08T09:45:09Z
2026-10-08T09:49:10Z,2026-10-08,11:49,4,Disneyland Park,Fantasyland,14,Alice's Curious Labyrinth,1,5,2026-10-08T09:45:09Z
2026-10-08T09:49:10Z,2026-10-08,11:49,4,Disneyland Park,Fantasyland,15,Blanche-Neige et les Sept Nains®,1,5,2026-10-08T09:45:09Z
2026-10-08T09:49:10Z,2026-10-08,11:49,4,Disneyland Park,Fantasyland,17,Casey Jr. – le Petit Train du Cirque,1,5,2026-10-08T09:45:09Z
2026-10-08T09:49:10Z,2026-10-08,11:49,4,Disneyland Park,Fantasyland,2711,Disneyland Railroad Fantasyland Station,1,30,2026-10-08T09:45:09Z
2026-10-08T09:49:10Z,2026-10-08,11:49,4,Disneyland Park,Fantasyland,11,Disneyland Railroad Main Street Station,1,45,2026-10-08T09:45:09Z
2026-10-08T09:49:10Z,2026-10-08,11:49,4,Disneyland Park,Fantasyland,18,Dumbo the Flying Elephant,1,20,2026-10-08T09:45:09Z
2026-10-08T09:49:10Z,2026-10-08,11:49,4,Disneyland Park,Fantasyland,2710,La Tanière du Dragon,1,0,2026-10-08T09:45:09Z
2026-10-08T09:49:10Z,2026-10-08,11:49,4,Disneyland Park,Fantasyland,16,Le Carrousel de Lancelot,1,5,2026-10-08T09:45:09Z
2026-10-08T09:49:10Z,2026-10-08,11:49,4,Disneyland Park,Fantasyland,21,"Le Pays des Contes de Fées, presented by Vittel",1,5,2026-10-08T09:45:09Z
2026-10-08T09:49:10Z,2026-10-08,11:49,4,Disneyland Park,Fantasyland,23,Les Voyages de Pinocchio,1,20,2026-10-08T09:45:09Z
2026-10-08T09:49:10Z,2026-10-08,11:49,4,Disneyland Park,Fantasyland,20,Mad Hatter's Tea Cups,1,5,2026-10-08T09:45:09Z
2026-10-08T09:49:10Z,2026-10-08,11:49,4,Disneyland Park,Fantasyland,13,Meet Mickey Mouse,1,0,2026-10-08T09:45:09Z
2026-10-08T09:49:10Z,2026-10-08,11:49,4,Disneyland Park,Fantasyland,22,Peter Pan's Flight,1,50,2026-10-08T09:45:09Z
2026-10-08T09:49:10Z,2026-10-08,11:49,4,Disneyland Park,Fantasyland,24,Princess Pavilion,1,0,2026-10-08T09:45:09Z
2026-10-08T09:49:10Z,2026-10-08,11:49,4,Disneyland Park,Frontierland,25,Big Thunder Mountain,1,60,2026-10-08T09:45:09Z
2026-10-08T09:49:10Z,2026-10-08,11:49,4,Disneyland Park,Frontierland,2714,Disneyland Railroad Frontierland Depot,0,0,2026-10-08T09:45:09Z
2026-10-08T09:49:10Z,2026-10-08,11:49,4,Disneyland Park,Frontierland,2713,Frontierland Playground,1,0,2026-10-08T09:45:09Z
2026-10-08T09:49:10Z,2026-10-08,11:49,4,Disneyland Park,Frontierland,26,Phantom Manor,1,15,2026-10-08T09:45:09Z
2026-10-08T09:49:10Z,2026-10-08,11:49,4,Disneyland Park,Frontierland,27,River Rogue Keelboats,0,0,2026-10-08T09:45:09Z
2026-10-08T09:49:10Z,2026-10-08,11:49,4,Disneyland Park,Frontierland,2712,Rustler Roundup Shootin' Gallery,1,0,2026-10-08T09:45:09Z
2026-10-08T09:49:10Z,2026-10-08,11:49,4,Disneyland Park,Frontierland,28,Thunder Mesa Riverboat Landing,1,20,2026-10-08T09:45:09Z
2026-10-08T09:49:10Z,2026-10-08,11:49,4,Disneyland Park,Main Street U.S.A,2708,Disneyland Railroad Main Street Station,1,45,2026-10-08T09:45:09Z
2026-10-08T09:49:10Z,2026-10-08,11:49,4,Disneyland Park,Main Street U.S.A,12,Main Street Vehicles,0,0,2026-10-08T09:45:09Z
2026-10-08T09:49:10Z,2026-10-08,11:49,28,Disney Adventure World,Marvel Avengers Campus,10848,Avengers Assemble: Flight Force,1,25,2026-10-08T09:45:09Z
2026-10-08T09:49:10Z,2026-10-08,11:49,28,Disney Adventure World,Marvel Avengers Campus,10849,Avengers Assemble: Flight Force Single Rider,1,20,2026-10-08T09:45:09Z
2026-10-08T09:49:10Z,2026-10-08,11:49,28,Disney Adventure World,Marvel Avengers Campus,10845,Spider-Man W.E.B. Adventure,1,40,2026-10-08T09:45:09Z
2026-10-08T09:49:10Z,2026-10-08,11:49,28,Disney Adventure World,Marvel Avengers Campus,10846,Spider-Man W.E.B. Adventure Single Rider,1,30,2026-10-08T09:45:09Z
2026-10-08T09:49:10Z,2026-10-08,11:49,28,Disney Adventure World,Production Courtyard,266,Meet Spider Man,0,0,2026-10-08T09:45:09Z
2026-10-08T09:49:10Z,2026-10-08,11:49,28,Disney Adventure World,Production Courtyard,40,The Twilight Zone Tower of Terror,1,35,2026-10-08T09:45:09Z
2026-10-08T09:49:10Z,2026-10-08,11:49,28,Disney Adventure World,Toon Studio,30,Art of Disney Animation,0,0,2026-10-08T09:45:09Z
2026-10-08T09:49:10Z,2026-10-08,11:49,28,Disney Adventure World,Toon Studio,31,Cars Quatre Roues Rallye,1,25,2026-10-08T09:45:09Z
2026-10-08T09:49:10Z,2026-10-08,11:49,28,Disney Adventure World,Toon Studio,29,Cars ROAD TRIP,1,20,2026-10-08T09:45:09Z
2026-10-08T09:49:10Z,2026-10-08,11:49,28,Disney Adventure World,Toon Studio,32,Crush's Coaster,0,0,2026-10-08T09:45:09Z
2026-10-08T09:49:10Z,2026-10-08,11:49,28,Disney Adventure World,Toon Studio,7277,Crush's Coaster Single Rider,0,0,2026-10-08T09:45:09Z
2026-10-08T09:49:10Z,2026-10-08,11:49,28,Disney Adventure World,Toon Studio,33,Les Tapis Volants - Flying Carpets Over Agrabah®,1,15,2026-10-08T09:45:09Z
2026-10-08T09:49:10Z,2026-10-08,11:49,28,Disney Adventure World,Toon Studio,37,Ratatouille : L’Aventure Totalement Toquée de Rémy​,1,55,2026-10-08T09:45:09Z
2026-10-08T09:49:10Z,2026-10-08,11:49,28,Disney Adventure World,Toon Studio,7279,Ratatouille: The Adventure Single Rider,1,25,2026-10-08T09:45:09Z
2026-10-08T09:49:10Z,2026-10-08,11:49,28,Disney Adventure World,Toon Studio,34,RC Racer,1,50,2026-10-08T09:45:09Z
2026-10-08T09:49:10Z,2026-10-08,11:49,28,Disney Adventure World,Toon Studio,7280,RC Racer Single Rider,1,45,2026-10-08T09:45:09Z
2026-10-08T09:49:10Z,2026-10-08,11:49,28,Disney Adventure World,Toon Studio,36,Slinky® Dog Zigzag Spin,1,15,2026-10-08T09:45:09Z
2026-10-08T09:49:10Z,2026-10-08,11:49,28,Disney Adventure World,Toon Studio,35,Toy Soldiers Parachute Drop,1,50,2026-10-08T09:45:09Z
2026-10-08T09:49:10Z,2026-10-08,11:49,28,Disney Adventure World,Toon Studio,7281,Toy Soldiers Parachute Drop Single Rider,1,15,2026-10-08T09:45:09Z
2026-10-08T09:49:10Z,2026-10-08,11:49,28,Disney Adventure World,World of Frozen,15413,Frozen Ever After,1,50,2026-10-08T09:45:09Z
2026-10-08T09:49:10Z,2026-10-08,11:49,28,Disney Adventure World,World of Frozen,15422,Frozen Ever After Single Rider,1,50,2026-10-08T09:45:09Z
2026-10-08T09:49:10Z,2026-10-08,11:49,28,Disney Adventure World,World of Frozen,15415,Raiponce Tangled Spin,1,15,2026-10-08T09:45:09Z
2026-10-08T10:04:10Z,2026-10-08,12:04,4,Disneyland Park,Adventureland,2702,Adventure Isle,1,0,2026-10-08T10:00:08Z
2026-10-08T10:04:10Z,2026-10-08,12:04,4,Disneyland Park,Adventureland,7306,Indiana Jones and the Temple of Peril Single Rider,1,5,2026-10-08T10:00:08Z
2026-10-08T10:04:10Z,2026-10-08,12:04,4,Disneyland Park,Adventureland,2,Indiana Jones™ and the Temple of Peril,1,15,2026-10-08T10:00:08Z
2026-10-08T10:04:10Z,2026-10-08,12:04,4,Disneyland Park,Adventureland,1,La Cabane des Robinson,1,5,2026-10-08T10:00:08Z
2026-10-08T10:04:10Z,2026-10-08,12:04,4,Disneyland Park,Adventureland,2703,Le Passage Enchanté d'Aladdin,1,0,2026-10-08T10:00:08Z
2026-10-08T10:04:10Z,2026-10-08,12:04,4,Disneyland Park,Adventureland,2705,Pirate Galleon,0,0,2026-10-08T10:00:08Z
2026-10-08T10:04:10Z,2026-10-08,12:04,4,Disneyland Park,Adventureland,3,Pirates of the Caribbean,1,20,2026-10-08T10:00:08Z
2026-10-08T10:04:10Z,2026-10-08,12:04,4,Disneyland Park,Adventureland,2704,Pirates' Beach,0,0,2026-10-08T10:00:08Z
2026-10-08T10:04:10Z,2026-10-08,12:04,4,Disneyland Park,Discoveryland,4,"Autopia, presented by Avis",1,20,2026-10-08T10:00:08Z
2026-10-08T10:04:10Z,2026-10-08,12:04,4,Disneyland Park,Discoveryland,5,Buzz Lightyear Laser Blast,0,0,2026-10-08T10:00:08Z
2026-10-08T10:04:10Z,2026-10-08,12:04,4,Disneyland Park,Discoveryland,2706,Disneyland Railroad Discoveryland Station,0,0,2026-10-08T10:00:08Z
2026-10-08T10:04:10Z,2026-10-08,12:04,4,Disneyland Park,Discoveryland,6,Les Mystères du Nautilus,1,5,2026-10-08T10:00:08Z
2026-10-08T10:04:10Z,2026-10-08,12:04,4,Disneyland Park,Discoveryland,2707,Mickey’s PhilharMagic,1,0,2026-10-08T10:00:08Z
2026-10-08T10:04:10Z,2026-10-08,12:04,4,Disneyland Park,Discoveryland,7,Orbitron®,1,40,2026-10-08T10:00:08Z
2026-10-08T10:04:10Z,2026-10-08,12:04,4,Disneyland Park,Discoveryland,9,Star Tours: The Adventures Continue*,1,5,2026-10-08T10:00:08Z
2026-10-08T10:04:10Z,2026-10-08,12:04,4,Disneyland Park,Discoveryland,8,Star Wars Hyperspace Mountain,1,45,2026-10-08T10:00:08Z
2026-10-08T10:04:10Z,2026-10-08,12:04,4,Disneyland Park,Discoveryland,7278,Star Wars Hyperspace Mountain Single Rider,1,40,2026-10-08T10:00:08Z
2026-10-08T10:04:10Z,2026-10-08,12:04,4,Disneyland Park,Discoveryland,4573,Welcome to Starport: A Star Wars Encounter,1,5,2026-10-08T10:00:08Z
2026-10-08T10:04:10Z,2026-10-08,12:04,4,Disneyland Park,Fantasyland,19,"""it's a small world""",1,10,2026-10-08T10:00:08Z
2026-10-08T10:04:10Z,2026-10-08,12:04,4,Disneyland Park,Fantasyland,14,Alice's Curious Labyrinth,1,5,2026-10-08T10:00:08Z
2026-10-08T10:04:10Z,2026-10-08,12:04,4,Disneyland Park,Fantasyland,15,Blanche-Neige et les Sept Nains®,1,15,2026-10-08T10:00:08Z
2026-10-08T10:04:10Z,2026-10-08,12:04,4,Disneyland Park,Fantasyland,17,Casey Jr. – le Petit Train du Cirque,1,5,2026-10-08T10:00:08Z
2026-10-08T10:04:10Z,2026-10-08,12:04,4,Disneyland Park,Fantasyland,2711,Disneyland Railroad Fantasyland Station,1,30,2026-10-08T10:00:08Z
2026-10-08T10:04:10Z,2026-10-08,12:04,4,Disneyland Park,Fantasyland,11,Disneyland Railroad Main Street Station,1,45,2026-10-08T10:00:08Z
2026-10-08T10:04:10Z,2026-10-08,12:04,4,Disneyland Park,Fantasyland,18,Dumbo the Flying Elephant,1,20,2026-10-08T10:00:08Z
2026-10-08T10:04:10Z,2026-10-08,12:04,4,Disneyland Park,Fantasyland,2710,La Tanière du Dragon,1,0,2026-10-08T10:00:08Z
2026-10-08T10:04:10Z,2026-10-08,12:04,4,Disneyland Park,Fantasyland,16,Le Carrousel de Lancelot,1,5,2026-10-08T10:00:08Z
2026-10-08T10:04:10Z,2026-10-08,12:04,4,Disneyland Park,Fantasyland,21,"Le Pays des Contes de Fées, presented by Vittel",1,5,2026-10-08T10:00:08Z
2026-10-08T10:04:10Z,2026-10-08,12:04,4,Disneyland Park,Fantasyland,23,Les Voyages de Pinocchio,1,15,2026-10-08T10:00:08Z
2026-10-08T10:04:10Z,2026-10-08,12:04,4,Disneyland Park,Fantasyland,20,Mad Hatter's Tea Cups,1,5,2026-10-08T10:00:08Z
2026-10-08T10:04:10Z,2026-10-08,12:04,4,Disneyland Park,Fantasyland,13,Meet Mickey Mouse,1,0,2026-10-08T10:00:08Z
2026-10-08T10:04:10Z,2026-10-08,12:04,4,Disneyland Park,Fantasyland,22,Peter Pan's Flight,1,65,2026-10-08T10:00:08Z
2026-10-08T10:04:10Z,2026-10-08,12:04,4,Disneyland Park,Fantasyland,24,Princess Pavilion,1,0,2026-10-08T10:00:08Z
2026-10-08T10:04:10Z,2026-10-08,12:04,4,Disneyland Park,Frontierland,25,Big Thunder Mountain,1,75,2026-10-08T10:00:08Z
2026-10-08T10:04:10Z,2026-10-08,12:04,4,Disneyland Park,Frontierland,2714,Disneyland Railroad Frontierland Depot,0,0,2026-10-08T10:00:08Z
2026-10-08T10:04:10Z,2026-10-08,12:04,4,Disneyland Park,Frontierland,2713,Frontierland Playground,1,0,2026-10-08T10:00:08Z
2026-10-08T10:04:10Z,2026-10-08,12:04,4,Disneyland Park,Frontierland,26,Phantom Manor,1,15,2026-10-08T10:00:08Z
2026-10-08T10:04:10Z,2026-10-08,12:04,4,Disneyland Park,Frontierland,27,River Rogue Keelboats,0,0,2026-10-08T10:00:08Z
2026-10-08T10:04:10Z,2026-10-08,12:04,4,Disneyland Park,Frontierland,2712,Rustler Roundup Shootin' Gallery,1,0,2026-10-08T10:00:08Z
2026-10-08T10:04:10Z,2026-10-08,12:04,4,Disneyland Park,Frontierland,28,Thunder Mesa Riverboat Landing,1,20,2026-10-08T10:00:08Z
2026-10-08T10:04:10Z,2026-10-08,12:04,4,Disneyland Park,Main Street U.S.A,2708,Disneyland Railroad Main Street Station,1,45,2026-10-08T10:00:08Z
2026-10-08T10:04:10Z,2026-10-08,12:04,4,Disneyland Park,Main Street U.S.A,12,Main Street Vehicles,0,0,2026-10-08T10:00:08Z
2026-10-08T10:04:10Z,2026-10-08,12:04,28,Disney Adventure World,Marvel Avengers Campus,10848,Avengers Assemble: Flight Force,1,25,2026-10-08T10:00:08Z
2026-10-08T10:04:10Z,2026-10-08,12:04,28,Disney Adventure World,Marvel Avengers Campus,10849,Avengers Assemble: Flight Force Single Rider,1,20,2026-10-08T10:00:08Z
2026-10-08T10:04:10Z,2026-10-08,12:04,28,Disney Adventure World,Marvel Avengers Campus,10845,Spider-Man W.E.B. Adventure,1,35,2026-10-08T10:00:08Z
2026-10-08T10:04:10Z,2026-10-08,12:04,28,Disney Adventure World,Marvel Avengers Campus,10846,Spider-Man W.E.B. Adventure Single Rider,1,15,2026-10-08T10:00:08Z
2026-10-08T10:04:10Z,2026-10-08,12:04,28,Disney Adventure World,Production Courtyard,266,Meet Spider Man,0,0,2026-10-08T10:00:08Z
2026-10-08T10:04:10Z,2026-10-08,12:04,28,Disney Adventure World,Production Courtyard,40,The Twilight Zone Tower of Terror,1,35,2026-10-08T10:00:08Z
2026-10-08T10:04:10Z,2026-10-08,12:04,28,Disney Adventure World,Toon Studio,30,Art of Disney Animation,0,0,2026-10-08T10:00:08Z
2026-10-08T10:04:10Z,2026-10-08,12:04,28,Disney Adventure World,Toon Studio,31,Cars Quatre Roues Rallye,1,20,2026-10-08T10:00:08Z
2026-10-08T10:04:10Z,2026-10-08,12:04,28,Disney Adventure World,Toon Studio,29,Cars ROAD TRIP,1,20,2026-10-08T10:00:08Z
2026-10-08T10:04:10Z,2026-10-08,12:04,28,Disney Adventure World,Toon Studio,32,Crush's Coaster,0,0,2026-10-08T10:00:08Z
2026-10-08T10:04:10Z,2026-10-08,12:04,28,Disney Adventure World,Toon Studio,7277,Crush's Coaster Single Rider,0,0,2026-10-08T10:00:08Z
2026-10-08T10:04:10Z,2026-10-08,12:04,28,Disney Adventure World,Toon Studio,33,Les Tapis Volants - Flying Carpets Over Agrabah®,1,15,2026-10-08T10:00:08Z
2026-10-08T10:04:10Z,2026-10-08,12:04,28,Disney Adventure World,Toon Studio,37,Ratatouille : L’Aventure Totalement Toquée de Rémy​,1,40,2026-10-08T10:00:08Z
2026-10-08T10:04:10Z,2026-10-08,12:04,28,Disney Adventure World,Toon Studio,7279,Ratatouille: The Adventure Single Rider,1,15,2026-10-08T10:00:08Z
2026-10-08T10:04:10Z,2026-10-08,12:04,28,Disney Adventure World,Toon Studio,34,RC Racer,1,55,2026-10-08T10:00:08Z
2026-10-08T10:04:10Z,2026-10-08,12:04,28,Disney Adventure World,Toon Studio,7280,RC Racer Single Rider,1,50,2026-10-08T10:00:08Z
2026-10-08T10:04:10Z,2026-10-08,12:04,28,Disney Adventure World,Toon Studio,36,Slinky® Dog Zigzag Spin,1,30,2026-10-08T10:00:08Z
2026-10-08T10:04:10Z,2026-10-08,12:04,28,Disney Adventure World,Toon Studio,35,Toy Soldiers Parachute Drop,1,55,2026-10-08T10:00:08Z
2026-10-08T10:04:10Z,2026-10-08,12:04,28,Disney Adventure World,Toon Studio,7281,Toy Soldiers Parachute Drop Single Rider,1,20,2026-10-08T10:00:08Z
2026-10-08T10:04:10Z,2026-10-08,12:04,28,Disney Adventure World,World of Frozen,15413,Frozen Ever After,1,85,2026-10-08T10:00:08Z
2026-10-08T10:04:10Z,2026-10-08,12:04,28,Disney Adventure World,World of Frozen,15422,Frozen Ever After Single Rider,1,50,2026-10-08T10:00:08Z
2026-10-08T10:04:10Z,2026-10-08,12:04,28,Disney Adventure World,World of Frozen,15415,Raiponce Tangled Spin,0,0,2026-10-08T10:00:08Z
2026-10-08T10:19:09Z,2026-10-08,12:19,4,Disneyland Park,Adventureland,2702,Adventure Isle,1,0,2026-10-08T10:15:06Z
2026-10-08T10:19:09Z,2026-10-08,12:19,4,Disneyland Park,Adventureland,7306,Indiana Jones and the Temple of Peril Single Rider,1,10,2026-10-08T10:15:06Z
2026-10-08T10:19:09Z,2026-10-08,12:19,4,Disneyland Park,Adventureland,2,Indiana Jones™ and the Temple of Peril,1,20,2026-10-08T10:15:06Z
2026-10-08T10:19:09Z,2026-10-08,12:19,4,Disneyland Park,Adventureland,1,La Cabane des Robinson,1,5,2026-10-08T10:15:06Z
2026-10-08T10:19:09Z,2026-10-08,12:19,4,Disneyland Park,Adventureland,2703,Le Passage Enchanté d'Aladdin,1,0,2026-10-08T10:15:06Z
2026-10-08T10:19:09Z,2026-10-08,12:19,4,Disneyland Park,Adventureland,2705,Pirate Galleon,0,0,2026-10-08T10:15:06Z
2026-10-08T10:19:09Z,2026-10-08,12:19,4,Disneyland Park,Adventureland,3,Pirates of the Caribbean,1,25,2026-10-08T10:15:06Z
2026-10-08T10:19:09Z,2026-10-08,12:19,4,Disneyland Park,Adventureland,2704,Pirates' Beach,0,0,2026-10-08T10:15:06Z
2026-10-08T10:19:09Z,2026-10-08,12:19,4,Disneyland Park,Discoveryland,4,"Autopia, presented by Avis",1,30,2026-10-08T10:15:06Z
2026-10-08T10:19:09Z,2026-10-08,12:19,4,Disneyland Park,Discoveryland,5,Buzz Lightyear Laser Blast,0,0,2026-10-08T10:15:06Z
2026-10-08T10:19:09Z,2026-10-08,12:19,4,Disneyland Park,Discoveryland,2706,Disneyland Railroad Discoveryland Station,0,0,2026-10-08T10:15:06Z
2026-10-08T10:19:09Z,2026-10-08,12:19,4,Disneyland Park,Discoveryland,6,Les Mystères du Nautilus,1,5,2026-10-08T10:15:06Z
2026-10-08T10:19:09Z,2026-10-08,12:19,4,Disneyland Park,Discoveryland,2707,Mickey’s PhilharMagic,1,0,2026-10-08T10:15:06Z
2026-10-08T10:19:09Z,2026-10-08,12:19,4,Disneyland Park,Discoveryland,7,Orbitron®,1,70,2026-10-08T10:15:06Z
2026-10-08T10:19:09Z,2026-10-08,12:19,4,Disneyland Park,Discoveryland,9,Star Tours: The Adventures Continue*,1,5,2026-10-08T10:15:06Z
2026-10-08T10:19:09Z,2026-10-08,12:19,4,Disneyland Park,Discoveryland,8,Star Wars Hyperspace Mountain,1,40,2026-10-08T10:15:06Z
2026-10-08T10:19:09Z,2026-10-08,12:19,4,Disneyland Park,Discoveryland,7278,Star Wars Hyperspace Mountain Single Rider,1,20,2026-10-08T10:15:06Z
2026-10-08T10:19:09Z,2026-10-08,12:19,4,Disneyland Park,Discoveryland,4573,Welcome to Starport: A Star Wars Encounter,1,30,2026-10-08T10:15:06Z
2026-10-08T10:19:09Z,2026-10-08,12:19,4,Disneyland Park,Fantasyland,19,"""it's a small world""",1,15,2026-10-08T10:15:06Z
2026-10-08T10:19:09Z,2026-10-08,12:19,4,Disneyland Park,Fantasyland,14,Alice's Curious Labyrinth,1,5,2026-10-08T10:15:06Z
2026-10-08T10:19:09Z,2026-10-08,12:19,4,Disneyland Park,Fantasyland,15,Blanche-Neige et les Sept Nains®,1,15,2026-10-08T10:15:06Z
2026-10-08T10:19:09Z,2026-10-08,12:19,4,Disneyland Park,Fantasyland,17,Casey Jr. – le Petit Train du Cirque,1,10,2026-10-08T10:15:06Z
2026-10-08T10:19:09Z,2026-10-08,12:19,4,Disneyland Park,Fantasyland,2711,Disneyland Railroad Fantasyland Station,1,30,2026-10-08T10:15:06Z
2026-10-08T10:19:09Z,2026-10-08,12:19,4,Disneyland Park,Fantasyland,11,Disneyland Railroad Main Street Station,1,45,2026-10-08T10:15:06Z
2026-10-08T10:19:09Z,2026-10-08,12:19,4,Disneyland Park,Fantasyland,18,Dumbo the Flying Elephant,1,20,2026-10-08T10:15:06Z
2026-10-08T10:19:09Z,2026-10-08,12:19,4,Disneyland Park,Fantasyland,2710,La Tanière du Dragon,1,0,2026-10-08T10:15:06Z
2026-10-08T10:19:09Z,2026-10-08,12:19,4,Disneyland Park,Fantasyland,16,Le Carrousel de Lancelot,1,5,2026-10-08T10:15:06Z
2026-10-08T10:19:09Z,2026-10-08,12:19,4,Disneyland Park,Fantasyland,21,"Le Pays des Contes de Fées, presented by Vittel",1,5,2026-10-08T10:15:06Z
2026-10-08T10:19:09Z,2026-10-08,12:19,4,Disneyland Park,Fantasyland,23,Les Voyages de Pinocchio,1,15,2026-10-08T10:15:06Z
2026-10-08T10:19:09Z,2026-10-08,12:19,4,Disneyland Park,Fantasyland,20,Mad Hatter's Tea Cups,1,5,2026-10-08T10:15:06Z
2026-10-08T10:19:09Z,2026-10-08,12:19,4,Disneyland Park,Fantasyland,13,Meet Mickey Mouse,1,0,2026-10-08T10:15:06Z
2026-10-08T10:19:09Z,2026-10-08,12:19,4,Disneyland Park,Fantasyland,22,Peter Pan's Flight,1,70,2026-10-08T10:15:06Z
2026-10-08T10:19:09Z,2026-10-08,12:19,4,Disneyland Park,Fantasyland,24,Princess Pavilion,1,0,2026-10-08T10:15:06Z
2026-10-08T10:19:09Z,2026-10-08,12:19,4,Disneyland Park,Frontierland,25,Big Thunder Mountain,1,75,2026-10-08T10:15:06Z
2026-10-08T10:19:09Z,2026-10-08,12:19,4,Disneyland Park,Frontierland,2714,Disneyland Railroad Frontierland Depot,0,0,2026-10-08T10:15:06Z
2026-10-08T10:19:09Z,2026-10-08,12:19,4,Disneyland Park,Frontierland,2713,Frontierland Playground,1,0,2026-10-08T10:15:06Z
2026-10-08T10:19:09Z,2026-10-08,12:19,4,Disneyland Park,Frontierland,26,Phantom Manor,1,25,2026-10-08T10:15:06Z
2026-10-08T10:19:09Z,2026-10-08,12:19,4,Disneyland Park,Frontierland,27,River Rogue Keelboats,0,0,2026-10-08T10:15:06Z
2026-10-08T10:19:09Z,2026-10-08,12:19,4,Disneyland Park,Frontierland,2712,Rustler Roundup Shootin' Gallery,1,0,2026-10-08T10:15:06Z
2026-10-08T10:19:09Z,2026-10-08,12:19,4,Disneyland Park,Frontierland,28,Thunder Mesa Riverboat Landing,1,20,2026-10-08T10:15:06Z
2026-10-08T10:19:09Z,2026-10-08,12:19,4,Disneyland Park,Main Street U.S.A,2708,Disneyland Railroad Main Street Station,1,45,2026-10-08T10:15:06Z
2026-10-08T10:19:09Z,2026-10-08,12:19,4,Disneyland Park,Main Street U.S.A,12,Main Street Vehicles,0,0,2026-10-08T10:15:06Z
2026-10-08T10:19:09Z,2026-10-08,12:19,28,Disney Adventure World,Marvel Avengers Campus,10848,Avengers Assemble: Flight Force,1,25,2026-10-08T10:15:06Z
2026-10-08T10:19:09Z,2026-10-08,12:19,28,Disney Adventure World,Marvel Avengers Campus,10849,Avengers Assemble: Flight Force Single Rider,1,20,2026-10-08T10:15:06Z
2026-10-08T10:19:09Z,2026-10-08,12:19,28,Disney Adventure World,Marvel Avengers Campus,10845,Spider-Man W.E.B. Adventure,1,60,2026-10-08T10:15:06Z
2026-10-08T10:19:09Z,2026-10-08,12:19,28,Disney Adventure World,Marvel Avengers Campus,10846,Spider-Man W.E.B. Adventure Single Rider,1,10,2026-10-08T10:15:06Z
2026-10-08T10:19:09Z,2026-10-08,12:19,28,Disney Adventure World,Production Courtyard,266,Meet Spider Man,0,0,2026-10-08T10:15:06Z
2026-10-08T10:19:09Z,2026-10-08,12:19,28,Disney Adventure World,Production Courtyard,40,The Twilight Zone Tower of Terror,1,45,2026-10-08T10:15:06Z
2026-10-08T10:19:09Z,2026-10-08,12:19,28,Disney Adventure World,Toon Studio,30,Art of Disney Animation,0,0,2026-10-08T10:15:06Z
2026-10-08T10:19:09Z,2026-10-08,12:19,28,Disney Adventure World,Toon Studio,31,Cars Quatre Roues Rallye,1,20,2026-10-08T10:15:06Z
2026-10-08T10:19:09Z,2026-10-08,12:19,28,Disney Adventure World,Toon Studio,29,Cars ROAD TRIP,1,20,2026-10-08T10:15:06Z
2026-10-08T10:19:09Z,2026-10-08,12:19,28,Disney Adventure World,Toon Studio,32,Crush's Coaster,0,0,2026-10-08T10:15:06Z
2026-10-08T10:19:09Z,2026-10-08,12:19,28,Disney Adventure World,Toon Studio,7277,Crush's Coaster Single Rider,0,0,2026-10-08T10:15:06Z
2026-10-08T10:19:09Z,2026-10-08,12:19,28,Disney Adventure World,Toon Studio,33,Les Tapis Volants - Flying Carpets Over Agrabah®,1,25,2026-10-08T10:15:06Z
2026-10-08T10:19:09Z,2026-10-08,12:19,28,Disney Adventure World,Toon Studio,37,Ratatouille : L’Aventure Totalement Toquée de Rémy​,1,50,2026-10-08T10:15:06Z
2026-10-08T10:19:09Z,2026-10-08,12:19,28,Disney Adventure World,Toon Studio,7279,Ratatouille: The Adventure Single Rider,1,20,2026-10-08T10:15:06Z
2026-10-08T10:19:09Z,2026-10-08,12:19,28,Disney Adventure World,Toon Studio,34,RC Racer,1,55,2026-10-08T10:15:06Z
2026-10-08T10:19:09Z,2026-10-08,12:19,28,Disney Adventure World,Toon Studio,7280,RC Racer Single Rider,1,35,2026-10-08T10:15:06Z
2026-10-08T10:19:09Z,2026-10-08,12:19,28,Disney Adventure World,Toon Studio,36,Slinky® Dog Zigzag Spin,1,25,2026-10-08T10:15:06Z
2026-10-08T10:19:09Z,2026-10-08,12:19,28,Disney Adventure World,Toon Studio,35,Toy Soldiers Parachute Drop,1,50,2026-10-08T10:15:06Z
2026-10-08T10:19:09Z,2026-10-08,12:19,28,Disney Adventure World,Toon Studio,7281,Toy Soldiers Parachute Drop Single Rider,1,25,2026-10-08T10:15:06Z
2026-10-08T10:19:09Z,2026-10-08,12:19,28,Disney Adventure World,World of Frozen,15413,Frozen Ever After,1,90,2026-10-08T10:15:06Z
2026-10-08T10:19:09Z,2026-10-08,12:19,28,Disney Adventure World,World of Frozen,15422,Frozen Ever After Single Rider,1,45,2026-10-08T10:15:06Z
2026-10-08T10:19:09Z,2026-10-08,12:19,28,Disney Adventure World,World of Frozen,15415,Raiponce Tangled Spin,0,0,2026-10-08T10:15:06Z
2026-10-08T10:34:11Z,2026-10-08,12:34,4,Disneyland Park,Adventureland,2702,Adventure Isle,1,0,2026-10-08T10:30:06Z
2026-10-08T10:34:11Z,2026-10-08,12:34,4,Disneyland Park,Adventureland,7306,Indiana Jones and the Temple of Peril Single Rider,1,20,2026-10-08T10:30:06Z
2026-10-08T10:34:11Z,2026-10-08,12:34,4,Disneyland Park,Adventureland,2,Indiana Jones™ and the Temple of Peril,1,25,2026-10-08T10:30:06Z
2026-10-08T10:34:11Z,2026-10-08,12:34,4,Disneyland Park,Adventureland,1,La Cabane des Robinson,1,5,2026-10-08T10:30:06Z
2026-10-08T10:34:11Z,2026-10-08,12:34,4,Disneyland Park,Adventureland,2703,Le Passage Enchanté d'Aladdin,1,0,2026-10-08T10:30:06Z
2026-10-08T10:34:11Z,2026-10-08,12:34,4,Disneyland Park,Adventureland,2705,Pirate Galleon,0,0,2026-10-08T10:30:06Z
2026-10-08T10:34:11Z,2026-10-08,12:34,4,Disneyland Park,Adventureland,3,Pirates of the Caribbean,1,25,2026-10-08T10:30:06Z
2026-10-08T10:34:11Z,2026-10-08,12:34,4,Disneyland Park,Adventureland,2704,Pirates' Beach,0,0,2026-10-08T10:30:06Z
2026-10-08T10:34:11Z,2026-10-08,12:34,4,Disneyland Park,Discoveryland,4,"Autopia, presented by Avis",1,20,2026-10-08T10:30:06Z
2026-10-08T10:34:11Z,2026-10-08,12:34,4,Disneyland Park,Discoveryland,5,Buzz Lightyear Laser Blast,0,0,2026-10-08T10:30:06Z
2026-10-08T10:34:11Z,2026-10-08,12:34,4,Disneyland Park,Discoveryland,2706,Disneyland Railroad Discoveryland Station,0,0,2026-10-08T10:30:06Z
2026-10-08T10:34:11Z,2026-10-08,12:34,4,Disneyland Park,Discoveryland,6,Les Mystères du Nautilus,1,5,2026-10-08T10:30:06Z
2026-10-08T10:34:11Z,2026-10-08,12:34,4,Disneyland Park,Discoveryland,2707,Mickey’s PhilharMagic,1,0,2026-10-08T10:30:06Z
2026-10-08T10:34:11Z,2026-10-08,12:34,4,Disneyland Park,Discoveryland,7,Orbitron®,1,70,2026-10-08T10:30:06Z
2026-10-08T10:34:11Z,2026-10-08,12:34,4,Disneyland Park,Discoveryland,9,Star Tours: The Adventures Continue*,1,5,2026-10-08T10:30:06Z
2026-10-08T10:34:11Z,2026-10-08,12:34,4,Disneyland Park,Discoveryland,8,Star Wars Hyperspace Mountain,1,35,2026-10-08T10:30:06Z
2026-10-08T10:34:11Z,2026-10-08,12:34,4,Disneyland Park,Discoveryland,7278,Star Wars Hyperspace Mountain Single Rider,1,30,2026-10-08T10:30:06Z
2026-10-08T10:34:11Z,2026-10-08,12:34,4,Disneyland Park,Discoveryland,4573,Welcome to Starport: A Star Wars Encounter,1,30,2026-10-08T10:30:06Z
2026-10-08T10:34:11Z,2026-10-08,12:34,4,Disneyland Park,Fantasyland,19,"""it's a small world""",1,15,2026-10-08T10:30:06Z
2026-10-08T10:34:11Z,2026-10-08,12:34,4,Disneyland Park,Fantasyland,14,Alice's Curious Labyrinth,1,5,2026-10-08T10:30:06Z
2026-10-08T10:34:11Z,2026-10-08,12:34,4,Disneyland Park,Fantasyland,15,Blanche-Neige et les Sept Nains®,1,25,2026-10-08T10:30:06Z
2026-10-08T10:34:11Z,2026-10-08,12:34,4,Disneyland Park,Fantasyland,17,Casey Jr. – le Petit Train du Cirque,1,10,2026-10-08T10:30:06Z
2026-10-08T10:34:11Z,2026-10-08,12:34,4,Disneyland Park,Fantasyland,2711,Disneyland Railroad Fantasyland Station,1,30,2026-10-08T10:30:06Z
2026-10-08T10:34:11Z,2026-10-08,12:34,4,Disneyland Park,Fantasyland,11,Disneyland Railroad Main Street Station,1,45,2026-10-08T10:30:06Z
2026-10-08T10:34:11Z,2026-10-08,12:34,4,Disneyland Park,Fantasyland,18,Dumbo the Flying Elephant,1,20,2026-10-08T10:30:06Z
2026-10-08T10:34:11Z,2026-10-08,12:34,4,Disneyland Park,Fantasyland,2710,La Tanière du Dragon,1,0,2026-10-08T10:30:06Z
2026-10-08T10:34:11Z,2026-10-08,12:34,4,Disneyland Park,Fantasyland,16,Le Carrousel de Lancelot,1,5,2026-10-08T10:30:06Z
2026-10-08T10:34:11Z,2026-10-08,12:34,4,Disneyland Park,Fantasyland,21,"Le Pays des Contes de Fées, presented by Vittel",1,5,2026-10-08T10:30:06Z
2026-10-08T10:34:11Z,2026-10-08,12:34,4,Disneyland Park,Fantasyland,23,Les Voyages de Pinocchio,1,15,2026-10-08T10:30:06Z
2026-10-08T10:34:11Z,2026-10-08,12:34,4,Disneyland Park,Fantasyland,20,Mad Hatter's Tea Cups,1,5,2026-10-08T10:30:06Z
2026-10-08T10:34:11Z,2026-10-08,12:34,4,Disneyland Park,Fantasyland,13,Meet Mickey Mouse,1,0,2026-10-08T10:30:06Z
2026-10-08T10:34:11Z,2026-10-08,12:34,4,Disneyland Park,Fantasyland,22,Peter Pan's Flight,1,70,2026-10-08T10:30:06Z
2026-10-08T10:34:11Z,2026-10-08,12:34,4,Disneyland Park,Fantasyland,24,Princess Pavilion,1,0,2026-10-08T10:30:06Z
2026-10-08T10:34:11Z,2026-10-08,12:34,4,Disneyland Park,Frontierland,25,Big Thunder Mountain,1,65,2026-10-08T10:30:06Z
2026-10-08T10:34:11Z,2026-10-08,12:34,4,Disneyland Park,Frontierland,2714,Disneyland Railroad Frontierland Depot,0,0,2026-10-08T10:30:06Z
2026-10-08T10:34:11Z,2026-10-08,12:34,4,Disneyland Park,Frontierland,2713,Frontierland Playground,1,0,2026-10-08T10:30:06Z
2026-10-08T10:34:11Z,2026-10-08,12:34,4,Disneyland Park,Frontierland,26,Phantom Manor,1,30,2026-10-08T10:30:06Z
2026-10-08T10:34:11Z,2026-10-08,12:34,4,Disneyland Park,Frontierland,27,River Rogue Keelboats,0,0,2026-10-08T10:30:06Z
2026-10-08T10:34:11Z,2026-10-08,12:34,4,Disneyland Park,Frontierland,2712,Rustler Roundup Shootin' Gallery,1,0,2026-10-08T10:30:06Z
2026-10-08T10:34:11Z,2026-10-08,12:34,4,Disneyland Park,Frontierland,28,Thunder Mesa Riverboat Landing,1,20,2026-10-08T10:30:06Z
2026-10-08T10:34:11Z,2026-10-08,12:34,4,Disneyland Park,Main Street U.S.A,2708,Disneyland Railroad Main Street Station,1,45,2026-10-08T10:30:06Z
2026-10-08T10:34:11Z,2026-10-08,12:34,4,Disneyland Park,Main Street U.S.A,12,Main Street Vehicles,1,5,2026-10-08T10:30:06Z
2026-10-08T10:34:11Z,2026-10-08,12:34,28,Disney Adventure World,Marvel Avengers Campus,10848,Avengers Assemble: Flight Force,1,20,2026-10-08T10:30:06Z
2026-10-08T10:34:11Z,2026-10-08,12:34,28,Disney Adventure World,Marvel Avengers Campus,10849,Avengers Assemble: Flight Force Single Rider,1,15,2026-10-08T10:30:06Z
2026-10-08T10:34:11Z,2026-10-08,12:34,28,Disney Adventure World,Marvel Avengers Campus,10845,Spider-Man W.E.B. Adventure,1,55,2026-10-08T10:30:06Z
2026-10-08T10:34:11Z,2026-10-08,12:34,28,Disney Adventure World,Marvel Avengers Campus,10846,Spider-Man W.E.B. Adventure Single Rider,1,30,2026-10-08T10:30:06Z
2026-10-08T10:34:11Z,2026-10-08,12:34,28,Disney Adventure World,Production Courtyard,266,Meet Spider Man,0,0,2026-10-08T10:30:06Z
2026-10-08T10:34:11Z,2026-10-08,12:34,28,Disney Adventure World,Production Courtyard,40,The Twilight Zone Tower of Terror,1,65,2026-10-08T10:30:06Z
2026-10-08T10:34:11Z,2026-10-08,12:34,28,Disney Adventure World,Toon Studio,30,Art of Disney Animation,0,0,2026-10-08T10:30:06Z
2026-10-08T10:34:11Z,2026-10-08,12:34,28,Disney Adventure World,Toon Studio,31,Cars Quatre Roues Rallye,1,20,2026-10-08T10:30:06Z
2026-10-08T10:34:11Z,2026-10-08,12:34,28,Disney Adventure World,Toon Studio,29,Cars ROAD TRIP,1,20,2026-10-08T10:30:06Z
2026-10-08T10:34:11Z,2026-10-08,12:34,28,Disney Adventure World,Toon Studio,32,Crush's Coaster,0,0,2026-10-08T10:30:06Z
2026-10-08T10:34:11Z,2026-10-08,12:34,28,Disney Adventure World,Toon Studio,7277,Crush's Coaster Single Rider,0,0,2026-10-08T10:30:06Z
2026-10-08T10:34:11Z,2026-10-08,12:34,28,Disney Adventure World,Toon Studio,33,Les Tapis Volants - Flying Carpets Over Agrabah®,1,10,2026-10-08T10:30:06Z
2026-10-08T10:34:11Z,2026-10-08,12:34,28,Disney Adventure World,Toon Studio,37,Ratatouille : L’Aventure Totalement Toquée de Rémy​,1,85,2026-10-08T10:30:06Z
2026-10-08T10:34:11Z,2026-10-08,12:34,28,Disney Adventure World,Toon Studio,7279,Ratatouille: The Adventure Single Rider,1,30,2026-10-08T10:30:06Z
2026-10-08T10:34:11Z,2026-10-08,12:34,28,Disney Adventure World,Toon Studio,34,RC Racer,1,40,2026-10-08T10:30:06Z
2026-10-08T10:34:11Z,2026-10-08,12:34,28,Disney Adventure World,Toon Studio,7280,RC Racer Single Rider,1,35,2026-10-08T10:30:06Z
2026-10-08T10:34:11Z,2026-10-08,12:34,28,Disney Adventure World,Toon Studio,36,Slinky® Dog Zigzag Spin,1,25,2026-10-08T10:30:06Z
2026-10-08T10:34:11Z,2026-10-08,12:34,28,Disney Adventure World,Toon Studio,35,Toy Soldiers Parachute Drop,1,50,2026-10-08T10:30:06Z
2026-10-08T10:34:11Z,2026-10-08,12:34,28,Disney Adventure World,Toon Studio,7281,Toy Soldiers Parachute Drop Single Rider,1,20,2026-10-08T10:30:06Z
2026-10-08T10:34:11Z,2026-10-08,12:34,28,Disney Adventure World,World of Frozen,15413,Frozen Ever After,1,80,2026-10-08T10:30:06Z
2026-10-08T10:34:11Z,2026-10-08,12:34,28,Disney Adventure World,World of Frozen,15422,Frozen Ever After Single Rider,1,45,2026-10-08T10:30:06Z
2026-10-08T10:34:11Z,2026-10-08,12:34,28,Disney Adventure World,World of Frozen,15415,Raiponce Tangled Spin,0,0,2026-10-08T10:30:06Z
2026-10-08T10:49:09Z,2026-10-08,12:49,4,Disneyland Park,Adventureland,2702,Adventure Isle,1,0,2026-10-08T10:45:04Z
2026-10-08T10:49:09Z,2026-10-08,12:49,4,Disneyland Park,Adventureland,7306,Indiana Jones and the Temple of Peril Single Rider,1,15,2026-10-08T10:45:04Z
2026-10-08T10:49:09Z,2026-10-08,12:49,4,Disneyland Park,Adventureland,2,Indiana Jones™ and the Temple of Peril,1,25,2026-10-08T10:45:04Z
2026-10-08T10:49:09Z,2026-10-08,12:49,4,Disneyland Park,Adventureland,1,La Cabane des Robinson,1,5,2026-10-08T10:45:04Z
2026-10-08T10:49:09Z,2026-10-08,12:49,4,Disneyland Park,Adventureland,2703,Le Passage Enchanté d'Aladdin,1,0,2026-10-08T10:45:04Z
2026-10-08T10:49:09Z,2026-10-08,12:49,4,Disneyland Park,Adventureland,2705,Pirate Galleon,0,0,2026-10-08T10:45:04Z
2026-10-08T10:49:09Z,2026-10-08,12:49,4,Disneyland Park,Adventureland,3,Pirates of the Caribbean,1,20,2026-10-08T10:45:04Z
2026-10-08T10:49:09Z,2026-10-08,12:49,4,Disneyland Park,Adventureland,2704,Pirates' Beach,0,0,2026-10-08T10:45:04Z
2026-10-08T10:49:09Z,2026-10-08,12:49,4,Disneyland Park,Discoveryland,4,"Autopia, presented by Avis",1,20,2026-10-08T10:45:04Z
2026-10-08T10:49:09Z,2026-10-08,12:49,4,Disneyland Park,Discoveryland,5,Buzz Lightyear Laser Blast,0,0,2026-10-08T10:45:04Z
2026-10-08T10:49:09Z,2026-10-08,12:49,4,Disneyland Park,Discoveryland,2706,Disneyland Railroad Discoveryland Station,0,0,2026-10-08T10:45:04Z
2026-10-08T10:49:09Z,2026-10-08,12:49,4,Disneyland Park,Discoveryland,6,Les Mystères du Nautilus,1,5,2026-10-08T10:45:04Z
2026-10-08T10:49:09Z,2026-10-08,12:49,4,Disneyland Park,Discoveryland,2707,Mickey’s PhilharMagic,1,0,2026-10-08T10:45:04Z
2026-10-08T10:49:09Z,2026-10-08,12:49,4,Disneyland Park,Discoveryland,7,Orbitron®,1,70,2026-10-08T10:45:04Z
2026-10-08T10:49:09Z,2026-10-08,12:49,4,Disneyland Park,Discoveryland,9,Star Tours: The Adventures Continue*,1,15,2026-10-08T10:45:04Z
2026-10-08T10:49:09Z,2026-10-08,12:49,4,Disneyland Park,Discoveryland,8,Star Wars Hyperspace Mountain,1,35,2026-10-08T10:45:04Z
2026-10-08T10:49:09Z,2026-10-08,12:49,4,Disneyland Park,Discoveryland,7278,Star Wars Hyperspace Mountain Single Rider,1,20,2026-10-08T10:45:04Z
2026-10-08T10:49:09Z,2026-10-08,12:49,4,Disneyland Park,Discoveryland,4573,Welcome to Starport: A Star Wars Encounter,1,20,2026-10-08T10:45:04Z
2026-10-08T10:49:09Z,2026-10-08,12:49,4,Disneyland Park,Fantasyland,19,"""it's a small world""",1,15,2026-10-08T10:45:04Z
2026-10-08T10:49:09Z,2026-10-08,12:49,4,Disneyland Park,Fantasyland,14,Alice's Curious Labyrinth,1,5,2026-10-08T10:45:04Z
2026-10-08T10:49:09Z,2026-10-08,12:49,4,Disneyland Park,Fantasyland,15,Blanche-Neige et les Sept Nains®,1,20,2026-10-08T10:45:04Z
2026-10-08T10:49:09Z,2026-10-08,12:49,4,Disneyland Park,Fantasyland,17,Casey Jr. – le Petit Train du Cirque,1,10,2026-10-08T10:45:04Z
2026-10-08T10:49:09Z,2026-10-08,12:49,4,Disneyland Park,Fantasyland,2711,Disneyland Railroad Fantasyland Station,1,30,2026-10-08T10:45:04Z
2026-10-08T10:49:09Z,2026-10-08,12:49,4,Disneyland Park,Fantasyland,11,Disneyland Railroad Main Street Station,1,45,2026-10-08T10:45:04Z
2026-10-08T10:49:09Z,2026-10-08,12:49,4,Disneyland Park,Fantasyland,18,Dumbo the Flying Elephant,1,35,2026-10-08T10:45:04Z
2026-10-08T10:49:09Z,2026-10-08,12:49,4,Disneyland Park,Fantasyland,2710,La Tanière du Dragon,1,0,2026-10-08T10:45:04Z
2026-10-08T10:49:09Z,2026-10-08,12:49,4,Disneyland Park,Fantasyland,16,Le Carrousel de Lancelot,1,5,2026-10-08T10:45:04Z
2026-10-08T10:49:09Z,2026-10-08,12:49,4,Disneyland Park,Fantasyland,21,"Le Pays des Contes de Fées, presented by Vittel",1,5,2026-10-08T10:45:04Z
2026-10-08T10:49:09Z,2026-10-08,12:49,4,Disneyland Park,Fantasyland,23,Les Voyages de Pinocchio,1,20,2026-10-08T10:45:04Z
2026-10-08T10:49:09Z,2026-10-08,12:49,4,Disneyland Park,Fantasyland,20,Mad Hatter's Tea Cups,1,5,2026-10-08T10:45:04Z
2026-10-08T10:49:09Z,2026-10-08,12:49,4,Disneyland Park,Fantasyland,13,Meet Mickey Mouse,1,0,2026-10-08T10:45:04Z
2026-10-08T10:49:09Z,2026-10-08,12:49,4,Disneyland Park,Fantasyland,22,Peter Pan's Flight,1,60,2026-10-08T10:45:04Z
2026-10-08T10:49:09Z,2026-10-08,12:49,4,Disneyland Park,Fantasyland,24,Princess Pavilion,1,0,2026-10-08T10:45:04Z
2026-10-08T10:49:09Z,2026-10-08,12:49,4,Disneyland Park,Frontierland,25,Big Thunder Mountain,1,65,2026-10-08T10:45:04Z
2026-10-08T10:49:09Z,2026-10-08,12:49,4,Disneyland Park,Frontierland,2714,Disneyland Railroad Frontierland Depot,0,0,2026-10-08T10:45:04Z
2026-10-08T10:49:09Z,2026-10-08,12:49,4,Disneyland Park,Frontierland,2713,Frontierland Playground,1,0,2026-10-08T10:45:04Z
2026-10-08T10:49:09Z,2026-10-08,12:49,4,Disneyland Park,Frontierland,26,Phantom Manor,1,25,2026-10-08T10:45:04Z
2026-10-08T10:49:09Z,2026-10-08,12:49,4,Disneyland Park,Frontierland,27,River Rogue Keelboats,0,0,2026-10-08T10:45:04Z
2026-10-08T10:49:09Z,2026-10-08,12:49,4,Disneyland Park,Frontierland,2712,Rustler Roundup Shootin' Gallery,1,0,2026-10-08T10:45:04Z
2026-10-08T10:49:09Z,2026-10-08,12:49,4,Disneyland Park,Frontierland,28,Thunder Mesa Riverboat Landing,1,20,2026-10-08T10:45:04Z
2026-10-08T10:49:09Z,2026-10-08,12:49,4,Disneyland Park,Main Street U.S.A,2708,Disneyland Railroad Main Street Station,1,45,2026-10-08T10:45:04Z
2026-10-08T10:49:09Z,2026-10-08,12:49,4,Disneyland Park,Main Street U.S.A,12,Main Street Vehicles,1,5,2026-10-08T10:45:04Z
2026-10-08T10:49:09Z,2026-10-08,12:49,28,Disney Adventure World,Marvel Avengers Campus,10848,Avengers Assemble: Flight Force,1,25,2026-10-08T10:45:04Z
2026-10-08T10:49:09Z,2026-10-08,12:49,28,Disney Adventure World,Marvel Avengers Campus,10849,Avengers Assemble: Flight Force Single Rider,1,20,2026-10-08T10:45:04Z
2026-10-08T10:49:09Z,2026-10-08,12:49,28,Disney Adventure World,Marvel Avengers Campus,10845,Spider-Man W.E.B. Adventure,1,50,2026-10-08T10:45:04Z
2026-10-08T10:49:09Z,2026-10-08,12:49,28,Disney Adventure World,Marvel Avengers Campus,10846,Spider-Man W.E.B. Adventure Single Rider,1,35,2026-10-08T10:45:04Z
2026-10-08T10:49:09Z,2026-10-08,12:49,28,Disney Adventure World,Production Courtyard,266,Meet Spider Man,0,0,2026-10-08T10:45:04Z
2026-10-08T10:49:09Z,2026-10-08,12:49,28,Disney Adventure World,Production Courtyard,40,The Twilight Zone Tower of Terror,1,35,2026-10-08T10:45:04Z
2026-10-08T10:49:09Z,2026-10-08,12:49,28,Disney Adventure World,Toon Studio,30,Art of Disney Animation,0,0,2026-10-08T10:45:04Z
2026-10-08T10:49:09Z,2026-10-08,12:49,28,Disney Adventure World,Toon Studio,31,Cars Quatre Roues Rallye,1,20,2026-10-08T10:45:04Z
2026-10-08T10:49:09Z,2026-10-08,12:49,28,Disney Adventure World,Toon Studio,29,Cars ROAD TRIP,1,20,2026-10-08T10:45:04Z
2026-10-08T10:49:09Z,2026-10-08,12:49,28,Disney Adventure World,Toon Studio,32,Crush's Coaster,0,0,2026-10-08T10:45:04Z
2026-10-08T10:49:09Z,2026-10-08,12:49,28,Disney Adventure World,Toon Studio,7277,Crush's Coaster Single Rider,0,0,2026-10-08T10:45:04Z
2026-10-08T10:49:09Z,2026-10-08,12:49,28,Disney Adventure World,Toon Studio,33,Les Tapis Volants - Flying Carpets Over Agrabah®,1,10,2026-10-08T10:45:04Z
2026-10-08T10:49:09Z,2026-10-08,12:49,28,Disney Adventure World,Toon Studio,37,Ratatouille : L’Aventure Totalement Toquée de Rémy​,1,45,2026-10-08T10:45:04Z
2026-10-08T10:49:09Z,2026-10-08,12:49,28,Disney Adventure World,Toon Studio,7279,Ratatouille: The Adventure Single Rider,1,20,2026-10-08T10:45:04Z
2026-10-08T10:49:09Z,2026-10-08,12:49,28,Disney Adventure World,Toon Studio,34,RC Racer,1,40,2026-10-08T10:45:04Z
2026-10-08T10:49:09Z,2026-10-08,12:49,28,Disney Adventure World,Toon Studio,7280,RC Racer Single Rider,1,35,2026-10-08T10:45:04Z
2026-10-08T10:49:09Z,2026-10-08,12:49,28,Disney Adventure World,Toon Studio,36,Slinky® Dog Zigzag Spin,1,25,2026-10-08T10:45:04Z
2026-10-08T10:49:09Z,2026-10-08,12:49,28,Disney Adventure World,Toon Studio,35,Toy Soldiers Parachute Drop,1,40,2026-10-08T10:45:04Z
2026-10-08T10:49:09Z,2026-10-08,12:49,28,Disney Adventure World,Toon Studio,7281,Toy Soldiers Parachute Drop Single Rider,1,30,2026-10-08T10:45:04Z
2026-10-08T10:49:09Z,2026-10-08,12:49,28,Disney Adventure World,World of Frozen,15413,Frozen Ever After,1,90,2026-10-08T10:45:04Z
2026-10-08T10:49:09Z,2026-10-08,12:49,28,Disney Adventure World,World of Frozen,15422,Frozen Ever After Single Rider,1,60,2026-10-08T10:45:04Z
2026-10-08T10:49:09Z,2026-10-08,12:49,28,Disney Adventure World,World of Frozen,15415,Raiponce Tangled Spin,1,5,2026-10-08T10:45:04Z
2026-10-08T11:04:11Z,2026-10-08,13:04,4,Disneyland Park,Adventureland,2702,Adventure Isle,1,0,2026-10-08T11:00:05Z
2026-10-08T11:04:11Z,2026-10-08,13:04,4,Disneyland Park,Adventureland,7306,Indiana Jones and the Temple of Peril Single Rider,1,20,2026-10-08T11:00:05Z
2026-10-08T11:04:11Z,2026-10-08,13:04,4,Disneyland Park,Adventureland,2,Indiana Jones™ and the Temple of Peril,1,30,2026-10-08T11:00:05Z
2026-10-08T11:04:11Z,2026-10-08,13:04,4,Disneyland Park,Adventureland,1,La Cabane des Robinson,1,5,2026-10-08T11:00:05Z
2026-10-08T11:04:11Z,2026-10-08,13:04,4,Disneyland Park,Adventureland,2703,Le Passage Enchanté d'Aladdin,1,0,2026-10-08T11:00:05Z
2026-10-08T11:04:11Z,2026-10-08,13:04,4,Disneyland Park,Adventureland,2705,Pirate Galleon,0,0,2026-10-08T11:00:05Z
2026-10-08T11:04:11Z,2026-10-08,13:04,4,Disneyland Park,Adventureland,3,Pirates of the Caribbean,1,20,2026-10-08T11:00:05Z
2026-10-08T11:04:11Z,2026-10-08,13:04,4,Disneyland Park,Adventureland,2704,Pirates' Beach,0,0,2026-10-08T11:00:05Z
2026-10-08T11:04:11Z,2026-10-08,13:04,4,Disneyland Park,Discoveryland,4,"Autopia, presented by Avis",1,30,2026-10-08T11:00:05Z
2026-10-08T11:04:11Z,2026-10-08,13:04,4,Disneyland Park,Discoveryland,5,Buzz Lightyear Laser Blast,0,0,2026-10-08T11:00:05Z
2026-10-08T11:04:11Z,2026-10-08,13:04,4,Disneyland Park,Discoveryland,2706,Disneyland Railroad Discoveryland Station,0,0,2026-10-08T11:00:05Z
2026-10-08T11:04:11Z,2026-10-08,13:04,4,Disneyland Park,Discoveryland,6,Les Mystères du Nautilus,1,5,2026-10-08T11:00:05Z
2026-10-08T11:04:11Z,2026-10-08,13:04,4,Disneyland Park,Discoveryland,2707,Mickey’s PhilharMagic,1,0,2026-10-08T11:00:05Z
2026-10-08T11:04:11Z,2026-10-08,13:04,4,Disneyland Park,Discoveryland,7,Orbitron®,1,70,2026-10-08T11:00:05Z
2026-10-08T11:04:11Z,2026-10-08,13:04,4,Disneyland Park,Discoveryland,9,Star Tours: The Adventures Continue*,1,15,2026-10-08T11:00:05Z
2026-10-08T11:04:11Z,2026-10-08,13:04,4,Disneyland Park,Discoveryland,8,Star Wars Hyperspace Mountain,1,35,2026-10-08T11:00:05Z
2026-10-08T11:04:11Z,2026-10-08,13:04,4,Disneyland Park,Discoveryland,7278,Star Wars Hyperspace Mountain Single Rider,1,30,2026-10-08T11:00:05Z
2026-10-08T11:04:11Z,2026-10-08,13:04,4,Disneyland Park,Discoveryland,4573,Welcome to Starport: A Star Wars Encounter,1,20,2026-10-08T11:00:05Z
2026-10-08T11:04:11Z,2026-10-08,13:04,4,Disneyland Park,Fantasyland,19,"""it's a small world""",1,20,2026-10-08T11:00:05Z
2026-10-08T11:04:11Z,2026-10-08,13:04,4,Disneyland Park,Fantasyland,14,Alice's Curious Labyrinth,1,5,2026-10-08T11:00:05Z
2026-10-08T11:04:11Z,2026-10-08,13:04,4,Disneyland Park,Fantasyland,15,Blanche-Neige et les Sept Nains®,1,20,2026-10-08T11:00:05Z
2026-10-08T11:04:11Z,2026-10-08,13:04,4,Disneyland Park,Fantasyland,17,Casey Jr. – le Petit Train du Cirque,1,20,2026-10-08T11:00:05Z
2026-10-08T11:04:11Z,2026-10-08,13:04,4,Disneyland Park,Fantasyland,2711,Disneyland Railroad Fantasyland Station,1,30,2026-10-08T11:00:05Z
2026-10-08T11:04:11Z,2026-10-08,13:04,4,Disneyland Park,Fantasyland,11,Disneyland Railroad Main Street Station,1,45,2026-10-08T11:00:05Z
2026-10-08T11:04:11Z,2026-10-08,13:04,4,Disneyland Park,Fantasyland,18,Dumbo the Flying Elephant,1,35,2026-10-08T11:00:05Z
2026-10-08T11:04:11Z,2026-10-08,13:04,4,Disneyland Park,Fantasyland,2710,La Tanière du Dragon,1,0,2026-10-08T11:00:05Z
2026-10-08T11:04:11Z,2026-10-08,13:04,4,Disneyland Park,Fantasyland,16,Le Carrousel de Lancelot,1,5,2026-10-08T11:00:05Z
2026-10-08T11:04:11Z,2026-10-08,13:04,4,Disneyland Park,Fantasyland,21,"Le Pays des Contes de Fées, presented by Vittel",1,5,2026-10-08T11:00:05Z
2026-10-08T11:04:11Z,2026-10-08,13:04,4,Disneyland Park,Fantasyland,23,Les Voyages de Pinocchio,1,20,2026-10-08T11:00:05Z
2026-10-08T11:04:11Z,2026-10-08,13:04,4,Disneyland Park,Fantasyland,20,Mad Hatter's Tea Cups,1,5,2026-10-08T11:00:05Z
2026-10-08T11:04:11Z,2026-10-08,13:04,4,Disneyland Park,Fantasyland,13,Meet Mickey Mouse,1,0,2026-10-08T11:00:05Z
2026-10-08T11:04:11Z,2026-10-08,13:04,4,Disneyland Park,Fantasyland,22,Peter Pan's Flight,1,55,2026-10-08T11:00:05Z
2026-10-08T11:04:11Z,2026-10-08,13:04,4,Disneyland Park,Fantasyland,24,Princess Pavilion,1,0,2026-10-08T11:00:05Z
2026-10-08T11:04:11Z,2026-10-08,13:04,4,Disneyland Park,Frontierland,25,Big Thunder Mountain,1,65,2026-10-08T11:00:05Z
2026-10-08T11:04:11Z,2026-10-08,13:04,4,Disneyland Park,Frontierland,2714,Disneyland Railroad Frontierland Depot,0,0,2026-10-08T11:00:05Z
2026-10-08T11:04:11Z,2026-10-08,13:04,4,Disneyland Park,Frontierland,2713,Frontierland Playground,1,0,2026-10-08T11:00:05Z
2026-10-08T11:04:11Z,2026-10-08,13:04,4,Disneyland Park,Frontierland,26,Phantom Manor,1,25,2026-10-08T11:00:05Z
2026-10-08T11:04:11Z,2026-10-08,13:04,4,Disneyland Park,Frontierland,27,River Rogue Keelboats,0,0,2026-10-08T11:00:05Z
2026-10-08T11:04:11Z,2026-10-08,13:04,4,Disneyland Park,Frontierland,2712,Rustler Roundup Shootin' Gallery,1,0,2026-10-08T11:00:05Z
2026-10-08T11:04:11Z,2026-10-08,13:04,4,Disneyland Park,Frontierland,28,Thunder Mesa Riverboat Landing,1,20,2026-10-08T11:00:05Z
2026-10-08T11:04:11Z,2026-10-08,13:04,4,Disneyland Park,Main Street U.S.A,2708,Disneyland Railroad Main Street Station,1,45,2026-10-08T11:00:05Z
2026-10-08T11:04:11Z,2026-10-08,13:04,4,Disneyland Park,Main Street U.S.A,12,Main Street Vehicles,1,5,2026-10-08T11:00:05Z
2026-10-08T11:04:11Z,2026-10-08,13:04,28,Disney Adventure World,Marvel Avengers Campus,10848,Avengers Assemble: Flight Force,1,30,2026-10-08T11:00:05Z
2026-10-08T11:04:11Z,2026-10-08,13:04,28,Disney Adventure World,Marvel Avengers Campus,10849,Avengers Assemble: Flight Force Single Rider,1,20,2026-10-08T11:00:05Z
2026-10-08T11:04:11Z,2026-10-08,13:04,28,Disney Adventure World,Marvel Avengers Campus,10845,Spider-Man W.E.B. Adventure,1,45,2026-10-08T11:00:05Z
2026-10-08T11:04:11Z,2026-10-08,13:04,28,Disney Adventure World,Marvel Avengers Campus,10846,Spider-Man W.E.B. Adventure Single Rider,1,30,2026-10-08T11:00:05Z
2026-10-08T11:04:11Z,2026-10-08,13:04,28,Disney Adventure World,Production Courtyard,266,Meet Spider Man,0,0,2026-10-08T11:00:05Z
2026-10-08T11:04:11Z,2026-10-08,13:04,28,Disney Adventure World,Production Courtyard,40,The Twilight Zone Tower of Terror,1,30,2026-10-08T11:00:05Z
2026-10-08T11:04:11Z,2026-10-08,13:04,28,Disney Adventure World,Toon Studio,30,Art of Disney Animation,0,0,2026-10-08T11:00:05Z
2026-10-08T11:04:11Z,2026-10-08,13:04,28,Disney Adventure World,Toon Studio,31,Cars Quatre Roues Rallye,1,5,2026-10-08T11:00:05Z
2026-10-08T11:04:11Z,2026-10-08,13:04,28,Disney Adventure World,Toon Studio,29,Cars ROAD TRIP,1,20,2026-10-08T11:00:05Z
2026-10-08T11:04:11Z,2026-10-08,13:04,28,Disney Adventure World,Toon Studio,32,Crush's Coaster,0,0,2026-10-08T11:00:05Z
2026-10-08T11:04:11Z,2026-10-08,13:04,28,Disney Adventure World,Toon Studio,7277,Crush's Coaster Single Rider,0,0,2026-10-08T11:00:05Z
2026-10-08T11:04:11Z,2026-10-08,13:04,28,Disney Adventure World,Toon Studio,33,Les Tapis Volants - Flying Carpets Over Agrabah®,1,10,2026-10-08T11:00:05Z
2026-10-08T11:04:11Z,2026-10-08,13:04,28,Disney Adventure World,Toon Studio,37,Ratatouille : L’Aventure Totalement Toquée de Rémy​,1,50,2026-10-08T11:00:05Z
2026-10-08T11:04:11Z,2026-10-08,13:04,28,Disney Adventure World,Toon Studio,7279,Ratatouille: The Adventure Single Rider,1,15,2026-10-08T11:00:05Z
2026-10-08T11:04:11Z,2026-10-08,13:04,28,Disney Adventure World,Toon Studio,34,RC Racer,1,40,2026-10-08T11:00:05Z
2026-10-08T11:04:11Z,2026-10-08,13:04,28,Disney Adventure World,Toon Studio,7280,RC Racer Single Rider,1,35,2026-10-08T11:00:05Z
2026-10-08T11:04:11Z,2026-10-08,13:04,28,Disney Adventure World,Toon Studio,36,Slinky® Dog Zigzag Spin,1,15,2026-10-08T11:00:05Z
2026-10-08T11:04:11Z,2026-10-08,13:04,28,Disney Adventure World,Toon Studio,35,Toy Soldiers Parachute Drop,1,40,2026-10-08T11:00:05Z
2026-10-08T11:04:11Z,2026-10-08,13:04,28,Disney Adventure World,Toon Studio,7281,Toy Soldiers Parachute Drop Single Rider,1,30,2026-10-08T11:00:05Z
2026-10-08T11:04:11Z,2026-10-08,13:04,28,Disney Adventure World,World of Frozen,15413,Frozen Ever After,0,0,2026-10-08T11:00:05Z
2026-10-08T11:04:11Z,2026-10-08,13:04,28,Disney Adventure World,World of Frozen,15422,Frozen Ever After Single Rider,0,0,2026-10-08T11:00:05Z
2026-10-08T11:04:11Z,2026-10-08,13:04,28,Disney Adventure World,World of Frozen,15415,Raiponce Tangled Spin,1,20,2026-10-08T11:00:05Z
2026-10-08T11:19:12Z,2026-10-08,13:19,4,Disneyland Park,Adventureland,2702,Adventure Isle,1,0,2026-10-08T11:15:06Z
2026-10-08T11:19:12Z,2026-10-08,13:19,4,Disneyland Park,Adventureland,7306,Indiana Jones and the Temple of Peril Single Rider,1,15,2026-10-08T11:15:06Z
2026-10-08T11:19:12Z,2026-10-08,13:19,4,Disneyland Park,Adventureland,2,Indiana Jones™ and the Temple of Peril,1,50,2026-10-08T11:15:06Z
2026-10-08T11:19:12Z,2026-10-08,13:19,4,Disneyland Park,Adventureland,1,La Cabane des Robinson,1,5,2026-10-08T11:15:06Z
2026-10-08T11:19:12Z,2026-10-08,13:19,4,Disneyland Park,Adventureland,2703,Le Passage Enchanté d'Aladdin,1,0,2026-10-08T11:15:06Z
2026-10-08T11:19:12Z,2026-10-08,13:19,4,Disneyland Park,Adventureland,2705,Pirate Galleon,0,0,2026-10-08T11:15:06Z
2026-10-08T11:19:12Z,2026-10-08,13:19,4,Disneyland Park,Adventureland,3,Pirates of the Caribbean,1,25,2026-10-08T11:15:06Z
2026-10-08T11:19:12Z,2026-10-08,13:19,4,Disneyland Park,Adventureland,2704,Pirates' Beach,0,0,2026-10-08T11:15:06Z
2026-10-08T11:19:12Z,2026-10-08,13:19,4,Disneyland Park,Discoveryland,4,"Autopia, presented by Avis",1,35,2026-10-08T11:15:06Z
2026-10-08T11:19:12Z,2026-10-08,13:19,4,Disneyland Park,Discoveryland,5,Buzz Lightyear Laser Blast,0,0,2026-10-08T11:15:06Z
2026-10-08T11:19:12Z,2026-10-08,13:19,4,Disneyland Park,Discoveryland,2706,Disneyland Railroad Discoveryland Station,0,0,2026-10-08T11:15:06Z
2026-10-08T11:19:12Z,2026-10-08,13:19,4,Disneyland Park,Discoveryland,6,Les Mystères du Nautilus,1,5,2026-10-08T11:15:06Z
2026-10-08T11:19:12Z,2026-10-08,13:19,4,Disneyland Park,Discoveryland,2707,Mickey’s PhilharMagic,1,0,2026-10-08T11:15:06Z
2026-10-08T11:19:12Z,2026-10-08,13:19,4,Disneyland Park,Discoveryland,7,Orbitron®,1,70,2026-10-08T11:15:06Z
2026-10-08T11:19:12Z,2026-10-08,13:19,4,Disneyland Park,Discoveryland,9,Star Tours: The Adventures Continue*,1,15,2026-10-08T11:15:06Z
2026-10-08T11:19:12Z,2026-10-08,13:19,4,Disneyland Park,Discoveryland,8,Star Wars Hyperspace Mountain,1,40,2026-10-08T11:15:06Z
2026-10-08T11:19:12Z,2026-10-08,13:19,4,Disneyland Park,Discoveryland,7278,Star Wars Hyperspace Mountain Single Rider,1,20,2026-10-08T11:15:06Z
2026-10-08T11:19:12Z,2026-10-08,13:19,4,Disneyland Park,Discoveryland,4573,Welcome to Starport: A Star Wars Encounter,1,20,2026-10-08T11:15:06Z
2026-10-08T11:19:12Z,2026-10-08,13:19,4,Disneyland Park,Fantasyland,19,"""it's a small world""",1,10,2026-10-08T11:15:06Z
2026-10-08T11:19:12Z,2026-10-08,13:19,4,Disneyland Park,Fantasyland,14,Alice's Curious Labyrinth,1,5,2026-10-08T11:15:06Z
2026-10-08T11:19:12Z,2026-10-08,13:19,4,Disneyland Park,Fantasyland,15,Blanche-Neige et les Sept Nains®,1,15,2026-10-08T11:15:06Z
2026-10-08T11:19:12Z,2026-10-08,13:19,4,Disneyland Park,Fantasyland,17,Casey Jr. – le Petit Train du Cirque,1,15,2026-10-08T11:15:06Z
2026-10-08T11:19:12Z,2026-10-08,13:19,4,Disneyland Park,Fantasyland,2711,Disneyland Railroad Fantasyland Station,1,45,2026-10-08T11:15:06Z
2026-10-08T11:19:12Z,2026-10-08,13:19,4,Disneyland Park,Fantasyland,11,Disneyland Railroad Main Street Station,1,45,2026-10-08T11:15:06Z
2026-10-08T11:19:12Z,2026-10-08,13:19,4,Disneyland Park,Fantasyland,18,Dumbo the Flying Elephant,1,30,2026-10-08T11:15:06Z
2026-10-08T11:19:12Z,2026-10-08,13:19,4,Disneyland Park,Fantasyland,2710,La Tanière du Dragon,1,0,2026-10-08T11:15:06Z
2026-10-08T11:19:12Z,2026-10-08,13:19,4,Disneyland Park,Fantasyland,16,Le Carrousel de Lancelot,1,5,2026-10-08T11:15:06Z
2026-10-08T11:19:12Z,2026-10-08,13:19,4,Disneyland Park,Fantasyland,21,"Le Pays des Contes de Fées, presented by Vittel",1,5,2026-10-08T11:15:06Z
2026-10-08T11:19:12Z,2026-10-08,13:19,4,Disneyland Park,Fantasyland,23,Les Voyages de Pinocchio,1,20,2026-10-08T11:15:06Z
2026-10-08T11:19:12Z,2026-10-08,13:19,4,Disneyland Park,Fantasyland,20,Mad Hatter's Tea Cups,1,5,2026-10-08T11:15:06Z
2026-10-08T11:19:12Z,2026-10-08,13:19,4,Disneyland Park,Fantasyland,13,Meet Mickey Mouse,1,0,2026-10-08T11:15:06Z
2026-10-08T11:19:12Z,2026-10-08,13:19,4,Disneyland Park,Fantasyland,22,Peter Pan's Flight,1,55,2026-10-08T11:15:06Z
2026-10-08T11:19:12Z,2026-10-08,13:19,4,Disneyland Park,Fantasyland,24,Princess Pavilion,1,0,2026-10-08T11:15:06Z
2026-10-08T11:19:12Z,2026-10-08,13:19,4,Disneyland Park,Frontierland,25,Big Thunder Mountain,1,65,2026-10-08T11:15:06Z
2026-10-08T11:19:12Z,2026-10-08,13:19,4,Disneyland Park,Frontierland,2714,Disneyland Railroad Frontierland Depot,0,0,2026-10-08T11:15:06Z
2026-10-08T11:19:12Z,2026-10-08,13:19,4,Disneyland Park,Frontierland,2713,Frontierland Playground,1,0,2026-10-08T11:15:06Z
2026-10-08T11:19:12Z,2026-10-08,13:19,4,Disneyland Park,Frontierland,26,Phantom Manor,1,25,2026-10-08T11:15:06Z
2026-10-08T11:19:12Z,2026-10-08,13:19,4,Disneyland Park,Frontierland,27,River Rogue Keelboats,0,0,2026-10-08T11:15:06Z
2026-10-08T11:19:12Z,2026-10-08,13:19,4,Disneyland Park,Frontierland,2712,Rustler Roundup Shootin' Gallery,1,0,2026-10-08T11:15:06Z
2026-10-08T11:19:12Z,2026-10-08,13:19,4,Disneyland Park,Frontierland,28,Thunder Mesa Riverboat Landing,1,20,2026-10-08T11:15:06Z
2026-10-08T11:19:12Z,2026-10-08,13:19,4,Disneyland Park,Main Street U.S.A,2708,Disneyland Railroad Main Street Station,1,45,2026-10-08T11:15:06Z
2026-10-08T11:19:12Z,2026-10-08,13:19,4,Disneyland Park,Main Street U.S.A,12,Main Street Vehicles,1,5,2026-10-08T11:15:06Z
2026-10-08T11:19:12Z,2026-10-08,13:19,28,Disney Adventure World,Marvel Avengers Campus,10848,Avengers Assemble: Flight Force,1,30,2026-10-08T11:15:06Z
2026-10-08T11:19:12Z,2026-10-08,13:19,28,Disney Adventure World,Marvel Avengers Campus,10849,Avengers Assemble: Flight Force Single Rider,1,25,2026-10-08T11:15:06Z
2026-10-08T11:19:12Z,2026-10-08,13:19,28,Disney Adventure World,Marvel Avengers Campus,10845,Spider-Man W.E.B. Adventure,1,60,2026-10-08T11:15:06Z
2026-10-08T11:19:12Z,2026-10-08,13:19,28,Disney Adventure World,Marvel Avengers Campus,10846,Spider-Man W.E.B. Adventure Single Rider,1,30,2026-10-08T11:15:06Z
2026-10-08T11:19:12Z,2026-10-08,13:19,28,Disney Adventure World,Production Courtyard,266,Meet Spider Man,0,0,2026-10-08T11:15:06Z
2026-10-08T11:19:12Z,2026-10-08,13:19,28,Disney Adventure World,Production Courtyard,40,The Twilight Zone Tower of Terror,1,40,2026-10-08T11:15:06Z
2026-10-08T11:19:12Z,2026-10-08,13:19,28,Disney Adventure World,Toon Studio,30,Art of Disney Animation,0,0,2026-10-08T11:15:06Z
2026-10-08T11:19:12Z,2026-10-08,13:19,28,Disney Adventure World,Toon Studio,31,Cars Quatre Roues Rallye,1,5,2026-10-08T11:15:06Z
2026-10-08T11:19:12Z,2026-10-08,13:19,28,Disney Adventure World,Toon Studio,29,Cars ROAD TRIP,1,15,2026-10-08T11:15:06Z
2026-10-08T11:19:12Z,2026-10-08,13:19,28,Disney Adventure World,Toon Studio,32,Crush's Coaster,0,0,2026-10-08T11:15:06Z
2026-10-08T11:19:12Z,2026-10-08,13:19,28,Disney Adventure World,Toon Studio,7277,Crush's Coaster Single Rider,0,0,2026-10-08T11:15:06Z
2026-10-08T11:19:12Z,2026-10-08,13:19,28,Disney Adventure World,Toon Studio,33,Les Tapis Volants - Flying Carpets Over Agrabah®,1,10,2026-10-08T11:15:06Z
2026-10-08T11:19:12Z,2026-10-08,13:19,28,Disney Adventure World,Toon Studio,37,Ratatouille : L’Aventure Totalement Toquée de Rémy​,1,45,2026-10-08T11:15:06Z
2026-10-08T11:19:12Z,2026-10-08,13:19,28,Disney Adventure World,Toon Studio,7279,Ratatouille: The Adventure Single Rider,1,15,2026-10-08T11:15:06Z
2026-10-08T11:19:12Z,2026-10-08,13:19,28,Disney Adventure World,Toon Studio,34,RC Racer,1,40,2026-10-08T11:15:06Z
2026-10-08T11:19:12Z,2026-10-08,13:19,28,Disney Adventure World,Toon Studio,7280,RC Racer Single Rider,1,35,2026-10-08T11:15:06Z
2026-10-08T11:19:12Z,2026-10-08,13:19,28,Disney Adventure World,Toon Studio,36,Slinky® Dog Zigzag Spin,1,15,2026-10-08T11:15:06Z
2026-10-08T11:19:12Z,2026-10-08,13:19,28,Disney Adventure World,Toon Studio,35,Toy Soldiers Parachute Drop,1,50,2026-10-08T11:15:06Z
2026-10-08T11:19:12Z,2026-10-08,13:19,28,Disney Adventure World,Toon Studio,7281,Toy Soldiers Parachute Drop Single Rider,1,15,2026-10-08T11:15:06Z
2026-10-08T11:19:12Z,2026-10-08,13:19,28,Disney Adventure World,World of Frozen,15413,Frozen Ever After,1,90,2026-10-08T11:15:06Z
2026-10-08T11:19:12Z,2026-10-08,13:19,28,Disney Adventure World,World of Frozen,15422,Frozen Ever After Single Rider,1,30,2026-10-08T11:15:06Z
2026-10-08T11:19:12Z,2026-10-08,13:19,28,Disney Adventure World,World of Frozen,15415,Raiponce Tangled Spin,1,15,2026-10-08T11:15:06Z
2026-10-08T11:34:11Z,2026-10-08,13:34,4,Disneyland Park,Adventureland,2702,Adventure Isle,1,0,2026-10-08T11:30:07Z
2026-10-08T11:34:11Z,2026-10-08,13:34,4,Disneyland Park,Adventureland,7306,Indiana Jones and the Temple of Peril Single Rider,1,25,2026-10-08T11:30:07Z
2026-10-08T11:34:11Z,2026-10-08,13:34,4,Disneyland Park,Adventureland,2,Indiana Jones™ and the Temple of Peril,1,40,2026-10-08T11:30:07Z
2026-10-08T11:34:11Z,2026-10-08,13:34,4,Disneyland Park,Adventureland,1,La Cabane des Robinson,1,5,2026-10-08T11:30:07Z
2026-10-08T11:34:11Z,2026-10-08,13:34,4,Disneyland Park,Adventureland,2703,Le Passage Enchanté d'Aladdin,1,0,2026-10-08T11:30:07Z
2026-10-08T11:34:11Z,2026-10-08,13:34,4,Disneyland Park,Adventureland,2705,Pirate Galleon,0,0,2026-10-08T11:30:07Z
2026-10-08T11:34:11Z,2026-10-08,13:34,4,Disneyland Park,Adventureland,3,Pirates of the Caribbean,1,30,2026-10-08T11:30:07Z
2026-10-08T11:34:11Z,2026-10-08,13:34,4,Disneyland Park,Adventureland,2704,Pirates' Beach,0,0,2026-10-08T11:30:07Z
2026-10-08T11:34:11Z,2026-10-08,13:34,4,Disneyland Park,Discoveryland,4,"Autopia, presented by Avis",1,25,2026-10-08T11:30:07Z
2026-10-08T11:34:11Z,2026-10-08,13:34,4,Disneyland Park,Discoveryland,5,Buzz Lightyear Laser Blast,0,0,2026-10-08T11:30:07Z
2026-10-08T11:34:11Z,2026-10-08,13:34,4,Disneyland Park,Discoveryland,2706,Disneyland Railroad Discoveryland Station,0,0,2026-10-08T11:30:07Z
2026-10-08T11:34:11Z,2026-10-08,13:34,4,Disneyland Park,Discoveryland,6,Les Mystères du Nautilus,1,5,2026-10-08T11:30:07Z
2026-10-08T11:34:11Z,2026-10-08,13:34,4,Disneyland Park,Discoveryland,2707,Mickey’s PhilharMagic,1,0,2026-10-08T11:30:07Z
2026-10-08T11:34:11Z,2026-10-08,13:34,4,Disneyland Park,Discoveryland,7,Orbitron®,1,70,2026-10-08T11:30:07Z
2026-10-08T11:34:11Z,2026-10-08,13:34,4,Disneyland Park,Discoveryland,9,Star Tours: The Adventures Continue*,1,15,2026-10-08T11:30:07Z
2026-10-08T11:34:11Z,2026-10-08,13:34,4,Disneyland Park,Discoveryland,8,Star Wars Hyperspace Mountain,1,35,2026-10-08T11:30:07Z
2026-10-08T11:34:11Z,2026-10-08,13:34,4,Disneyland Park,Discoveryland,7278,Star Wars Hyperspace Mountain Single Rider,1,30,2026-10-08T11:30:07Z
2026-10-08T11:34:11Z,2026-10-08,13:34,4,Disneyland Park,Discoveryland,4573,Welcome to Starport: A Star Wars Encounter,1,20,2026-10-08T11:30:07Z
2026-10-08T11:34:11Z,2026-10-08,13:34,4,Disneyland Park,Fantasyland,19,"""it's a small world""",1,10,2026-10-08T11:30:07Z
2026-10-08T11:34:11Z,2026-10-08,13:34,4,Disneyland Park,Fantasyland,14,Alice's Curious Labyrinth,1,5,2026-10-08T11:30:07Z
2026-10-08T11:34:11Z,2026-10-08,13:34,4,Disneyland Park,Fantasyland,15,Blanche-Neige et les Sept Nains®,1,20,2026-10-08T11:30:07Z
2026-10-08T11:34:11Z,2026-10-08,13:34,4,Disneyland Park,Fantasyland,17,Casey Jr. – le Petit Train du Cirque,1,5,2026-10-08T11:30:07Z
2026-10-08T11:34:11Z,2026-10-08,13:34,4,Disneyland Park,Fantasyland,2711,Disneyland Railroad Fantasyland Station,1,45,2026-10-08T11:30:07Z
2026-10-08T11:34:11Z,2026-10-08,13:34,4,Disneyland Park,Fantasyland,11,Disneyland Railroad Main Street Station,1,45,2026-10-08T11:30:07Z
2026-10-08T11:34:11Z,2026-10-08,13:34,4,Disneyland Park,Fantasyland,18,Dumbo the Flying Elephant,1,30,2026-10-08T11:30:07Z
2026-10-08T11:34:11Z,2026-10-08,13:34,4,Disneyland Park,Fantasyland,2710,La Tanière du Dragon,1,0,2026-10-08T11:30:07Z
2026-10-08T11:34:11Z,2026-10-08,13:34,4,Disneyland Park,Fantasyland,16,Le Carrousel de Lancelot,1,5,2026-10-08T11:30:07Z
2026-10-08T11:34:11Z,2026-10-08,13:34,4,Disneyland Park,Fantasyland,21,"Le Pays des Contes de Fées, presented by Vittel",1,5,2026-10-08T11:30:07Z
2026-10-08T11:34:11Z,2026-10-08,13:34,4,Disneyland Park,Fantasyland,23,Les Voyages de Pinocchio,1,30,2026-10-08T11:30:07Z
2026-10-08T11:34:11Z,2026-10-08,13:34,4,Disneyland Park,Fantasyland,20,Mad Hatter's Tea Cups,1,5,2026-10-08T11:30:07Z
2026-10-08T11:34:11Z,2026-10-08,13:34,4,Disneyland Park,Fantasyland,13,Meet Mickey Mouse,1,0,2026-10-08T11:30:07Z
2026-10-08T11:34:11Z,2026-10-08,13:34,4,Disneyland Park,Fantasyland,22,Peter Pan's Flight,1,60,2026-10-08T11:30:07Z
2026-10-08T11:34:11Z,2026-10-08,13:34,4,Disneyland Park,Fantasyland,24,Princess Pavilion,1,0,2026-10-08T11:30:07Z
2026-10-08T11:34:11Z,2026-10-08,13:34,4,Disneyland Park,Frontierland,25,Big Thunder Mountain,1,60,2026-10-08T11:30:07Z
2026-10-08T11:34:11Z,2026-10-08,13:34,4,Disneyland Park,Frontierland,2714,Disneyland Railroad Frontierland Depot,0,0,2026-10-08T11:30:07Z
2026-10-08T11:34:11Z,2026-10-08,13:34,4,Disneyland Park,Frontierland,2713,Frontierland Playground,1,0,2026-10-08T11:30:07Z
2026-10-08T11:34:11Z,2026-10-08,13:34,4,Disneyland Park,Frontierland,26,Phantom Manor,1,25,2026-10-08T11:30:07Z
2026-10-08T11:34:11Z,2026-10-08,13:34,4,Disneyland Park,Frontierland,27,River Rogue Keelboats,0,0,2026-10-08T11:30:07Z
2026-10-08T11:34:11Z,2026-10-08,13:34,4,Disneyland Park,Frontierland,2712,Rustler Roundup Shootin' Gallery,1,0,2026-10-08T11:30:07Z
2026-10-08T11:34:11Z,2026-10-08,13:34,4,Disneyland Park,Frontierland,28,Thunder Mesa Riverboat Landing,1,20,2026-10-08T11:30:07Z
2026-10-08T11:34:11Z,2026-10-08,13:34,4,Disneyland Park,Main Street U.S.A,2708,Disneyland Railroad Main Street Station,1,45,2026-10-08T11:30:07Z
2026-10-08T11:34:11Z,2026-10-08,13:34,4,Disneyland Park,Main Street U.S.A,12,Main Street Vehicles,1,5,2026-10-08T11:30:07Z
2026-10-08T11:34:11Z,2026-10-08,13:34,28,Disney Adventure World,Marvel Avengers Campus,10848,Avengers Assemble: Flight Force,1,30,2026-10-08T11:30:07Z
2026-10-08T11:34:11Z,2026-10-08,13:34,28,Disney Adventure World,Marvel Avengers Campus,10849,Avengers Assemble: Flight Force Single Rider,1,25,2026-10-08T11:30:07Z
2026-10-08T11:34:11Z,2026-10-08,13:34,28,Disney Adventure World,Marvel Avengers Campus,10845,Spider-Man W.E.B. Adventure,1,50,2026-10-08T11:30:07Z
2026-10-08T11:34:11Z,2026-10-08,13:34,28,Disney Adventure World,Marvel Avengers Campus,10846,Spider-Man W.E.B. Adventure Single Rider,1,30,2026-10-08T11:30:07Z
2026-10-08T11:34:11Z,2026-10-08,13:34,28,Disney Adventure World,Production Courtyard,266,Meet Spider Man,0,0,2026-10-08T11:30:07Z
2026-10-08T11:34:11Z,2026-10-08,13:34,28,Disney Adventure World,Production Courtyard,40,The Twilight Zone Tower of Terror,1,40,2026-10-08T11:30:07Z
2026-10-08T11:34:11Z,2026-10-08,13:34,28,Disney Adventure World,Toon Studio,30,Art of Disney Animation,0,0,2026-10-08T11:30:07Z
2026-10-08T11:34:11Z,2026-10-08,13:34,28,Disney Adventure World,Toon Studio,31,Cars Quatre Roues Rallye,1,15,2026-10-08T11:30:07Z
2026-10-08T11:34:11Z,2026-10-08,13:34,28,Disney Adventure World,Toon Studio,29,Cars ROAD TRIP,1,5,2026-10-08T11:30:07Z
2026-10-08T11:34:11Z,2026-10-08,13:34,28,Disney Adventure World,Toon Studio,32,Crush's Coaster,0,0,2026-10-08T11:30:07Z
2026-10-08T11:34:11Z,2026-10-08,13:34,28,Disney Adventure World,Toon Studio,7277,Crush's Coaster Single Rider,0,0,2026-10-08T11:30:07Z
2026-10-08T11:34:11Z,2026-10-08,13:34,28,Disney Adventure World,Toon Studio,33,Les Tapis Volants - Flying Carpets Over Agrabah®,1,25,2026-10-08T11:30:07Z
2026-10-08T11:34:11Z,2026-10-08,13:34,28,Disney Adventure World,Toon Studio,37,Ratatouille : L’Aventure Totalement Toquée de Rémy​,1,60,2026-10-08T11:30:07Z
2026-10-08T11:34:11Z,2026-10-08,13:34,28,Disney Adventure World,Toon Studio,7279,Ratatouille: The Adventure Single Rider,1,15,2026-10-08T11:30:07Z
2026-10-08T11:34:11Z,2026-10-08,13:34,28,Disney Adventure World,Toon Studio,34,RC Racer,1,50,2026-10-08T11:30:07Z
2026-10-08T11:34:11Z,2026-10-08,13:34,28,Disney Adventure World,Toon Studio,7280,RC Racer Single Rider,1,45,2026-10-08T11:30:07Z
2026-10-08T11:34:11Z,2026-10-08,13:34,28,Disney Adventure World,Toon Studio,36,Slinky® Dog Zigzag Spin,1,20,2026-10-08T11:30:07Z
2026-10-08T11:34:11Z,2026-10-08,13:34,28,Disney Adventure World,Toon Studio,35,Toy Soldiers Parachute Drop,1,55,2026-10-08T11:30:07Z
2026-10-08T11:34:11Z,2026-10-08,13:34,28,Disney Adventure World,Toon Studio,7281,Toy Soldiers Parachute Drop Single Rider,1,15,2026-10-08T11:30:07Z
2026-10-08T11:34:11Z,2026-10-08,13:34,28,Disney Adventure World,World of Frozen,15413,Frozen Ever After,1,70,2026-10-08T11:30:07Z
2026-10-08T11:34:11Z,2026-10-08,13:34,28,Disney Adventure World,World of Frozen,15422,Frozen Ever After Single Rider,1,25,2026-10-08T11:30:07Z
2026-10-08T11:34:11Z,2026-10-08,13:34,28,Disney Adventure World,World of Frozen,15415,Raiponce Tangled Spin,1,10,2026-10-08T11:30:07Z
2026-10-08T11:49:09Z,2026-10-08,13:49,4,Disneyland Park,Adventureland,2702,Adventure Isle,1,0,2026-10-08T11:45:05Z
2026-10-08T11:49:09Z,2026-10-08,13:49,4,Disneyland Park,Adventureland,7306,Indiana Jones and the Temple of Peril Single Rider,1,30,2026-10-08T11:45:05Z
2026-10-08T11:49:09Z,2026-10-08,13:49,4,Disneyland Park,Adventureland,2,Indiana Jones™ and the Temple of Peril,1,40,2026-10-08T11:45:05Z
2026-10-08T11:49:09Z,2026-10-08,13:49,4,Disneyland Park,Adventureland,1,La Cabane des Robinson,1,5,2026-10-08T11:45:05Z
2026-10-08T11:49:09Z,2026-10-08,13:49,4,Disneyland Park,Adventureland,2703,Le Passage Enchanté d'Aladdin,1,0,2026-10-08T11:45:05Z
2026-10-08T11:49:09Z,2026-10-08,13:49,4,Disneyland Park,Adventureland,2705,Pirate Galleon,0,0,2026-10-08T11:45:05Z
2026-10-08T11:49:09Z,2026-10-08,13:49,4,Disneyland Park,Adventureland,3,Pirates of the Caribbean,1,35,2026-10-08T11:45:05Z
2026-10-08T11:49:09Z,2026-10-08,13:49,4,Disneyland Park,Adventureland,2704,Pirates' Beach,0,0,2026-10-08T11:45:05Z
2026-10-08T11:49:09Z,2026-10-08,13:49,4,Disneyland Park,Discoveryland,4,"Autopia, presented by Avis",1,25,2026-10-08T11:45:05Z
2026-10-08T11:49:09Z,2026-10-08,13:49,4,Disneyland Park,Discoveryland,5,Buzz Lightyear Laser Blast,0,0,2026-10-08T11:45:05Z
2026-10-08T11:49:09Z,2026-10-08,13:49,4,Disneyland Park,Discoveryland,2706,Disneyland Railroad Discoveryland Station,0,0,2026-10-08T11:45:05Z
2026-10-08T11:49:09Z,2026-10-08,13:49,4,Disneyland Park,Discoveryland,6,Les Mystères du Nautilus,1,5,2026-10-08T11:45:05Z
2026-10-08T11:49:09Z,2026-10-08,13:49,4,Disneyland Park,Discoveryland,2707,Mickey’s PhilharMagic,1,0,2026-10-08T11:45:05Z
2026-10-08T11:49:09Z,2026-10-08,13:49,4,Disneyland Park,Discoveryland,7,Orbitron®,1,55,2026-10-08T11:45:05Z
2026-10-08T11:49:09Z,2026-10-08,13:49,4,Disneyland Park,Discoveryland,9,Star Tours: The Adventures Continue*,1,10,2026-10-08T11:45:05Z
2026-10-08T11:49:09Z,2026-10-08,13:49,4,Disneyland Park,Discoveryland,8,Star Wars Hyperspace Mountain,1,40,2026-10-08T11:45:05Z
2026-10-08T11:49:09Z,2026-10-08,13:49,4,Disneyland Park,Discoveryland,7278,Star Wars Hyperspace Mountain Single Rider,1,30,2026-10-08T11:45:05Z
2026-10-08T11:49:09Z,2026-10-08,13:49,4,Disneyland Park,Discoveryland,4573,Welcome to Starport: A Star Wars Encounter,1,20,2026-10-08T11:45:05Z
2026-10-08T11:49:09Z,2026-10-08,13:49,4,Disneyland Park,Fantasyland,19,"""it's a small world""",1,10,2026-10-08T11:45:05Z
2026-10-08T11:49:09Z,2026-10-08,13:49,4,Disneyland Park,Fantasyland,14,Alice's Curious Labyrinth,1,5,2026-10-08T11:45:05Z
2026-10-08T11:49:09Z,2026-10-08,13:49,4,Disneyland Park,Fantasyland,15,Blanche-Neige et les Sept Nains®,1,20,2026-10-08T11:45:05Z
2026-10-08T11:49:09Z,2026-10-08,13:49,4,Disneyland Park,Fantasyland,17,Casey Jr. – le Petit Train du Cirque,1,10,2026-10-08T11:45:05Z
2026-10-08T11:49:09Z,2026-10-08,13:49,4,Disneyland Park,Fantasyland,2711,Disneyland Railroad Fantasyland Station,1,45,2026-10-08T11:45:05Z
2026-10-08T11:49:09Z,2026-10-08,13:49,4,Disneyland Park,Fantasyland,11,Disneyland Railroad Main Street Station,1,45,2026-10-08T11:45:05Z
2026-10-08T11:49:09Z,2026-10-08,13:49,4,Disneyland Park,Fantasyland,18,Dumbo the Flying Elephant,1,30,2026-10-08T11:45:05Z
2026-10-08T11:49:09Z,2026-10-08,13:49,4,Disneyland Park,Fantasyland,2710,La Tanière du Dragon,1,0,2026-10-08T11:45:05Z
2026-10-08T11:49:09Z,2026-10-08,13:49,4,Disneyland Park,Fantasyland,16,Le Carrousel de Lancelot,1,15,2026-10-08T11:45:05Z
2026-10-08T11:49:09Z,2026-10-08,13:49,4,Disneyland Park,Fantasyland,21,"Le Pays des Contes de Fées, presented by Vittel",1,5,2026-10-08T11:45:05Z
2026-10-08T11:49:09Z,2026-10-08,13:49,4,Disneyland Park,Fantasyland,23,Les Voyages de Pinocchio,1,20,2026-10-08T11:45:05Z
2026-10-08T11:49:09Z,2026-10-08,13:49,4,Disneyland Park,Fantasyland,20,Mad Hatter's Tea Cups,1,5,2026-10-08T11:45:05Z
2026-10-08T11:49:09Z,2026-10-08,13:49,4,Disneyland Park,Fantasyland,13,Meet Mickey Mouse,1,0,2026-10-08T11:45:05Z
2026-10-08T11:49:09Z,2026-10-08,13:49,4,Disneyland Park,Fantasyland,22,Peter Pan's Flight,1,65,2026-10-08T11:45:05Z
2026-10-08T11:49:09Z,2026-10-08,13:49,4,Disneyland Park,Fantasyland,24,Princess Pavilion,1,0,2026-10-08T11:45:05Z
2026-10-08T11:49:09Z,2026-10-08,13:49,4,Disneyland Park,Frontierland,25,Big Thunder Mountain,1,65,2026-10-08T11:45:05Z
2026-10-08T11:49:09Z,2026-10-08,13:49,4,Disneyland Park,Frontierland,2714,Disneyland Railroad Frontierland Depot,0,0,2026-10-08T11:45:05Z
2026-10-08T11:49:09Z,2026-10-08,13:49,4,Disneyland Park,Frontierland,2713,Frontierland Playground,1,0,2026-10-08T11:45:05Z
2026-10-08T11:49:09Z,2026-10-08,13:49,4,Disneyland Park,Frontierland,26,Phantom Manor,1,30,2026-10-08T11:45:05Z
2026-10-08T11:49:09Z,2026-10-08,13:49,4,Disneyland Park,Frontierland,27,River Rogue Keelboats,0,0,2026-10-08T11:45:05Z
2026-10-08T11:49:09Z,2026-10-08,13:49,4,Disneyland Park,Frontierland,2712,Rustler Roundup Shootin' Gallery,1,0,2026-10-08T11:45:05Z
2026-10-08T11:49:09Z,2026-10-08,13:49,4,Disneyland Park,Frontierland,28,Thunder Mesa Riverboat Landing,1,20,2026-10-08T11:45:05Z
2026-10-08T11:49:09Z,2026-10-08,13:49,4,Disneyland Park,Main Street U.S.A,2708,Disneyland Railroad Main Street Station,1,45,2026-10-08T11:45:05Z
2026-10-08T11:49:09Z,2026-10-08,13:49,4,Disneyland Park,Main Street U.S.A,12,Main Street Vehicles,1,5,2026-10-08T11:45:05Z
2026-10-08T11:49:09Z,2026-10-08,13:49,28,Disney Adventure World,Marvel Avengers Campus,10848,Avengers Assemble: Flight Force,1,25,2026-10-08T11:45:05Z
2026-10-08T11:49:09Z,2026-10-08,13:49,28,Disney Adventure World,Marvel Avengers Campus,10849,Avengers Assemble: Flight Force Single Rider,1,20,2026-10-08T11:45:05Z
2026-10-08T11:49:09Z,2026-10-08,13:49,28,Disney Adventure World,Marvel Avengers Campus,10845,Spider-Man W.E.B. Adventure,0,0,2026-10-08T11:45:05Z
2026-10-08T11:49:09Z,2026-10-08,13:49,28,Disney Adventure World,Marvel Avengers Campus,10846,Spider-Man W.E.B. Adventure Single Rider,0,0,2026-10-08T11:45:05Z
2026-10-08T11:49:09Z,2026-10-08,13:49,28,Disney Adventure World,Production Courtyard,266,Meet Spider Man,0,0,2026-10-08T11:45:05Z
2026-10-08T11:49:09Z,2026-10-08,13:49,28,Disney Adventure World,Production Courtyard,40,The Twilight Zone Tower of Terror,1,25,2026-10-08T11:45:05Z
2026-10-08T11:49:09Z,2026-10-08,13:49,28,Disney Adventure World,Toon Studio,30,Art of Disney Animation,0,0,2026-10-08T11:45:05Z
2026-10-08T11:49:09Z,2026-10-08,13:49,28,Disney Adventure World,Toon Studio,31,Cars Quatre Roues Rallye,1,15,2026-10-08T11:45:05Z
2026-10-08T11:49:09Z,2026-10-08,13:49,28,Disney Adventure World,Toon Studio,29,Cars ROAD TRIP,1,5,2026-10-08T11:45:05Z
2026-10-08T11:49:09Z,2026-10-08,13:49,28,Disney Adventure World,Toon Studio,32,Crush's Coaster,0,0,2026-10-08T11:45:05Z
2026-10-08T11:49:09Z,2026-10-08,13:49,28,Disney Adventure World,Toon Studio,7277,Crush's Coaster Single Rider,0,0,2026-10-08T11:45:05Z
2026-10-08T11:49:09Z,2026-10-08,13:49,28,Disney Adventure World,Toon Studio,33,Les Tapis Volants - Flying Carpets Over Agrabah®,1,10,2026-10-08T11:45:05Z
2026-10-08T11:49:09Z,2026-10-08,13:49,28,Disney Adventure World,Toon Studio,37,Ratatouille : L’Aventure Totalement Toquée de Rémy​,1,55,2026-10-08T11:45:05Z
2026-10-08T11:49:09Z,2026-10-08,13:49,28,Disney Adventure World,Toon Studio,7279,Ratatouille: The Adventure Single Rider,1,25,2026-10-08T11:45:05Z
2026-10-08T11:49:09Z,2026-10-08,13:49,28,Disney Adventure World,Toon Studio,34,RC Racer,1,50,2026-10-08T11:45:05Z
2026-10-08T11:49:09Z,2026-10-08,13:49,28,Disney Adventure World,Toon Studio,7280,RC Racer Single Rider,1,45,2026-10-08T11:45:05Z
2026-10-08T11:49:09Z,2026-10-08,13:49,28,Disney Adventure World,Toon Studio,36,Slinky® Dog Zigzag Spin,1,20,2026-10-08T11:45:05Z
2026-10-08T11:49:09Z,2026-10-08,13:49,28,Disney Adventure World,Toon Studio,35,Toy Soldiers Parachute Drop,1,50,2026-10-08T11:45:05Z
2026-10-08T11:49:09Z,2026-10-08,13:49,28,Disney Adventure World,Toon Studio,7281,Toy Soldiers Parachute Drop Single Rider,1,20,2026-10-08T11:45:05Z
2026-10-08T11:49:09Z,2026-10-08,13:49,28,Disney Adventure World,World of Frozen,15413,Frozen Ever After,1,80,2026-10-08T11:45:05Z
2026-10-08T11:49:09Z,2026-10-08,13:49,28,Disney Adventure World,World of Frozen,15422,Frozen Ever After Single Rider,1,50,2026-10-08T11:45:05Z
2026-10-08T11:49:09Z,2026-10-08,13:49,28,Disney Adventure World,World of Frozen,15415,Raiponce Tangled Spin,1,15,2026-10-08T11:45:05Z
2026-10-08T12:04:13Z,2026-10-08,14:04,4,Disneyland Park,Adventureland,2702,Adventure Isle,1,0,2026-10-08T12:01:53Z
2026-10-08T12:04:13Z,2026-10-08,14:04,4,Disneyland Park,Adventureland,7306,Indiana Jones and the Temple of Peril Single Rider,1,25,2026-10-08T12:01:53Z
2026-10-08T12:04:13Z,2026-10-08,14:04,4,Disneyland Park,Adventureland,2,Indiana Jones™ and the Temple of Peril,1,40,2026-10-08T12:01:53Z
2026-10-08T12:04:13Z,2026-10-08,14:04,4,Disneyland Park,Adventureland,1,La Cabane des Robinson,0,0,2026-10-08T12:01:53Z
2026-10-08T12:04:13Z,2026-10-08,14:04,4,Disneyland Park,Adventureland,2703,Le Passage Enchanté d'Aladdin,1,0,2026-10-08T12:01:53Z
2026-10-08T12:04:13Z,2026-10-08,14:04,4,Disneyland Park,Adventureland,2705,Pirate Galleon,0,0,2026-10-08T12:01:53Z
2026-10-08T12:04:13Z,2026-10-08,14:04,4,Disneyland Park,Adventureland,3,Pirates of the Caribbean,1,50,2026-10-08T12:01:53Z
2026-10-08T12:04:13Z,2026-10-08,14:04,4,Disneyland Park,Adventureland,2704,Pirates' Beach,0,0,2026-10-08T12:01:53Z
2026-10-08T12:04:13Z,2026-10-08,14:04,4,Disneyland Park,Discoveryland,4,"Autopia, presented by Avis",1,35,2026-10-08T12:01:53Z
2026-10-08T12:04:13Z,2026-10-08,14:04,4,Disneyland Park,Discoveryland,5,Buzz Lightyear Laser Blast,0,0,2026-10-08T12:01:53Z
2026-10-08T12:04:13Z,2026-10-08,14:04,4,Disneyland Park,Discoveryland,2706,Disneyland Railroad Discoveryland Station,0,0,2026-10-08T12:01:53Z
2026-10-08T12:04:13Z,2026-10-08,14:04,4,Disneyland Park,Discoveryland,6,Les Mystères du Nautilus,1,5,2026-10-08T12:01:53Z
2026-10-08T12:04:13Z,2026-10-08,14:04,4,Disneyland Park,Discoveryland,2707,Mickey’s PhilharMagic,1,0,2026-10-08T12:01:53Z
2026-10-08T12:04:13Z,2026-10-08,14:04,4,Disneyland Park,Discoveryland,7,Orbitron®,1,55,2026-10-08T12:01:53Z
2026-10-08T12:04:13Z,2026-10-08,14:04,4,Disneyland Park,Discoveryland,9,Star Tours: The Adventures Continue*,1,10,2026-10-08T12:01:53Z
2026-10-08T12:04:13Z,2026-10-08,14:04,4,Disneyland Park,Discoveryland,8,Star Wars Hyperspace Mountain,1,35,2026-10-08T12:01:53Z
2026-10-08T12:04:13Z,2026-10-08,14:04,4,Disneyland Park,Discoveryland,7278,Star Wars Hyperspace Mountain Single Rider,1,25,2026-10-08T12:01:53Z
2026-10-08T12:04:13Z,2026-10-08,14:04,4,Disneyland Park,Discoveryland,4573,Welcome to Starport: A Star Wars Encounter,1,30,2026-10-08T12:01:53Z
2026-10-08T12:04:13Z,2026-10-08,14:04,4,Disneyland Park,Fantasyland,19,"""it's a small world""",1,10,2026-10-08T12:01:53Z
2026-10-08T12:04:13Z,2026-10-08,14:04,4,Disneyland Park,Fantasyland,14,Alice's Curious Labyrinth,1,5,2026-10-08T12:01:53Z
2026-10-08T12:04:13Z,2026-10-08,14:04,4,Disneyland Park,Fantasyland,15,Blanche-Neige et les Sept Nains®,1,20,2026-10-08T12:01:53Z
2026-10-08T12:04:13Z,2026-10-08,14:04,4,Disneyland Park,Fantasyland,17,Casey Jr. – le Petit Train du Cirque,1,20,2026-10-08T12:01:53Z
2026-10-08T12:04:13Z,2026-10-08,14:04,4,Disneyland Park,Fantasyland,2711,Disneyland Railroad Fantasyland Station,1,45,2026-10-08T12:01:53Z
2026-10-08T12:04:13Z,2026-10-08,14:04,4,Disneyland Park,Fantasyland,11,Disneyland Railroad Main Street Station,1,45,2026-10-08T12:01:53Z
2026-10-08T12:04:13Z,2026-10-08,14:04,4,Disneyland Park,Fantasyland,18,Dumbo the Flying Elephant,1,30,2026-10-08T12:01:53Z
2026-10-08T12:04:13Z,2026-10-08,14:04,4,Disneyland Park,Fantasyland,2710,La Tanière du Dragon,1,0,2026-10-08T12:01:53Z
2026-10-08T12:04:13Z,2026-10-08,14:04,4,Disneyland Park,Fantasyland,16,Le Carrousel de Lancelot,1,10,2026-10-08T12:01:53Z
2026-10-08T12:04:13Z,2026-10-08,14:04,4,Disneyland Park,Fantasyland,21,"Le Pays des Contes de Fées, presented by Vittel",1,5,2026-10-08T12:01:53Z
2026-10-08T12:04:13Z,2026-10-08,14:04,4,Disneyland Park,Fantasyland,23,Les Voyages de Pinocchio,1,20,2026-10-08T12:01:53Z
2026-10-08T12:04:13Z,2026-10-08,14:04,4,Disneyland Park,Fantasyland,20,Mad Hatter's Tea Cups,1,10,2026-10-08T12:01:53Z
2026-10-08T12:04:13Z,2026-10-08,14:04,4,Disneyland Park,Fantasyland,13,Meet Mickey Mouse,1,0,2026-10-08T12:01:53Z
2026-10-08T12:04:13Z,2026-10-08,14:04,4,Disneyland Park,Fantasyland,22,Peter Pan's Flight,1,75,2026-10-08T12:01:53Z
2026-10-08T12:04:13Z,2026-10-08,14:04,4,Disneyland Park,Fantasyland,24,Princess Pavilion,1,0,2026-10-08T12:01:53Z
2026-10-08T12:04:13Z,2026-10-08,14:04,4,Disneyland Park,Frontierland,25,Big Thunder Mountain,1,75,2026-10-08T12:01:53Z
2026-10-08T12:04:13Z,2026-10-08,14:04,4,Disneyland Park,Frontierland,2714,Disneyland Railroad Frontierland Depot,0,0,2026-10-08T12:01:53Z
2026-10-08T12:04:13Z,2026-10-08,14:04,4,Disneyland Park,Frontierland,2713,Frontierland Playground,1,0,2026-10-08T12:01:53Z
2026-10-08T12:04:13Z,2026-10-08,14:04,4,Disneyland Park,Frontierland,26,Phantom Manor,1,30,2026-10-08T12:01:53Z
2026-10-08T12:04:13Z,2026-10-08,14:04,4,Disneyland Park,Frontierland,27,River Rogue Keelboats,0,0,2026-10-08T12:01:53Z
2026-10-08T12:04:13Z,2026-10-08,14:04,4,Disneyland Park,Frontierland,2712,Rustler Roundup Shootin' Gallery,1,0,2026-10-08T12:01:53Z
2026-10-08T12:04:13Z,2026-10-08,14:04,4,Disneyland Park,Frontierland,28,Thunder Mesa Riverboat Landing,1,20,2026-10-08T12:01:53Z
2026-10-08T12:04:13Z,2026-10-08,14:04,4,Disneyland Park,Main Street U.S.A,2708,Disneyland Railroad Main Street Station,1,45,2026-10-08T12:01:53Z
2026-10-08T12:04:13Z,2026-10-08,14:04,4,Disneyland Park,Main Street U.S.A,12,Main Street Vehicles,1,5,2026-10-08T12:01:53Z
2026-10-08T12:04:13Z,2026-10-08,14:04,28,Disney Adventure World,Marvel Avengers Campus,10848,Avengers Assemble: Flight Force,1,25,2026-10-08T12:01:53Z
2026-10-08T12:04:13Z,2026-10-08,14:04,28,Disney Adventure World,Marvel Avengers Campus,10849,Avengers Assemble: Flight Force Single Rider,1,20,2026-10-08T12:01:53Z
2026-10-08T12:04:13Z,2026-10-08,14:04,28,Disney Adventure World,Marvel Avengers Campus,10845,Spider-Man W.E.B. Adventure,1,30,2026-10-08T12:01:53Z
2026-10-08T12:04:13Z,2026-10-08,14:04,28,Disney Adventure World,Marvel Avengers Campus,10846,Spider-Man W.E.B. Adventure Single Rider,1,15,2026-10-08T12:01:53Z
2026-10-08T12:04:13Z,2026-10-08,14:04,28,Disney Adventure World,Production Courtyard,266,Meet Spider Man,0,0,2026-10-08T12:01:53Z
2026-10-08T12:04:13Z,2026-10-08,14:04,28,Disney Adventure World,Production Courtyard,40,The Twilight Zone Tower of Terror,1,30,2026-10-08T12:01:53Z
2026-10-08T12:04:13Z,2026-10-08,14:04,28,Disney Adventure World,Toon Studio,30,Art of Disney Animation,0,0,2026-10-08T12:01:53Z
2026-10-08T12:04:13Z,2026-10-08,14:04,28,Disney Adventure World,Toon Studio,31,Cars Quatre Roues Rallye,1,10,2026-10-08T12:01:53Z
2026-10-08T12:04:13Z,2026-10-08,14:04,28,Disney Adventure World,Toon Studio,29,Cars ROAD TRIP,1,5,2026-10-08T12:01:53Z
2026-10-08T12:04:13Z,2026-10-08,14:04,28,Disney Adventure World,Toon Studio,32,Crush's Coaster,0,0,2026-10-08T12:01:53Z
2026-10-08T12:04:13Z,2026-10-08,14:04,28,Disney Adventure World,Toon Studio,7277,Crush's Coaster Single Rider,0,0,2026-10-08T12:01:53Z
2026-10-08T12:04:13Z,2026-10-08,14:04,28,Disney Adventure World,Toon Studio,33,Les Tapis Volants - Flying Carpets Over Agrabah®,1,10,2026-10-08T12:01:53Z
2026-10-08T12:04:13Z,2026-10-08,14:04,28,Disney Adventure World,Toon Studio,37,Ratatouille : L’Aventure Totalement Toquée de Rémy​,1,50,2026-10-08T12:01:53Z
2026-10-08T12:04:13Z,2026-10-08,14:04,28,Disney Adventure World,Toon Studio,7279,Ratatouille: The Adventure Single Rider,1,15,2026-10-08T12:01:53Z
2026-10-08T12:04:13Z,2026-10-08,14:04,28,Disney Adventure World,Toon Studio,34,RC Racer,1,55,2026-10-08T12:01:53Z
2026-10-08T12:04:13Z,2026-10-08,14:04,28,Disney Adventure World,Toon Studio,7280,RC Racer Single Rider,1,50,2026-10-08T12:01:53Z
2026-10-08T12:04:13Z,2026-10-08,14:04,28,Disney Adventure World,Toon Studio,36,Slinky® Dog Zigzag Spin,1,15,2026-10-08T12:01:53Z
2026-10-08T12:04:13Z,2026-10-08,14:04,28,Disney Adventure World,Toon Studio,35,Toy Soldiers Parachute Drop,1,55,2026-10-08T12:01:53Z
2026-10-08T12:04:13Z,2026-10-08,14:04,28,Disney Adventure World,Toon Studio,7281,Toy Soldiers Parachute Drop Single Rider,1,15,2026-10-08T12:01:53Z
2026-10-08T12:04:13Z,2026-10-08,14:04,28,Disney Adventure World,World of Frozen,15413,Frozen Ever After,1,70,2026-10-08T12:01:53Z
2026-10-08T12:04:13Z,2026-10-08,14:04,28,Disney Adventure World,World of Frozen,15422,Frozen Ever After Single Rider,1,45,2026-10-08T12:01:53Z
2026-10-08T12:04:13Z,2026-10-08,14:04,28,Disney Adventure World,World of Frozen,15415,Raiponce Tangled Spin,1,5,2026-10-08T12:01:53Z
2026-10-08T12:19:10Z,2026-10-08,14:19,4,Disneyland Park,Adventureland,2702,Adventure Isle,1,0,2026-10-08T12:15:05Z
2026-10-08T12:19:10Z,2026-10-08,14:19,4,Disneyland Park,Adventureland,7306,Indiana Jones and the Temple of Peril Single Rider,1,25,2026-10-08T12:15:05Z
2026-10-08T12:19:10Z,2026-10-08,14:19,4,Disneyland Park,Adventureland,2,Indiana Jones™ and the Temple of Peril,1,40,2026-10-08T12:15:05Z
2026-10-08T12:19:10Z,2026-10-08,14:19,4,Disneyland Park,Adventureland,1,La Cabane des Robinson,1,5,2026-10-08T12:15:05Z
2026-10-08T12:19:10Z,2026-10-08,14:19,4,Disneyland Park,Adventureland,2703,Le Passage Enchanté d'Aladdin,1,0,2026-10-08T12:15:05Z
2026-10-08T12:19:10Z,2026-10-08,14:19,4,Disneyland Park,Adventureland,2705,Pirate Galleon,0,0,2026-10-08T12:15:05Z
2026-10-08T12:19:10Z,2026-10-08,14:19,4,Disneyland Park,Adventureland,3,Pirates of the Caribbean,1,45,2026-10-08T12:15:05Z
2026-10-08T12:19:10Z,2026-10-08,14:19,4,Disneyland Park,Adventureland,2704,Pirates' Beach,0,0,2026-10-08T12:15:05Z
2026-10-08T12:19:10Z,2026-10-08,14:19,4,Disneyland Park,Discoveryland,4,"Autopia, presented by Avis",1,25,2026-10-08T12:15:05Z
2026-10-08T12:19:10Z,2026-10-08,14:19,4,Disneyland Park,Discoveryland,5,Buzz Lightyear Laser Blast,0,0,2026-10-08T12:15:05Z
2026-10-08T12:19:10Z,2026-10-08,14:19,4,Disneyland Park,Discoveryland,2706,Disneyland Railroad Discoveryland Station,0,0,2026-10-08T12:15:05Z
2026-10-08T12:19:10Z,2026-10-08,14:19,4,Disneyland Park,Discoveryland,6,Les Mystères du Nautilus,1,5,2026-10-08T12:15:05Z
2026-10-08T12:19:10Z,2026-10-08,14:19,4,Disneyland Park,Discoveryland,2707,Mickey’s PhilharMagic,1,0,2026-10-08T12:15:05Z
2026-10-08T12:19:10Z,2026-10-08,14:19,4,Disneyland Park,Discoveryland,7,Orbitron®,1,55,2026-10-08T12:15:05Z
2026-10-08T12:19:10Z,2026-10-08,14:19,4,Disneyland Park,Discoveryland,9,Star Tours: The Adventures Continue*,1,10,2026-10-08T12:15:05Z
2026-10-08T12:19:10Z,2026-10-08,14:19,4,Disneyland Park,Discoveryland,8,Star Wars Hyperspace Mountain,1,35,2026-10-08T12:15:05Z
2026-10-08T12:19:10Z,2026-10-08,14:19,4,Disneyland Park,Discoveryland,7278,Star Wars Hyperspace Mountain Single Rider,1,25,2026-10-08T12:15:05Z
2026-10-08T12:19:10Z,2026-10-08,14:19,4,Disneyland Park,Discoveryland,4573,Welcome to Starport: A Star Wars Encounter,1,30,2026-10-08T12:15:05Z
2026-10-08T12:19:10Z,2026-10-08,14:19,4,Disneyland Park,Fantasyland,19,"""it's a small world""",1,10,2026-10-08T12:15:05Z
2026-10-08T12:19:10Z,2026-10-08,14:19,4,Disneyland Park,Fantasyland,14,Alice's Curious Labyrinth,1,5,2026-10-08T12:15:05Z
2026-10-08T12:19:10Z,2026-10-08,14:19,4,Disneyland Park,Fantasyland,15,Blanche-Neige et les Sept Nains®,1,20,2026-10-08T12:15:05Z
2026-10-08T12:19:10Z,2026-10-08,14:19,4,Disneyland Park,Fantasyland,17,Casey Jr. – le Petit Train du Cirque,1,5,2026-10-08T12:15:05Z
2026-10-08T12:19:10Z,2026-10-08,14:19,4,Disneyland Park,Fantasyland,2711,Disneyland Railroad Fantasyland Station,1,45,2026-10-08T12:15:05Z
2026-10-08T12:19:10Z,2026-10-08,14:19,4,Disneyland Park,Fantasyland,11,Disneyland Railroad Main Street Station,1,45,2026-10-08T12:15:05Z
2026-10-08T12:19:10Z,2026-10-08,14:19,4,Disneyland Park,Fantasyland,18,Dumbo the Flying Elephant,1,30,2026-10-08T12:15:05Z
2026-10-08T12:19:10Z,2026-10-08,14:19,4,Disneyland Park,Fantasyland,2710,La Tanière du Dragon,1,0,2026-10-08T12:15:05Z
2026-10-08T12:19:10Z,2026-10-08,14:19,4,Disneyland Park,Fantasyland,16,Le Carrousel de Lancelot,1,10,2026-10-08T12:15:05Z
2026-10-08T12:19:10Z,2026-10-08,14:19,4,Disneyland Park,Fantasyland,21,"Le Pays des Contes de Fées, presented by Vittel",1,5,2026-10-08T12:15:05Z
2026-10-08T12:19:10Z,2026-10-08,14:19,4,Disneyland Park,Fantasyland,23,Les Voyages de Pinocchio,1,20,2026-10-08T12:15:05Z
2026-10-08T12:19:10Z,2026-10-08,14:19,4,Disneyland Park,Fantasyland,20,Mad Hatter's Tea Cups,1,10,2026-10-08T12:15:05Z
2026-10-08T12:19:10Z,2026-10-08,14:19,4,Disneyland Park,Fantasyland,13,Meet Mickey Mouse,1,0,2026-10-08T12:15:05Z
2026-10-08T12:19:10Z,2026-10-08,14:19,4,Disneyland Park,Fantasyland,22,Peter Pan's Flight,1,75,2026-10-08T12:15:05Z
2026-10-08T12:19:10Z,2026-10-08,14:19,4,Disneyland Park,Fantasyland,24,Princess Pavilion,1,0,2026-10-08T12:15:05Z
2026-10-08T12:19:10Z,2026-10-08,14:19,4,Disneyland Park,Frontierland,25,Big Thunder Mountain,1,75,2026-10-08T12:15:05Z
2026-10-08T12:19:10Z,2026-10-08,14:19,4,Disneyland Park,Frontierland,2714,Disneyland Railroad Frontierland Depot,0,0,2026-10-08T12:15:05Z
2026-10-08T12:19:10Z,2026-10-08,14:19,4,Disneyland Park,Frontierland,2713,Frontierland Playground,1,0,2026-10-08T12:15:05Z
2026-10-08T12:19:10Z,2026-10-08,14:19,4,Disneyland Park,Frontierland,26,Phantom Manor,1,25,2026-10-08T12:15:05Z
2026-10-08T12:19:10Z,2026-10-08,14:19,4,Disneyland Park,Frontierland,27,River Rogue Keelboats,0,0,2026-10-08T12:15:05Z
2026-10-08T12:19:10Z,2026-10-08,14:19,4,Disneyland Park,Frontierland,2712,Rustler Roundup Shootin' Gallery,1,0,2026-10-08T12:15:05Z
2026-10-08T12:19:10Z,2026-10-08,14:19,4,Disneyland Park,Frontierland,28,Thunder Mesa Riverboat Landing,1,20,2026-10-08T12:15:05Z
2026-10-08T12:19:10Z,2026-10-08,14:19,4,Disneyland Park,Main Street U.S.A,2708,Disneyland Railroad Main Street Station,1,45,2026-10-08T12:15:05Z
2026-10-08T12:19:10Z,2026-10-08,14:19,4,Disneyland Park,Main Street U.S.A,12,Main Street Vehicles,1,5,2026-10-08T12:15:05Z
2026-10-08T12:19:10Z,2026-10-08,14:19,28,Disney Adventure World,Marvel Avengers Campus,10848,Avengers Assemble: Flight Force,1,20,2026-10-08T12:15:05Z
2026-10-08T12:19:10Z,2026-10-08,14:19,28,Disney Adventure World,Marvel Avengers Campus,10849,Avengers Assemble: Flight Force Single Rider,1,10,2026-10-08T12:15:05Z
2026-10-08T12:19:10Z,2026-10-08,14:19,28,Disney Adventure World,Marvel Avengers Campus,10845,Spider-Man W.E.B. Adventure,1,60,2026-10-08T12:15:05Z
2026-10-08T12:19:10Z,2026-10-08,14:19,28,Disney Adventure World,Marvel Avengers Campus,10846,Spider-Man W.E.B. Adventure Single Rider,1,20,2026-10-08T12:15:05Z
2026-10-08T12:19:10Z,2026-10-08,14:19,28,Disney Adventure World,Production Courtyard,266,Meet Spider Man,0,0,2026-10-08T12:15:05Z
2026-10-08T12:19:10Z,2026-10-08,14:19,28,Disney Adventure World,Production Courtyard,40,The Twilight Zone Tower of Terror,1,30,2026-10-08T12:15:05Z
2026-10-08T12:19:10Z,2026-10-08,14:19,28,Disney Adventure World,Toon Studio,30,Art of Disney Animation,0,0,2026-10-08T12:15:05Z
2026-10-08T12:19:10Z,2026-10-08,14:19,28,Disney Adventure World,Toon Studio,31,Cars Quatre Roues Rallye,1,10,2026-10-08T12:15:05Z
2026-10-08T12:19:10Z,2026-10-08,14:19,28,Disney Adventure World,Toon Studio,29,Cars ROAD TRIP,1,5,2026-10-08T12:15:05Z
2026-10-08T12:19:10Z,2026-10-08,14:19,28,Disney Adventure World,Toon Studio,32,Crush's Coaster,0,0,2026-10-08T12:15:05Z
2026-10-08T12:19:10Z,2026-10-08,14:19,28,Disney Adventure World,Toon Studio,7277,Crush's Coaster Single Rider,0,0,2026-10-08T12:15:05Z
2026-10-08T12:19:10Z,2026-10-08,14:19,28,Disney Adventure World,Toon Studio,33,Les Tapis Volants - Flying Carpets Over Agrabah®,1,10,2026-10-08T12:15:05Z
2026-10-08T12:19:10Z,2026-10-08,14:19,28,Disney Adventure World,Toon Studio,37,Ratatouille : L’Aventure Totalement Toquée de Rémy​,1,50,2026-10-08T12:15:05Z
2026-10-08T12:19:10Z,2026-10-08,14:19,28,Disney Adventure World,Toon Studio,7279,Ratatouille: The Adventure Single Rider,1,15,2026-10-08T12:15:05Z
2026-10-08T12:19:10Z,2026-10-08,14:19,28,Disney Adventure World,Toon Studio,34,RC Racer,1,35,2026-10-08T12:15:05Z
2026-10-08T12:19:10Z,2026-10-08,14:19,28,Disney Adventure World,Toon Studio,7280,RC Racer Single Rider,1,30,2026-10-08T12:15:05Z
2026-10-08T12:19:10Z,2026-10-08,14:19,28,Disney Adventure World,Toon Studio,36,Slinky® Dog Zigzag Spin,1,15,2026-10-08T12:15:05Z
2026-10-08T12:19:10Z,2026-10-08,14:19,28,Disney Adventure World,Toon Studio,35,Toy Soldiers Parachute Drop,1,45,2026-10-08T12:15:05Z
2026-10-08T12:19:10Z,2026-10-08,14:19,28,Disney Adventure World,Toon Studio,7281,Toy Soldiers Parachute Drop Single Rider,1,5,2026-10-08T12:15:05Z
2026-10-08T12:19:10Z,2026-10-08,14:19,28,Disney Adventure World,World of Frozen,15413,Frozen Ever After,1,50,2026-10-08T12:15:05Z
2026-10-08T12:19:10Z,2026-10-08,14:19,28,Disney Adventure World,World of Frozen,15422,Frozen Ever After Single Rider,1,45,2026-10-08T12:15:05Z
2026-10-08T12:19:10Z,2026-10-08,14:19,28,Disney Adventure World,World of Frozen,15415,Raiponce Tangled Spin,1,10,2026-10-08T12:15:05Z
2026-10-08T12:34:11Z,2026-10-08,14:34,4,Disneyland Park,Adventureland,2702,Adventure Isle,1,0,2026-10-08T12:30:06Z
2026-10-08T12:34:11Z,2026-10-08,14:34,4,Disneyland Park,Adventureland,7306,Indiana Jones and the Temple of Peril Single Rider,1,35,2026-10-08T12:30:06Z
2026-10-08T12:34:11Z,2026-10-08,14:34,4,Disneyland Park,Adventureland,2,Indiana Jones™ and the Temple of Peril,1,40,2026-10-08T12:30:06Z
2026-10-08T12:34:11Z,2026-10-08,14:34,4,Disneyland Park,Adventureland,1,La Cabane des Robinson,1,5,2026-10-08T12:30:06Z
2026-10-08T12:34:11Z,2026-10-08,14:34,4,Disneyland Park,Adventureland,2703,Le Passage Enchanté d'Aladdin,1,0,2026-10-08T12:30:06Z
2026-10-08T12:34:11Z,2026-10-08,14:34,4,Disneyland Park,Adventureland,2705,Pirate Galleon,0,0,2026-10-08T12:30:06Z
2026-10-08T12:34:11Z,2026-10-08,14:34,4,Disneyland Park,Adventureland,3,Pirates of the Caribbean,1,30,2026-10-08T12:30:06Z
2026-10-08T12:34:11Z,2026-10-08,14:34,4,Disneyland Park,Adventureland,2704,Pirates' Beach,0,0,2026-10-08T12:30:06Z
2026-10-08T12:34:11Z,2026-10-08,14:34,4,Disneyland Park,Discoveryland,4,"Autopia, presented by Avis",1,25,2026-10-08T12:30:06Z
2026-10-08T12:34:11Z,2026-10-08,14:34,4,Disneyland Park,Discoveryland,5,Buzz Lightyear Laser Blast,0,0,2026-10-08T12:30:06Z
2026-10-08T12:34:11Z,2026-10-08,14:34,4,Disneyland Park,Discoveryland,2706,Disneyland Railroad Discoveryland Station,0,0,2026-10-08T12:30:06Z
2026-10-08T12:34:11Z,2026-10-08,14:34,4,Disneyland Park,Discoveryland,6,Les Mystères du Nautilus,1,5,2026-10-08T12:30:06Z
2026-10-08T12:34:11Z,2026-10-08,14:34,4,Disneyland Park,Discoveryland,2707,Mickey’s PhilharMagic,1,0,2026-10-08T12:30:06Z
2026-10-08T12:34:11Z,2026-10-08,14:34,4,Disneyland Park,Discoveryland,7,Orbitron®,1,40,2026-10-08T12:30:06Z
2026-10-08T12:34:11Z,2026-10-08,14:34,4,Disneyland Park,Discoveryland,9,Star Tours: The Adventures Continue*,1,10,2026-10-08T12:30:06Z
2026-10-08T12:34:11Z,2026-10-08,14:34,4,Disneyland Park,Discoveryland,8,Star Wars Hyperspace Mountain,1,40,2026-10-08T12:30:06Z
2026-10-08T12:34:11Z,2026-10-08,14:34,4,Disneyland Park,Discoveryland,7278,Star Wars Hyperspace Mountain Single Rider,1,30,2026-10-08T12:30:06Z
2026-10-08T12:34:11Z,2026-10-08,14:34,4,Disneyland Park,Discoveryland,4573,Welcome to Starport: A Star Wars Encounter,1,40,2026-10-08T12:30:06Z
2026-10-08T12:34:11Z,2026-10-08,14:34,4,Disneyland Park,Fantasyland,19,"""it's a small world""",1,15,2026-10-08T12:30:06Z
2026-10-08T12:34:11Z,2026-10-08,14:34,4,Disneyland Park,Fantasyland,14,Alice's Curious Labyrinth,1,5,2026-10-08T12:30:06Z
2026-10-08T12:34:11Z,2026-10-08,14:34,4,Disneyland Park,Fantasyland,15,Blanche-Neige et les Sept Nains®,1,20,2026-10-08T12:30:06Z
2026-10-08T12:34:11Z,2026-10-08,14:34,4,Disneyland Park,Fantasyland,17,Casey Jr. – le Petit Train du Cirque,1,20,2026-10-08T12:30:06Z
2026-10-08T12:34:11Z,2026-10-08,14:34,4,Disneyland Park,Fantasyland,2711,Disneyland Railroad Fantasyland Station,1,45,2026-10-08T12:30:06Z
2026-10-08T12:34:11Z,2026-10-08,14:34,4,Disneyland Park,Fantasyland,11,Disneyland Railroad Main Street Station,1,45,2026-10-08T12:30:06Z
2026-10-08T12:34:11Z,2026-10-08,14:34,4,Disneyland Park,Fantasyland,18,Dumbo the Flying Elephant,1,30,2026-10-08T12:30:06Z
2026-10-08T12:34:11Z,2026-10-08,14:34,4,Disneyland Park,Fantasyland,2710,La Tanière du Dragon,1,0,2026-10-08T12:30:06Z
2026-10-08T12:34:11Z,2026-10-08,14:34,4,Disneyland Park,Fantasyland,16,Le Carrousel de Lancelot,1,10,2026-10-08T12:30:06Z
2026-10-08T12:34:11Z,2026-10-08,14:34,4,Disneyland Park,Fantasyland,21,"Le Pays des Contes de Fées, presented by Vittel",1,0,2026-10-08T12:30:06Z
2026-10-08T12:34:11Z,2026-10-08,14:34,4,Disneyland Park,Fantasyland,23,Les Voyages de Pinocchio,1,20,2026-10-08T12:30:06Z
2026-10-08T12:34:11Z,2026-10-08,14:34,4,Disneyland Park,Fantasyland,20,Mad Hatter's Tea Cups,1,10,2026-10-08T12:30:06Z
2026-10-08T12:34:11Z,2026-10-08,14:34,4,Disneyland Park,Fantasyland,13,Meet Mickey Mouse,1,0,2026-10-08T12:30:06Z
2026-10-08T12:34:11Z,2026-10-08,14:34,4,Disneyland Park,Fantasyland,22,Peter Pan's Flight,1,55,2026-10-08T12:30:06Z
2026-10-08T12:34:11Z,2026-10-08,14:34,4,Disneyland Park,Fantasyland,24,Princess Pavilion,1,0,2026-10-08T12:30:06Z
2026-10-08T12:34:11Z,2026-10-08,14:34,4,Disneyland Park,Frontierland,25,Big Thunder Mountain,1,65,2026-10-08T12:30:06Z
2026-10-08T12:34:11Z,2026-10-08,14:34,4,Disneyland Park,Frontierland,2714,Disneyland Railroad Frontierland Depot,0,0,2026-10-08T12:30:06Z
2026-10-08T12:34:11Z,2026-10-08,14:34,4,Disneyland Park,Frontierland,2713,Frontierland Playground,1,0,2026-10-08T12:30:06Z
2026-10-08T12:34:11Z,2026-10-08,14:34,4,Disneyland Park,Frontierland,26,Phantom Manor,1,25,2026-10-08T12:30:06Z
2026-10-08T12:34:11Z,2026-10-08,14:34,4,Disneyland Park,Frontierland,27,River Rogue Keelboats,0,0,2026-10-08T12:30:06Z
2026-10-08T12:34:11Z,2026-10-08,14:34,4,Disneyland Park,Frontierland,2712,Rustler Roundup Shootin' Gallery,1,0,2026-10-08T12:30:06Z
2026-10-08T12:34:11Z,2026-10-08,14:34,4,Disneyland Park,Frontierland,28,Thunder Mesa Riverboat Landing,1,20,2026-10-08T12:30:06Z
2026-10-08T12:34:11Z,2026-10-08,14:34,4,Disneyland Park,Main Street U.S.A,2708,Disneyland Railroad Main Street Station,1,45,2026-10-08T12:30:06Z
2026-10-08T12:34:11Z,2026-10-08,14:34,4,Disneyland Park,Main Street U.S.A,12,Main Street Vehicles,1,5,2026-10-08T12:30:06Z
2026-10-08T12:34:11Z,2026-10-08,14:34,28,Disney Adventure World,Marvel Avengers Campus,10848,Avengers Assemble: Flight Force,1,20,2026-10-08T12:30:06Z
2026-10-08T12:34:11Z,2026-10-08,14:34,28,Disney Adventure World,Marvel Avengers Campus,10849,Avengers Assemble: Flight Force Single Rider,1,15,2026-10-08T12:30:06Z
2026-10-08T12:34:11Z,2026-10-08,14:34,28,Disney Adventure World,Marvel Avengers Campus,10845,Spider-Man W.E.B. Adventure,1,40,2026-10-08T12:30:06Z
2026-10-08T12:34:11Z,2026-10-08,14:34,28,Disney Adventure World,Marvel Avengers Campus,10846,Spider-Man W.E.B. Adventure Single Rider,1,25,2026-10-08T12:30:06Z
2026-10-08T12:34:11Z,2026-10-08,14:34,28,Disney Adventure World,Production Courtyard,266,Meet Spider Man,0,0,2026-10-08T12:30:06Z
2026-10-08T12:34:11Z,2026-10-08,14:34,28,Disney Adventure World,Production Courtyard,40,The Twilight Zone Tower of Terror,1,40,2026-10-08T12:30:06Z
2026-10-08T12:34:11Z,2026-10-08,14:34,28,Disney Adventure World,Toon Studio,30,Art of Disney Animation,0,0,2026-10-08T12:30:06Z
2026-10-08T12:34:11Z,2026-10-08,14:34,28,Disney Adventure World,Toon Studio,31,Cars Quatre Roues Rallye,1,10,2026-10-08T12:30:06Z
2026-10-08T12:34:11Z,2026-10-08,14:34,28,Disney Adventure World,Toon Studio,29,Cars ROAD TRIP,1,5,2026-10-08T12:30:06Z
2026-10-08T12:34:11Z,2026-10-08,14:34,28,Disney Adventure World,Toon Studio,32,Crush's Coaster,0,0,2026-10-08T12:30:06Z
2026-10-08T12:34:11Z,2026-10-08,14:34,28,Disney Adventure World,Toon Studio,7277,Crush's Coaster Single Rider,0,0,2026-10-08T12:30:06Z
2026-10-08T12:34:11Z,2026-10-08,14:34,28,Disney Adventure World,Toon Studio,33,Les Tapis Volants - Flying Carpets Over Agrabah®,1,10,2026-10-08T12:30:06Z
2026-10-08T12:34:11Z,2026-10-08,14:34,28,Disney Adventure World,Toon Studio,37,Ratatouille : L’Aventure Totalement Toquée de Rémy​,1,50,2026-10-08T12:30:06Z
2026-10-08T12:34:11Z,2026-10-08,14:34,28,Disney Adventure World,Toon Studio,7279,Ratatouille: The Adventure Single Rider,1,15,2026-10-08T12:30:06Z
2026-10-08T12:34:11Z,2026-10-08,14:34,28,Disney Adventure World,Toon Studio,34,RC Racer,1,35,2026-10-08T12:30:06Z
2026-10-08T12:34:11Z,2026-10-08,14:34,28,Disney Adventure World,Toon Studio,7280,RC Racer Single Rider,1,30,2026-10-08T12:30:06Z
2026-10-08T12:34:11Z,2026-10-08,14:34,28,Disney Adventure World,Toon Studio,36,Slinky® Dog Zigzag Spin,1,15,2026-10-08T12:30:06Z
2026-10-08T12:34:11Z,2026-10-08,14:34,28,Disney Adventure World,Toon Studio,35,Toy Soldiers Parachute Drop,1,55,2026-10-08T12:30:06Z
2026-10-08T12:34:11Z,2026-10-08,14:34,28,Disney Adventure World,Toon Studio,7281,Toy Soldiers Parachute Drop Single Rider,1,20,2026-10-08T12:30:06Z
2026-10-08T12:34:11Z,2026-10-08,14:34,28,Disney Adventure World,World of Frozen,15413,Frozen Ever After,1,60,2026-10-08T12:30:06Z
2026-10-08T12:34:11Z,2026-10-08,14:34,28,Disney Adventure World,World of Frozen,15422,Frozen Ever After Single Rider,1,35,2026-10-08T12:30:06Z
2026-10-08T12:34:11Z,2026-10-08,14:34,28,Disney Adventure World,World of Frozen,15415,Raiponce Tangled Spin,1,20,2026-10-08T12:30:06Z
2026-10-08T12:49:10Z,2026-10-08,14:49,4,Disneyland Park,Adventureland,2702,Adventure Isle,1,0,2026-10-08T12:45:06Z
2026-10-08T12:49:10Z,2026-10-08,14:49,4,Disneyland Park,Adventureland,7306,Indiana Jones and the Temple of Peril Single Rider,1,15,2026-10-08T12:45:06Z
2026-10-08T12:49:10Z,2026-10-08,14:49,4,Disneyland Park,Adventureland,2,Indiana Jones™ and the Temple of Peril,1,30,2026-10-08T12:45:06Z
2026-10-08T12:49:10Z,2026-10-08,14:49,4,Disneyland Park,Adventureland,1,La Cabane des Robinson,1,5,2026-10-08T12:45:06Z
2026-10-08T12:49:10Z,2026-10-08,14:49,4,Disneyland Park,Adventureland,2703,Le Passage Enchanté d'Aladdin,1,0,2026-10-08T12:45:06Z
2026-10-08T12:49:10Z,2026-10-08,14:49,4,Disneyland Park,Adventureland,2705,Pirate Galleon,0,0,2026-10-08T12:45:06Z
2026-10-08T12:49:10Z,2026-10-08,14:49,4,Disneyland Park,Adventureland,3,Pirates of the Caribbean,1,35,2026-10-08T12:45:06Z
2026-10-08T12:49:10Z,2026-10-08,14:49,4,Disneyland Park,Adventureland,2704,Pirates' Beach,0,0,2026-10-08T12:45:06Z
2026-10-08T12:49:10Z,2026-10-08,14:49,4,Disneyland Park,Discoveryland,4,"Autopia, presented by Avis",1,25,2026-10-08T12:45:06Z
2026-10-08T12:49:10Z,2026-10-08,14:49,4,Disneyland Park,Discoveryland,5,Buzz Lightyear Laser Blast,0,0,2026-10-08T12:45:06Z
2026-10-08T12:49:10Z,2026-10-08,14:49,4,Disneyland Park,Discoveryland,2706,Disneyland Railroad Discoveryland Station,0,0,2026-10-08T12:45:06Z
2026-10-08T12:49:10Z,2026-10-08,14:49,4,Disneyland Park,Discoveryland,6,Les Mystères du Nautilus,1,5,2026-10-08T12:45:06Z
2026-10-08T12:49:10Z,2026-10-08,14:49,4,Disneyland Park,Discoveryland,2707,Mickey’s PhilharMagic,1,0,2026-10-08T12:45:06Z
2026-10-08T12:49:10Z,2026-10-08,14:49,4,Disneyland Park,Discoveryland,7,Orbitron®,1,40,2026-10-08T12:45:06Z
2026-10-08T12:49:10Z,2026-10-08,14:49,4,Disneyland Park,Discoveryland,9,Star Tours: The Adventures Continue*,1,10,2026-10-08T12:45:06Z
2026-10-08T12:49:10Z,2026-10-08,14:49,4,Disneyland Park,Discoveryland,8,Star Wars Hyperspace Mountain,1,30,2026-10-08T12:45:06Z
2026-10-08T12:49:10Z,2026-10-08,14:49,4,Disneyland Park,Discoveryland,7278,Star Wars Hyperspace Mountain Single Rider,1,25,2026-10-08T12:45:06Z
2026-10-08T12:49:10Z,2026-10-08,14:49,4,Disneyland Park,Discoveryland,4573,Welcome to Starport: A Star Wars Encounter,1,30,2026-10-08T12:45:06Z
2026-10-08T12:49:10Z,2026-10-08,14:49,4,Disneyland Park,Fantasyland,19,"""it's a small world""",1,15,2026-10-08T12:45:06Z
2026-10-08T12:49:10Z,2026-10-08,14:49,4,Disneyland Park,Fantasyland,14,Alice's Curious Labyrinth,1,5,2026-10-08T12:45:06Z
2026-10-08T12:49:10Z,2026-10-08,14:49,4,Disneyland Park,Fantasyland,15,Blanche-Neige et les Sept Nains®,1,20,2026-10-08T12:45:06Z
2026-10-08T12:49:10Z,2026-10-08,14:49,4,Disneyland Park,Fantasyland,17,Casey Jr. – le Petit Train du Cirque,1,10,2026-10-08T12:45:06Z
2026-10-08T12:49:10Z,2026-10-08,14:49,4,Disneyland Park,Fantasyland,2711,Disneyland Railroad Fantasyland Station,1,45,2026-10-08T12:45:06Z
2026-10-08T12:49:10Z,2026-10-08,14:49,4,Disneyland Park,Fantasyland,11,Disneyland Railroad Main Street Station,1,45,2026-10-08T12:45:06Z
2026-10-08T12:49:10Z,2026-10-08,14:49,4,Disneyland Park,Fantasyland,18,Dumbo the Flying Elephant,1,30,2026-10-08T12:45:06Z
2026-10-08T12:49:10Z,2026-10-08,14:49,4,Disneyland Park,Fantasyland,2710,La Tanière du Dragon,1,0,2026-10-08T12:45:06Z
2026-10-08T12:49:10Z,2026-10-08,14:49,4,Disneyland Park,Fantasyland,16,Le Carrousel de Lancelot,1,10,2026-10-08T12:45:06Z
2026-10-08T12:49:10Z,2026-10-08,14:49,4,Disneyland Park,Fantasyland,21,"Le Pays des Contes de Fées, presented by Vittel",1,10,2026-10-08T12:45:06Z
2026-10-08T12:49:10Z,2026-10-08,14:49,4,Disneyland Park,Fantasyland,23,Les Voyages de Pinocchio,1,20,2026-10-08T12:45:06Z
2026-10-08T12:49:10Z,2026-10-08,14:49,4,Disneyland Park,Fantasyland,20,Mad Hatter's Tea Cups,1,10,2026-10-08T12:45:06Z
2026-10-08T12:49:10Z,2026-10-08,14:49,4,Disneyland Park,Fantasyland,13,Meet Mickey Mouse,1,0,2026-10-08T12:45:06Z
2026-10-08T12:49:10Z,2026-10-08,14:49,4,Disneyland Park,Fantasyland,22,Peter Pan's Flight,1,60,2026-10-08T12:45:06Z
2026-10-08T12:49:10Z,2026-10-08,14:49,4,Disneyland Park,Fantasyland,24,Princess Pavilion,1,0,2026-10-08T12:45:06Z
2026-10-08T12:49:10Z,2026-10-08,14:49,4,Disneyland Park,Frontierland,25,Big Thunder Mountain,1,65,2026-10-08T12:45:06Z
2026-10-08T12:49:10Z,2026-10-08,14:49,4,Disneyland Park,Frontierland,2714,Disneyland Railroad Frontierland Depot,0,0,2026-10-08T12:45:06Z
2026-10-08T12:49:10Z,2026-10-08,14:49,4,Disneyland Park,Frontierland,2713,Frontierland Playground,1,0,2026-10-08T12:45:06Z
2026-10-08T12:49:10Z,2026-10-08,14:49,4,Disneyland Park,Frontierland,26,Phantom Manor,1,25,2026-10-08T12:45:06Z
2026-10-08T12:49:10Z,2026-10-08,14:49,4,Disneyland Park,Frontierland,27,River Rogue Keelboats,0,0,2026-10-08T12:45:06Z
2026-10-08T12:49:10Z,2026-10-08,14:49,4,Disneyland Park,Frontierland,2712,Rustler Roundup Shootin' Gallery,1,0,2026-10-08T12:45:06Z
2026-10-08T12:49:10Z,2026-10-08,14:49,4,Disneyland Park,Frontierland,28,Thunder Mesa Riverboat Landing,1,20,2026-10-08T12:45:06Z
2026-10-08T12:49:10Z,2026-10-08,14:49,4,Disneyland Park,Main Street U.S.A,2708,Disneyland Railroad Main Street Station,1,45,2026-10-08T12:45:06Z
2026-10-08T12:49:10Z,2026-10-08,14:49,4,Disneyland Park,Main Street U.S.A,12,Main Street Vehicles,0,0,2026-10-08T12:45:06Z
2026-10-08T12:49:10Z,2026-10-08,14:49,28,Disney Adventure World,Marvel Avengers Campus,10848,Avengers Assemble: Flight Force,1,30,2026-10-08T12:45:06Z
2026-10-08T12:49:10Z,2026-10-08,14:49,28,Disney Adventure World,Marvel Avengers Campus,10849,Avengers Assemble: Flight Force Single Rider,1,25,2026-10-08T12:45:06Z
2026-10-08T12:49:10Z,2026-10-08,14:49,28,Disney Adventure World,Marvel Avengers Campus,10845,Spider-Man W.E.B. Adventure,1,50,2026-10-08T12:45:06Z
2026-10-08T12:49:10Z,2026-10-08,14:49,28,Disney Adventure World,Marvel Avengers Campus,10846,Spider-Man W.E.B. Adventure Single Rider,1,25,2026-10-08T12:45:06Z
2026-10-08T12:49:10Z,2026-10-08,14:49,28,Disney Adventure World,Production Courtyard,266,Meet Spider Man,0,0,2026-10-08T12:45:06Z
2026-10-08T12:49:10Z,2026-10-08,14:49,28,Disney Adventure World,Production Courtyard,40,The Twilight Zone Tower of Terror,1,35,2026-10-08T12:45:06Z
2026-10-08T12:49:10Z,2026-10-08,14:49,28,Disney Adventure World,Toon Studio,30,Art of Disney Animation,0,0,2026-10-08T12:45:06Z
2026-10-08T12:49:10Z,2026-10-08,14:49,28,Disney Adventure World,Toon Studio,31,Cars Quatre Roues Rallye,1,10,2026-10-08T12:45:06Z
2026-10-08T12:49:10Z,2026-10-08,14:49,28,Disney Adventure World,Toon Studio,29,Cars ROAD TRIP,1,5,2026-10-08T12:45:06Z
2026-10-08T12:49:10Z,2026-10-08,14:49,28,Disney Adventure World,Toon Studio,32,Crush's Coaster,0,0,2026-10-08T12:45:06Z
2026-10-08T12:49:10Z,2026-10-08,14:49,28,Disney Adventure World,Toon Studio,7277,Crush's Coaster Single Rider,0,0,2026-10-08T12:45:06Z
2026-10-08T12:49:10Z,2026-10-08,14:49,28,Disney Adventure World,Toon Studio,33,Les Tapis Volants - Flying Carpets Over Agrabah®,1,20,2026-10-08T12:45:06Z
2026-10-08T12:49:10Z,2026-10-08,14:49,28,Disney Adventure World,Toon Studio,37,Ratatouille : L’Aventure Totalement Toquée de Rémy​,1,50,2026-10-08T12:45:06Z
2026-10-08T12:49:10Z,2026-10-08,14:49,28,Disney Adventure World,Toon Studio,7279,Ratatouille: The Adventure Single Rider,1,15,2026-10-08T12:45:06Z
2026-10-08T12:49:10Z,2026-10-08,14:49,28,Disney Adventure World,Toon Studio,34,RC Racer,1,55,2026-10-08T12:45:06Z
2026-10-08T12:49:10Z,2026-10-08,14:49,28,Disney Adventure World,Toon Studio,7280,RC Racer Single Rider,1,40,2026-10-08T12:45:06Z
2026-10-08T12:49:10Z,2026-10-08,14:49,28,Disney Adventure World,Toon Studio,36,Slinky® Dog Zigzag Spin,1,15,2026-10-08T12:45:06Z
2026-10-08T12:49:10Z,2026-10-08,14:49,28,Disney Adventure World,Toon Studio,35,Toy Soldiers Parachute Drop,1,50,2026-10-08T12:45:06Z
2026-10-08T12:49:10Z,2026-10-08,14:49,28,Disney Adventure World,Toon Studio,7281,Toy Soldiers Parachute Drop Single Rider,1,20,2026-10-08T12:45:06Z
2026-10-08T12:49:10Z,2026-10-08,14:49,28,Disney Adventure World,World of Frozen,15413,Frozen Ever After,1,65,2026-10-08T12:45:06Z
2026-10-08T12:49:10Z,2026-10-08,14:49,28,Disney Adventure World,World of Frozen,15422,Frozen Ever After Single Rider,1,30,2026-10-08T12:45:06Z
2026-10-08T12:49:10Z,2026-10-08,14:49,28,Disney Adventure World,World of Frozen,15415,Raiponce Tangled Spin,1,15,2026-10-08T12:45:06Z
2026-10-08T13:04:13Z,2026-10-08,15:04,4,Disneyland Park,Adventureland,2702,Adventure Isle,1,0,2026-10-08T13:00:06Z
2026-10-08T13:04:13Z,2026-10-08,15:04,4,Disneyland Park,Adventureland,7306,Indiana Jones and the Temple of Peril Single Rider,1,20,2026-10-08T13:00:06Z
2026-10-08T13:04:13Z,2026-10-08,15:04,4,Disneyland Park,Adventureland,2,Indiana Jones™ and the Temple of Peril,1,30,2026-10-08T13:00:06Z
2026-10-08T13:04:13Z,2026-10-08,15:04,4,Disneyland Park,Adventureland,1,La Cabane des Robinson,1,5,2026-10-08T13:00:06Z
2026-10-08T13:04:13Z,2026-10-08,15:04,4,Disneyland Park,Adventureland,2703,Le Passage Enchanté d'Aladdin,1,0,2026-10-08T13:00:06Z
2026-10-08T13:04:13Z,2026-10-08,15:04,4,Disneyland Park,Adventureland,2705,Pirate Galleon,0,0,2026-10-08T13:00:06Z
2026-10-08T13:04:13Z,2026-10-08,15:04,4,Disneyland Park,Adventureland,3,Pirates of the Caribbean,1,30,2026-10-08T13:00:06Z
2026-10-08T13:04:13Z,2026-10-08,15:04,4,Disneyland Park,Adventureland,2704,Pirates' Beach,0,0,2026-10-08T13:00:06Z
2026-10-08T13:04:13Z,2026-10-08,15:04,4,Disneyland Park,Discoveryland,4,"Autopia, presented by Avis",1,15,2026-10-08T13:00:06Z
2026-10-08T13:04:13Z,2026-10-08,15:04,4,Disneyland Park,Discoveryland,5,Buzz Lightyear Laser Blast,0,0,2026-10-08T13:00:06Z
2026-10-08T13:04:13Z,2026-10-08,15:04,4,Disneyland Park,Discoveryland,2706,Disneyland Railroad Discoveryland Station,0,0,2026-10-08T13:00:06Z
2026-10-08T13:04:13Z,2026-10-08,15:04,4,Disneyland Park,Discoveryland,6,Les Mystères du Nautilus,1,5,2026-10-08T13:00:06Z
2026-10-08T13:04:13Z,2026-10-08,15:04,4,Disneyland Park,Discoveryland,2707,Mickey’s PhilharMagic,1,0,2026-10-08T13:00:06Z
2026-10-08T13:04:13Z,2026-10-08,15:04,4,Disneyland Park,Discoveryland,7,Orbitron®,1,35,2026-10-08T13:00:06Z
2026-10-08T13:04:13Z,2026-10-08,15:04,4,Disneyland Park,Discoveryland,9,Star Tours: The Adventures Continue*,1,15,2026-10-08T13:00:06Z
2026-10-08T13:04:13Z,2026-10-08,15:04,4,Disneyland Park,Discoveryland,8,Star Wars Hyperspace Mountain,1,25,2026-10-08T13:00:06Z
2026-10-08T13:04:13Z,2026-10-08,15:04,4,Disneyland Park,Discoveryland,7278,Star Wars Hyperspace Mountain Single Rider,1,20,2026-10-08T13:00:06Z
2026-10-08T13:04:13Z,2026-10-08,15:04,4,Disneyland Park,Discoveryland,4573,Welcome to Starport: A Star Wars Encounter,1,30,2026-10-08T13:00:06Z
2026-10-08T13:04:13Z,2026-10-08,15:04,4,Disneyland Park,Fantasyland,19,"""it's a small world""",1,10,2026-10-08T13:00:06Z
2026-10-08T13:04:13Z,2026-10-08,15:04,4,Disneyland Park,Fantasyland,14,Alice's Curious Labyrinth,1,5,2026-10-08T13:00:06Z
2026-10-08T13:04:13Z,2026-10-08,15:04,4,Disneyland Park,Fantasyland,15,Blanche-Neige et les Sept Nains®,1,20,2026-10-08T13:00:06Z
2026-10-08T13:04:13Z,2026-10-08,15:04,4,Disneyland Park,Fantasyland,17,Casey Jr. – le Petit Train du Cirque,1,10,2026-10-08T13:00:06Z
2026-10-08T13:04:13Z,2026-10-08,15:04,4,Disneyland Park,Fantasyland,2711,Disneyland Railroad Fantasyland Station,1,45,2026-10-08T13:00:06Z
2026-10-08T13:04:13Z,2026-10-08,15:04,4,Disneyland Park,Fantasyland,11,Disneyland Railroad Main Street Station,1,45,2026-10-08T13:00:06Z
2026-10-08T13:04:13Z,2026-10-08,15:04,4,Disneyland Park,Fantasyland,18,Dumbo the Flying Elephant,1,30,2026-10-08T13:00:06Z
2026-10-08T13:04:13Z,2026-10-08,15:04,4,Disneyland Park,Fantasyland,2710,La Tanière du Dragon,1,0,2026-10-08T13:00:06Z
2026-10-08T13:04:13Z,2026-10-08,15:04,4,Disneyland Park,Fantasyland,16,Le Carrousel de Lancelot,1,10,2026-10-08T13:00:06Z
2026-10-08T13:04:13Z,2026-10-08,15:04,4,Disneyland Park,Fantasyland,21,"Le Pays des Contes de Fées, presented by Vittel",1,5,2026-10-08T13:00:06Z
2026-10-08T13:04:13Z,2026-10-08,15:04,4,Disneyland Park,Fantasyland,23,Les Voyages de Pinocchio,1,20,2026-10-08T13:00:06Z
2026-10-08T13:04:13Z,2026-10-08,15:04,4,Disneyland Park,Fantasyland,20,Mad Hatter's Tea Cups,1,10,2026-10-08T13:00:06Z
2026-10-08T13:04:13Z,2026-10-08,15:04,4,Disneyland Park,Fantasyland,13,Meet Mickey Mouse,1,0,2026-10-08T13:00:06Z
2026-10-08T13:04:13Z,2026-10-08,15:04,4,Disneyland Park,Fantasyland,22,Peter Pan's Flight,1,70,2026-10-08T13:00:06Z
2026-10-08T13:04:13Z,2026-10-08,15:04,4,Disneyland Park,Fantasyland,24,Princess Pavilion,1,0,2026-10-08T13:00:06Z
2026-10-08T13:04:13Z,2026-10-08,15:04,4,Disneyland Park,Frontierland,25,Big Thunder Mountain,1,65,2026-10-08T13:00:06Z
2026-10-08T13:04:13Z,2026-10-08,15:04,4,Disneyland Park,Frontierland,2714,Disneyland Railroad Frontierland Depot,0,0,2026-10-08T13:00:06Z
2026-10-08T13:04:13Z,2026-10-08,15:04,4,Disneyland Park,Frontierland,2713,Frontierland Playground,1,0,2026-10-08T13:00:06Z
2026-10-08T13:04:13Z,2026-10-08,15:04,4,Disneyland Park,Frontierland,26,Phantom Manor,1,30,2026-10-08T13:00:06Z
2026-10-08T13:04:13Z,2026-10-08,15:04,4,Disneyland Park,Frontierland,27,River Rogue Keelboats,0,0,2026-10-08T13:00:06Z
2026-10-08T13:04:13Z,2026-10-08,15:04,4,Disneyland Park,Frontierland,2712,Rustler Roundup Shootin' Gallery,1,0,2026-10-08T13:00:06Z
2026-10-08T13:04:13Z,2026-10-08,15:04,4,Disneyland Park,Frontierland,28,Thunder Mesa Riverboat Landing,1,20,2026-10-08T13:00:06Z
2026-10-08T13:04:13Z,2026-10-08,15:04,4,Disneyland Park,Main Street U.S.A,2708,Disneyland Railroad Main Street Station,1,45,2026-10-08T13:00:06Z
2026-10-08T13:04:13Z,2026-10-08,15:04,4,Disneyland Park,Main Street U.S.A,12,Main Street Vehicles,0,0,2026-10-08T13:00:06Z
2026-10-08T13:04:13Z,2026-10-08,15:04,28,Disney Adventure World,Marvel Avengers Campus,10848,Avengers Assemble: Flight Force,1,30,2026-10-08T13:00:06Z
2026-10-08T13:04:13Z,2026-10-08,15:04,28,Disney Adventure World,Marvel Avengers Campus,10849,Avengers Assemble: Flight Force Single Rider,1,25,2026-10-08T13:00:06Z
2026-10-08T13:04:13Z,2026-10-08,15:04,28,Disney Adventure World,Marvel Avengers Campus,10845,Spider-Man W.E.B. Adventure,1,45,2026-10-08T13:00:06Z
2026-10-08T13:04:13Z,2026-10-08,15:04,28,Disney Adventure World,Marvel Avengers Campus,10846,Spider-Man W.E.B. Adventure Single Rider,1,25,2026-10-08T13:00:06Z
2026-10-08T13:04:13Z,2026-10-08,15:04,28,Disney Adventure World,Production Courtyard,266,Meet Spider Man,0,0,2026-10-08T13:00:06Z
2026-10-08T13:04:13Z,2026-10-08,15:04,28,Disney Adventure World,Production Courtyard,40,The Twilight Zone Tower of Terror,1,45,2026-10-08T13:00:06Z
2026-10-08T13:04:13Z,2026-10-08,15:04,28,Disney Adventure World,Toon Studio,30,Art of Disney Animation,0,0,2026-10-08T13:00:06Z
2026-10-08T13:04:13Z,2026-10-08,15:04,28,Disney Adventure World,Toon Studio,31,Cars Quatre Roues Rallye,1,10,2026-10-08T13:00:06Z
2026-10-08T13:04:13Z,2026-10-08,15:04,28,Disney Adventure World,Toon Studio,29,Cars ROAD TRIP,1,5,2026-10-08T13:00:06Z
2026-10-08T13:04:13Z,2026-10-08,15:04,28,Disney Adventure World,Toon Studio,32,Crush's Coaster,0,0,2026-10-08T13:00:06Z
2026-10-08T13:04:13Z,2026-10-08,15:04,28,Disney Adventure World,Toon Studio,7277,Crush's Coaster Single Rider,0,0,2026-10-08T13:00:06Z
2026-10-08T13:04:13Z,2026-10-08,15:04,28,Disney Adventure World,Toon Studio,33,Les Tapis Volants - Flying Carpets Over Agrabah®,1,20,2026-10-08T13:00:06Z
2026-10-08T13:04:13Z,2026-10-08,15:04,28,Disney Adventure World,Toon Studio,37,Ratatouille : L’Aventure Totalement Toquée de Rémy​,1,50,2026-10-08T13:00:06Z
2026-10-08T13:04:13Z,2026-10-08,15:04,28,Disney Adventure World,Toon Studio,7279,Ratatouille: The Adventure Single Rider,1,25,2026-10-08T13:00:06Z
2026-10-08T13:04:13Z,2026-10-08,15:04,28,Disney Adventure World,Toon Studio,34,RC Racer,1,55,2026-10-08T13:00:06Z
2026-10-08T13:04:13Z,2026-10-08,15:04,28,Disney Adventure World,Toon Studio,7280,RC Racer Single Rider,1,40,2026-10-08T13:00:06Z
2026-10-08T13:04:13Z,2026-10-08,15:04,28,Disney Adventure World,Toon Studio,36,Slinky® Dog Zigzag Spin,1,15,2026-10-08T13:00:06Z
2026-10-08T13:04:13Z,2026-10-08,15:04,28,Disney Adventure World,Toon Studio,35,Toy Soldiers Parachute Drop,1,45,2026-10-08T13:00:06Z
2026-10-08T13:04:13Z,2026-10-08,15:04,28,Disney Adventure World,Toon Studio,7281,Toy Soldiers Parachute Drop Single Rider,1,20,2026-10-08T13:00:06Z
2026-10-08T13:04:13Z,2026-10-08,15:04,28,Disney Adventure World,World of Frozen,15413,Frozen Ever After,1,65,2026-10-08T13:00:06Z
2026-10-08T13:04:13Z,2026-10-08,15:04,28,Disney Adventure World,World of Frozen,15422,Frozen Ever After Single Rider,1,35,2026-10-08T13:00:06Z
2026-10-08T13:04:13Z,2026-10-08,15:04,28,Disney Adventure World,World of Frozen,15415,Raiponce Tangled Spin,1,5,2026-10-08T13:00:06Z
2026-10-08T13:19:10Z,2026-10-08,15:19,4,Disneyland Park,Adventureland,2702,Adventure Isle,1,0,2026-10-08T13:15:05Z
2026-10-08T13:19:10Z,2026-10-08,15:19,4,Disneyland Park,Adventureland,7306,Indiana Jones and the Temple of Peril Single Rider,1,20,2026-10-08T13:15:05Z
2026-10-08T13:19:10Z,2026-10-08,15:19,4,Disneyland Park,Adventureland,2,Indiana Jones™ and the Temple of Peril,1,30,2026-10-08T13:15:05Z
2026-10-08T13:19:10Z,2026-10-08,15:19,4,Disneyland Park,Adventureland,1,La Cabane des Robinson,1,5,2026-10-08T13:15:05Z
2026-10-08T13:19:10Z,2026-10-08,15:19,4,Disneyland Park,Adventureland,2703,Le Passage Enchanté d'Aladdin,1,0,2026-10-08T13:15:05Z
2026-10-08T13:19:10Z,2026-10-08,15:19,4,Disneyland Park,Adventureland,2705,Pirate Galleon,0,0,2026-10-08T13:15:05Z
2026-10-08T13:19:10Z,2026-10-08,15:19,4,Disneyland Park,Adventureland,3,Pirates of the Caribbean,1,25,2026-10-08T13:15:05Z
2026-10-08T13:19:10Z,2026-10-08,15:19,4,Disneyland Park,Adventureland,2704,Pirates' Beach,0,0,2026-10-08T13:15:05Z
2026-10-08T13:19:10Z,2026-10-08,15:19,4,Disneyland Park,Discoveryland,4,"Autopia, presented by Avis",1,20,2026-10-08T13:15:05Z
2026-10-08T13:19:10Z,2026-10-08,15:19,4,Disneyland Park,Discoveryland,5,Buzz Lightyear Laser Blast,0,0,2026-10-08T13:15:05Z
2026-10-08T13:19:10Z,2026-10-08,15:19,4,Disneyland Park,Discoveryland,2706,Disneyland Railroad Discoveryland Station,0,0,2026-10-08T13:15:05Z
2026-10-08T13:19:10Z,2026-10-08,15:19,4,Disneyland Park,Discoveryland,6,Les Mystères du Nautilus,1,5,2026-10-08T13:15:05Z
2026-10-08T13:19:10Z,2026-10-08,15:19,4,Disneyland Park,Discoveryland,2707,Mickey’s PhilharMagic,1,0,2026-10-08T13:15:05Z
2026-10-08T13:19:10Z,2026-10-08,15:19,4,Disneyland Park,Discoveryland,7,Orbitron®,1,40,2026-10-08T13:15:05Z
2026-10-08T13:19:10Z,2026-10-08,15:19,4,Disneyland Park,Discoveryland,9,Star Tours: The Adventures Continue*,1,20,2026-10-08T13:15:05Z
2026-10-08T13:19:10Z,2026-10-08,15:19,4,Disneyland Park,Discoveryland,8,Star Wars Hyperspace Mountain,1,25,2026-10-08T13:15:05Z
2026-10-08T13:19:10Z,2026-10-08,15:19,4,Disneyland Park,Discoveryland,7278,Star Wars Hyperspace Mountain Single Rider,1,15,2026-10-08T13:15:05Z
2026-10-08T13:19:10Z,2026-10-08,15:19,4,Disneyland Park,Discoveryland,4573,Welcome to Starport: A Star Wars Encounter,1,15,2026-10-08T13:15:05Z
2026-10-08T13:19:10Z,2026-10-08,15:19,4,Disneyland Park,Fantasyland,19,"""it's a small world""",1,10,2026-10-08T13:15:05Z
2026-10-08T13:19:10Z,2026-10-08,15:19,4,Disneyland Park,Fantasyland,14,Alice's Curious Labyrinth,1,5,2026-10-08T13:15:05Z
2026-10-08T13:19:10Z,2026-10-08,15:19,4,Disneyland Park,Fantasyland,15,Blanche-Neige et les Sept Nains®,1,20,2026-10-08T13:15:05Z
2026-10-08T13:19:10Z,2026-10-08,15:19,4,Disneyland Park,Fantasyland,17,Casey Jr. – le Petit Train du Cirque,1,10,2026-10-08T13:15:05Z
2026-10-08T13:19:10Z,2026-10-08,15:19,4,Disneyland Park,Fantasyland,2711,Disneyland Railroad Fantasyland Station,1,45,2026-10-08T13:15:05Z
2026-10-08T13:19:10Z,2026-10-08,15:19,4,Disneyland Park,Fantasyland,11,Disneyland Railroad Main Street Station,1,45,2026-10-08T13:15:05Z
2026-10-08T13:19:10Z,2026-10-08,15:19,4,Disneyland Park,Fantasyland,18,Dumbo the Flying Elephant,1,30,2026-10-08T13:15:05Z
2026-10-08T13:19:10Z,2026-10-08,15:19,4,Disneyland Park,Fantasyland,2710,La Tanière du Dragon,1,0,2026-10-08T13:15:05Z
2026-10-08T13:19:10Z,2026-10-08,15:19,4,Disneyland Park,Fantasyland,16,Le Carrousel de Lancelot,1,10,2026-10-08T13:15:05Z
2026-10-08T13:19:10Z,2026-10-08,15:19,4,Disneyland Park,Fantasyland,21,"Le Pays des Contes de Fées, presented by Vittel",1,5,2026-10-08T13:15:05Z
2026-10-08T13:19:10Z,2026-10-08,15:19,4,Disneyland Park,Fantasyland,23,Les Voyages de Pinocchio,0,0,2026-10-08T13:15:05Z
2026-10-08T13:19:10Z,2026-10-08,15:19,4,Disneyland Park,Fantasyland,20,Mad Hatter's Tea Cups,1,5,2026-10-08T13:15:05Z
2026-10-08T13:19:10Z,2026-10-08,15:19,4,Disneyland Park,Fantasyland,13,Meet Mickey Mouse,1,0,2026-10-08T13:15:05Z
2026-10-08T13:19:10Z,2026-10-08,15:19,4,Disneyland Park,Fantasyland,22,Peter Pan's Flight,1,60,2026-10-08T13:15:05Z
2026-10-08T13:19:10Z,2026-10-08,15:19,4,Disneyland Park,Fantasyland,24,Princess Pavilion,1,0,2026-10-08T13:15:05Z
2026-10-08T13:19:10Z,2026-10-08,15:19,4,Disneyland Park,Frontierland,25,Big Thunder Mountain,1,65,2026-10-08T13:15:05Z
2026-10-08T13:19:10Z,2026-10-08,15:19,4,Disneyland Park,Frontierland,2714,Disneyland Railroad Frontierland Depot,0,0,2026-10-08T13:15:05Z
2026-10-08T13:19:10Z,2026-10-08,15:19,4,Disneyland Park,Frontierland,2713,Frontierland Playground,1,0,2026-10-08T13:15:05Z
2026-10-08T13:19:10Z,2026-10-08,15:19,4,Disneyland Park,Frontierland,26,Phantom Manor,1,35,2026-10-08T13:15:05Z
2026-10-08T13:19:10Z,2026-10-08,15:19,4,Disneyland Park,Frontierland,27,River Rogue Keelboats,0,0,2026-10-08T13:15:05Z
2026-10-08T13:19:10Z,2026-10-08,15:19,4,Disneyland Park,Frontierland,2712,Rustler Roundup Shootin' Gallery,1,0,2026-10-08T13:15:05Z
2026-10-08T13:19:10Z,2026-10-08,15:19,4,Disneyland Park,Frontierland,28,Thunder Mesa Riverboat Landing,1,20,2026-10-08T13:15:05Z
2026-10-08T13:19:10Z,2026-10-08,15:19,4,Disneyland Park,Main Street U.S.A,2708,Disneyland Railroad Main Street Station,1,45,2026-10-08T13:15:05Z
2026-10-08T13:19:10Z,2026-10-08,15:19,4,Disneyland Park,Main Street U.S.A,12,Main Street Vehicles,0,0,2026-10-08T13:15:05Z
2026-10-08T13:19:10Z,2026-10-08,15:19,28,Disney Adventure World,Marvel Avengers Campus,10848,Avengers Assemble: Flight Force,1,30,2026-10-08T13:15:05Z
2026-10-08T13:19:10Z,2026-10-08,15:19,28,Disney Adventure World,Marvel Avengers Campus,10849,Avengers Assemble: Flight Force Single Rider,1,25,2026-10-08T13:15:05Z
2026-10-08T13:19:10Z,2026-10-08,15:19,28,Disney Adventure World,Marvel Avengers Campus,10845,Spider-Man W.E.B. Adventure,1,45,2026-10-08T13:15:05Z
2026-10-08T13:19:10Z,2026-10-08,15:19,28,Disney Adventure World,Marvel Avengers Campus,10846,Spider-Man W.E.B. Adventure Single Rider,1,25,2026-10-08T13:15:05Z
2026-10-08T13:19:10Z,2026-10-08,15:19,28,Disney Adventure World,Production Courtyard,266,Meet Spider Man,0,0,2026-10-08T13:15:05Z
2026-10-08T13:19:10Z,2026-10-08,15:19,28,Disney Adventure World,Production Courtyard,40,The Twilight Zone Tower of Terror,1,30,2026-10-08T13:15:05Z
2026-10-08T13:19:10Z,2026-10-08,15:19,28,Disney Adventure World,Toon Studio,30,Art of Disney Animation,0,0,2026-10-08T13:15:05Z
2026-10-08T13:19:10Z,2026-10-08,15:19,28,Disney Adventure World,Toon Studio,31,Cars Quatre Roues Rallye,1,10,2026-10-08T13:15:05Z
2026-10-08T13:19:10Z,2026-10-08,15:19,28,Disney Adventure World,Toon Studio,29,Cars ROAD TRIP,1,5,2026-10-08T13:15:05Z
2026-10-08T13:19:10Z,2026-10-08,15:19,28,Disney Adventure World,Toon Studio,32,Crush's Coaster,0,0,2026-10-08T13:15:05Z
2026-10-08T13:19:10Z,2026-10-08,15:19,28,Disney Adventure World,Toon Studio,7277,Crush's Coaster Single Rider,0,0,2026-10-08T13:15:05Z
2026-10-08T13:19:10Z,2026-10-08,15:19,28,Disney Adventure World,Toon Studio,33,Les Tapis Volants - Flying Carpets Over Agrabah®,1,10,2026-10-08T13:15:05Z
2026-10-08T13:19:10Z,2026-10-08,15:19,28,Disney Adventure World,Toon Studio,37,Ratatouille : L’Aventure Totalement Toquée de Rémy​,1,50,2026-10-08T13:15:05Z
2026-10-08T13:19:10Z,2026-10-08,15:19,28,Disney Adventure World,Toon Studio,7279,Ratatouille: The Adventure Single Rider,1,25,2026-10-08T13:15:05Z
2026-10-08T13:19:10Z,2026-10-08,15:19,28,Disney Adventure World,Toon Studio,34,RC Racer,1,50,2026-10-08T13:15:05Z
2026-10-08T13:19:10Z,2026-10-08,15:19,28,Disney Adventure World,Toon Studio,7280,RC Racer Single Rider,1,45,2026-10-08T13:15:05Z
2026-10-08T13:19:10Z,2026-10-08,15:19,28,Disney Adventure World,Toon Studio,36,Slinky® Dog Zigzag Spin,1,30,2026-10-08T13:15:05Z
2026-10-08T13:19:10Z,2026-10-08,15:19,28,Disney Adventure World,Toon Studio,35,Toy Soldiers Parachute Drop,1,35,2026-10-08T13:15:05Z
2026-10-08T13:19:10Z,2026-10-08,15:19,28,Disney Adventure World,Toon Studio,7281,Toy Soldiers Parachute Drop Single Rider,1,15,2026-10-08T13:15:05Z
2026-10-08T13:19:10Z,2026-10-08,15:19,28,Disney Adventure World,World of Frozen,15413,Frozen Ever After,1,55,2026-10-08T13:15:05Z
2026-10-08T13:19:10Z,2026-10-08,15:19,28,Disney Adventure World,World of Frozen,15422,Frozen Ever After Single Rider,1,40,2026-10-08T13:15:05Z
2026-10-08T13:19:10Z,2026-10-08,15:19,28,Disney Adventure World,World of Frozen,15415,Raiponce Tangled Spin,1,5,2026-10-08T13:15:05Z
2026-10-08T13:34:11Z,2026-10-08,15:34,4,Disneyland Park,Adventureland,2702,Adventure Isle,1,0,2026-10-08T13:30:04Z
2026-10-08T13:34:11Z,2026-10-08,15:34,4,Disneyland Park,Adventureland,7306,Indiana Jones and the Temple of Peril Single Rider,1,20,2026-10-08T13:30:04Z
2026-10-08T13:34:11Z,2026-10-08,15:34,4,Disneyland Park,Adventureland,2,Indiana Jones™ and the Temple of Peril,1,30,2026-10-08T13:30:04Z
2026-10-08T13:34:11Z,2026-10-08,15:34,4,Disneyland Park,Adventureland,1,La Cabane des Robinson,0,0,2026-10-08T13:30:04Z
2026-10-08T13:34:11Z,2026-10-08,15:34,4,Disneyland Park,Adventureland,2703,Le Passage Enchanté d'Aladdin,1,0,2026-10-08T13:30:04Z
2026-10-08T13:34:11Z,2026-10-08,15:34,4,Disneyland Park,Adventureland,2705,Pirate Galleon,0,0,2026-10-08T13:30:04Z
2026-10-08T13:34:11Z,2026-10-08,15:34,4,Disneyland Park,Adventureland,3,Pirates of the Caribbean,1,15,2026-10-08T13:30:04Z
2026-10-08T13:34:11Z,2026-10-08,15:34,4,Disneyland Park,Adventureland,2704,Pirates' Beach,0,0,2026-10-08T13:30:04Z
2026-10-08T13:34:11Z,2026-10-08,15:34,4,Disneyland Park,Discoveryland,4,"Autopia, presented by Avis",1,20,2026-10-08T13:30:04Z
2026-10-08T13:34:11Z,2026-10-08,15:34,4,Disneyland Park,Discoveryland,5,Buzz Lightyear Laser Blast,0,0,2026-10-08T13:30:04Z
2026-10-08T13:34:11Z,2026-10-08,15:34,4,Disneyland Park,Discoveryland,2706,Disneyland Railroad Discoveryland Station,0,0,2026-10-08T13:30:04Z
2026-10-08T13:34:11Z,2026-10-08,15:34,4,Disneyland Park,Discoveryland,6,Les Mystères du Nautilus,1,5,2026-10-08T13:30:04Z
2026-10-08T13:34:11Z,2026-10-08,15:34,4,Disneyland Park,Discoveryland,2707,Mickey’s PhilharMagic,1,0,2026-10-08T13:30:04Z
2026-10-08T13:34:11Z,2026-10-08,15:34,4,Disneyland Park,Discoveryland,7,Orbitron®,1,35,2026-10-08T13:30:04Z
2026-10-08T13:34:11Z,2026-10-08,15:34,4,Disneyland Park,Discoveryland,9,Star Tours: The Adventures Continue*,1,5,2026-10-08T13:30:04Z
2026-10-08T13:34:11Z,2026-10-08,15:34,4,Disneyland Park,Discoveryland,8,Star Wars Hyperspace Mountain,1,35,2026-10-08T13:30:04Z
2026-10-08T13:34:11Z,2026-10-08,15:34,4,Disneyland Park,Discoveryland,7278,Star Wars Hyperspace Mountain Single Rider,1,30,2026-10-08T13:30:04Z
2026-10-08T13:34:11Z,2026-10-08,15:34,4,Disneyland Park,Discoveryland,4573,Welcome to Starport: A Star Wars Encounter,1,10,2026-10-08T13:30:04Z
2026-10-08T13:34:11Z,2026-10-08,15:34,4,Disneyland Park,Fantasyland,19,"""it's a small world""",1,5,2026-10-08T13:30:04Z
2026-10-08T13:34:11Z,2026-10-08,15:34,4,Disneyland Park,Fantasyland,14,Alice's Curious Labyrinth,1,5,2026-10-08T13:30:04Z
2026-10-08T13:34:11Z,2026-10-08,15:34,4,Disneyland Park,Fantasyland,15,Blanche-Neige et les Sept Nains®,1,20,2026-10-08T13:30:04Z
2026-10-08T13:34:11Z,2026-10-08,15:34,4,Disneyland Park,Fantasyland,17,Casey Jr. – le Petit Train du Cirque,1,10,2026-10-08T13:30:04Z
2026-10-08T13:34:11Z,2026-10-08,15:34,4,Disneyland Park,Fantasyland,2711,Disneyland Railroad Fantasyland Station,1,50,2026-10-08T13:30:04Z
2026-10-08T13:34:11Z,2026-10-08,15:34,4,Disneyland Park,Fantasyland,11,Disneyland Railroad Main Street Station,1,45,2026-10-08T13:30:04Z
2026-10-08T13:34:11Z,2026-10-08,15:34,4,Disneyland Park,Fantasyland,18,Dumbo the Flying Elephant,1,30,2026-10-08T13:30:04Z
2026-10-08T13:34:11Z,2026-10-08,15:34,4,Disneyland Park,Fantasyland,2710,La Tanière du Dragon,1,0,2026-10-08T13:30:04Z
2026-10-08T13:34:11Z,2026-10-08,15:34,4,Disneyland Park,Fantasyland,16,Le Carrousel de Lancelot,1,10,2026-10-08T13:30:04Z
2026-10-08T13:34:11Z,2026-10-08,15:34,4,Disneyland Park,Fantasyland,21,"Le Pays des Contes de Fées, presented by Vittel",1,5,2026-10-08T13:30:04Z
2026-10-08T13:34:11Z,2026-10-08,15:34,4,Disneyland Park,Fantasyland,23,Les Voyages de Pinocchio,0,0,2026-10-08T13:30:04Z
2026-10-08T13:34:11Z,2026-10-08,15:34,4,Disneyland Park,Fantasyland,20,Mad Hatter's Tea Cups,1,5,2026-10-08T13:30:04Z
2026-10-08T13:34:11Z,2026-10-08,15:34,4,Disneyland Park,Fantasyland,13,Meet Mickey Mouse,1,0,2026-10-08T13:30:04Z
2026-10-08T13:34:11Z,2026-10-08,15:34,4,Disneyland Park,Fantasyland,22,Peter Pan's Flight,1,60,2026-10-08T13:30:04Z
2026-10-08T13:34:11Z,2026-10-08,15:34,4,Disneyland Park,Fantasyland,24,Princess Pavilion,1,0,2026-10-08T13:30:04Z
2026-10-08T13:34:11Z,2026-10-08,15:34,4,Disneyland Park,Frontierland,25,Big Thunder Mountain,1,60,2026-10-08T13:30:04Z
2026-10-08T13:34:11Z,2026-10-08,15:34,4,Disneyland Park,Frontierland,2714,Disneyland Railroad Frontierland Depot,0,0,2026-10-08T13:30:04Z
2026-10-08T13:34:11Z,2026-10-08,15:34,4,Disneyland Park,Frontierland,2713,Frontierland Playground,1,0,2026-10-08T13:30:04Z
2026-10-08T13:34:11Z,2026-10-08,15:34,4,Disneyland Park,Frontierland,26,Phantom Manor,1,30,2026-10-08T13:30:04Z
2026-10-08T13:34:11Z,2026-10-08,15:34,4,Disneyland Park,Frontierland,27,River Rogue Keelboats,0,0,2026-10-08T13:30:04Z
2026-10-08T13:34:11Z,2026-10-08,15:34,4,Disneyland Park,Frontierland,2712,Rustler Roundup Shootin' Gallery,1,0,2026-10-08T13:30:04Z
2026-10-08T13:34:11Z,2026-10-08,15:34,4,Disneyland Park,Frontierland,28,Thunder Mesa Riverboat Landing,1,20,2026-10-08T13:30:04Z
2026-10-08T13:34:11Z,2026-10-08,15:34,4,Disneyland Park,Main Street U.S.A,2708,Disneyland Railroad Main Street Station,1,45,2026-10-08T13:30:04Z
2026-10-08T13:34:11Z,2026-10-08,15:34,4,Disneyland Park,Main Street U.S.A,12,Main Street Vehicles,0,0,2026-10-08T13:30:04Z
2026-10-08T13:34:11Z,2026-10-08,15:34,28,Disney Adventure World,Marvel Avengers Campus,10848,Avengers Assemble: Flight Force,1,30,2026-10-08T13:30:04Z
2026-10-08T13:34:11Z,2026-10-08,15:34,28,Disney Adventure World,Marvel Avengers Campus,10849,Avengers Assemble: Flight Force Single Rider,1,25,2026-10-08T13:30:04Z
2026-10-08T13:34:11Z,2026-10-08,15:34,28,Disney Adventure World,Marvel Avengers Campus,10845,Spider-Man W.E.B. Adventure,1,35,2026-10-08T13:30:04Z
2026-10-08T13:34:11Z,2026-10-08,15:34,28,Disney Adventure World,Marvel Avengers Campus,10846,Spider-Man W.E.B. Adventure Single Rider,1,15,2026-10-08T13:30:04Z
2026-10-08T13:34:11Z,2026-10-08,15:34,28,Disney Adventure World,Production Courtyard,266,Meet Spider Man,0,0,2026-10-08T13:30:04Z
2026-10-08T13:34:11Z,2026-10-08,15:34,28,Disney Adventure World,Production Courtyard,40,The Twilight Zone Tower of Terror,1,25,2026-10-08T13:30:04Z
2026-10-08T13:34:11Z,2026-10-08,15:34,28,Disney Adventure World,Toon Studio,30,Art of Disney Animation,0,0,2026-10-08T13:30:04Z
2026-10-08T13:34:11Z,2026-10-08,15:34,28,Disney Adventure World,Toon Studio,31,Cars Quatre Roues Rallye,1,10,2026-10-08T13:30:04Z
2026-10-08T13:34:11Z,2026-10-08,15:34,28,Disney Adventure World,Toon Studio,29,Cars ROAD TRIP,1,5,2026-10-08T13:30:04Z
2026-10-08T13:34:11Z,2026-10-08,15:34,28,Disney Adventure World,Toon Studio,32,Crush's Coaster,0,0,2026-10-08T13:30:04Z
2026-10-08T13:34:11Z,2026-10-08,15:34,28,Disney Adventure World,Toon Studio,7277,Crush's Coaster Single Rider,0,0,2026-10-08T13:30:04Z
2026-10-08T13:34:11Z,2026-10-08,15:34,28,Disney Adventure World,Toon Studio,33,Les Tapis Volants - Flying Carpets Over Agrabah®,1,5,2026-10-08T13:30:04Z
2026-10-08T13:34:11Z,2026-10-08,15:34,28,Disney Adventure World,Toon Studio,37,Ratatouille : L’Aventure Totalement Toquée de Rémy​,1,45,2026-10-08T13:30:04Z
2026-10-08T13:34:11Z,2026-10-08,15:34,28,Disney Adventure World,Toon Studio,7279,Ratatouille: The Adventure Single Rider,1,15,2026-10-08T13:30:04Z
2026-10-08T13:34:11Z,2026-10-08,15:34,28,Disney Adventure World,Toon Studio,34,RC Racer,1,50,2026-10-08T13:30:04Z
2026-10-08T13:34:11Z,2026-10-08,15:34,28,Disney Adventure World,Toon Studio,7280,RC Racer Single Rider,1,30,2026-10-08T13:30:04Z
2026-10-08T13:34:11Z,2026-10-08,15:34,28,Disney Adventure World,Toon Studio,36,Slinky® Dog Zigzag Spin,1,30,2026-10-08T13:30:04Z
2026-10-08T13:34:11Z,2026-10-08,15:34,28,Disney Adventure World,Toon Studio,35,Toy Soldiers Parachute Drop,1,35,2026-10-08T13:30:04Z
2026-10-08T13:34:11Z,2026-10-08,15:34,28,Disney Adventure World,Toon Studio,7281,Toy Soldiers Parachute Drop Single Rider,1,15,2026-10-08T13:30:04Z
2026-10-08T13:34:11Z,2026-10-08,15:34,28,Disney Adventure World,World of Frozen,15413,Frozen Ever After,1,60,2026-10-08T13:30:04Z
2026-10-08T13:34:11Z,2026-10-08,15:34,28,Disney Adventure World,World of Frozen,15422,Frozen Ever After Single Rider,1,40,2026-10-08T13:30:04Z
2026-10-08T13:34:11Z,2026-10-08,15:34,28,Disney Adventure World,World of Frozen,15415,Raiponce Tangled Spin,1,5,2026-10-08T13:30:04Z
2026-10-08T13:49:10Z,2026-10-08,15:49,4,Disneyland Park,Adventureland,2702,Adventure Isle,1,0,2026-10-08T13:45:06Z
2026-10-08T13:49:10Z,2026-10-08,15:49,4,Disneyland Park,Adventureland,7306,Indiana Jones and the Temple of Peril Single Rider,1,15,2026-10-08T13:45:06Z
2026-10-08T13:49:10Z,2026-10-08,15:49,4,Disneyland Park,Adventureland,2,Indiana Jones™ and the Temple of Peril,1,30,2026-10-08T13:45:06Z
2026-10-08T13:49:10Z,2026-10-08,15:49,4,Disneyland Park,Adventureland,1,La Cabane des Robinson,1,5,2026-10-08T13:45:06Z
2026-10-08T13:49:10Z,2026-10-08,15:49,4,Disneyland Park,Adventureland,2703,Le Passage Enchanté d'Aladdin,1,0,2026-10-08T13:45:06Z
2026-10-08T13:49:10Z,2026-10-08,15:49,4,Disneyland Park,Adventureland,2705,Pirate Galleon,0,0,2026-10-08T13:45:06Z
2026-10-08T13:49:10Z,2026-10-08,15:49,4,Disneyland Park,Adventureland,3,Pirates of the Caribbean,1,35,2026-10-08T13:45:06Z
2026-10-08T13:49:10Z,2026-10-08,15:49,4,Disneyland Park,Adventureland,2704,Pirates' Beach,0,0,2026-10-08T13:45:06Z
2026-10-08T13:49:10Z,2026-10-08,15:49,4,Disneyland Park,Discoveryland,4,"Autopia, presented by Avis",1,15,2026-10-08T13:45:06Z
2026-10-08T13:49:10Z,2026-10-08,15:49,4,Disneyland Park,Discoveryland,5,Buzz Lightyear Laser Blast,0,0,2026-10-08T13:45:06Z
2026-10-08T13:49:10Z,2026-10-08,15:49,4,Disneyland Park,Discoveryland,2706,Disneyland Railroad Discoveryland Station,0,0,2026-10-08T13:45:06Z
2026-10-08T13:49:10Z,2026-10-08,15:49,4,Disneyland Park,Discoveryland,6,Les Mystères du Nautilus,1,5,2026-10-08T13:45:06Z
2026-10-08T13:49:10Z,2026-10-08,15:49,4,Disneyland Park,Discoveryland,2707,Mickey’s PhilharMagic,1,0,2026-10-08T13:45:06Z
2026-10-08T13:49:10Z,2026-10-08,15:49,4,Disneyland Park,Discoveryland,7,Orbitron®,1,50,2026-10-08T13:45:06Z
2026-10-08T13:49:10Z,2026-10-08,15:49,4,Disneyland Park,Discoveryland,9,Star Tours: The Adventures Continue*,1,5,2026-10-08T13:45:06Z
2026-10-08T13:49:10Z,2026-10-08,15:49,4,Disneyland Park,Discoveryland,8,Star Wars Hyperspace Mountain,1,25,2026-10-08T13:45:06Z
2026-10-08T13:49:10Z,2026-10-08,15:49,4,Disneyland Park,Discoveryland,7278,Star Wars Hyperspace Mountain Single Rider,1,10,2026-10-08T13:45:06Z
2026-10-08T13:49:10Z,2026-10-08,15:49,4,Disneyland Park,Discoveryland,4573,Welcome to Starport: A Star Wars Encounter,1,10,2026-10-08T13:45:06Z
2026-10-08T13:49:10Z,2026-10-08,15:49,4,Disneyland Park,Fantasyland,19,"""it's a small world""",1,5,2026-10-08T13:45:06Z
2026-10-08T13:49:10Z,2026-10-08,15:49,4,Disneyland Park,Fantasyland,14,Alice's Curious Labyrinth,1,5,2026-10-08T13:45:06Z
2026-10-08T13:49:10Z,2026-10-08,15:49,4,Disneyland Park,Fantasyland,15,Blanche-Neige et les Sept Nains®,1,10,2026-10-08T13:45:06Z
2026-10-08T13:49:10Z,2026-10-08,15:49,4,Disneyland Park,Fantasyland,17,Casey Jr. – le Petit Train du Cirque,1,10,2026-10-08T13:45:06Z
2026-10-08T13:49:10Z,2026-10-08,15:49,4,Disneyland Park,Fantasyland,2711,Disneyland Railroad Fantasyland Station,0,0,2026-10-08T13:45:06Z
2026-10-08T13:49:10Z,2026-10-08,15:49,4,Disneyland Park,Fantasyland,11,Disneyland Railroad Main Street Station,0,0,2026-10-08T13:45:06Z
2026-10-08T13:49:10Z,2026-10-08,15:49,4,Disneyland Park,Fantasyland,18,Dumbo the Flying Elephant,1,30,2026-10-08T13:45:06Z
2026-10-08T13:49:10Z,2026-10-08,15:49,4,Disneyland Park,Fantasyland,2710,La Tanière du Dragon,1,0,2026-10-08T13:45:06Z
2026-10-08T13:49:10Z,2026-10-08,15:49,4,Disneyland Park,Fantasyland,16,Le Carrousel de Lancelot,1,10,2026-10-08T13:45:06Z
2026-10-08T13:49:10Z,2026-10-08,15:49,4,Disneyland Park,Fantasyland,21,"Le Pays des Contes de Fées, presented by Vittel",1,5,2026-10-08T13:45:06Z
2026-10-08T13:49:10Z,2026-10-08,15:49,4,Disneyland Park,Fantasyland,23,Les Voyages de Pinocchio,1,10,2026-10-08T13:45:06Z
2026-10-08T13:49:10Z,2026-10-08,15:49,4,Disneyland Park,Fantasyland,20,Mad Hatter's Tea Cups,1,5,2026-10-08T13:45:06Z
2026-10-08T13:49:10Z,2026-10-08,15:49,4,Disneyland Park,Fantasyland,13,Meet Mickey Mouse,1,0,2026-10-08T13:45:06Z
2026-10-08T13:49:10Z,2026-10-08,15:49,4,Disneyland Park,Fantasyland,22,Peter Pan's Flight,1,60,2026-10-08T13:45:06Z
2026-10-08T13:49:10Z,2026-10-08,15:49,4,Disneyland Park,Fantasyland,24,Princess Pavilion,1,0,2026-10-08T13:45:06Z
2026-10-08T13:49:10Z,2026-10-08,15:49,4,Disneyland Park,Frontierland,25,Big Thunder Mountain,1,55,2026-10-08T13:45:06Z
2026-10-08T13:49:10Z,2026-10-08,15:49,4,Disneyland Park,Frontierland,2714,Disneyland Railroad Frontierland Depot,0,0,2026-10-08T13:45:06Z
2026-10-08T13:49:10Z,2026-10-08,15:49,4,Disneyland Park,Frontierland,2713,Frontierland Playground,1,0,2026-10-08T13:45:06Z
2026-10-08T13:49:10Z,2026-10-08,15:49,4,Disneyland Park,Frontierland,26,Phantom Manor,1,30,2026-10-08T13:45:06Z
2026-10-08T13:49:10Z,2026-10-08,15:49,4,Disneyland Park,Frontierland,27,River Rogue Keelboats,0,0,2026-10-08T13:45:06Z
2026-10-08T13:49:10Z,2026-10-08,15:49,4,Disneyland Park,Frontierland,2712,Rustler Roundup Shootin' Gallery,1,0,2026-10-08T13:45:06Z
2026-10-08T13:49:10Z,2026-10-08,15:49,4,Disneyland Park,Frontierland,28,Thunder Mesa Riverboat Landing,1,20,2026-10-08T13:45:06Z
2026-10-08T13:49:10Z,2026-10-08,15:49,4,Disneyland Park,Main Street U.S.A,2708,Disneyland Railroad Main Street Station,0,0,2026-10-08T13:45:06Z
2026-10-08T13:49:10Z,2026-10-08,15:49,4,Disneyland Park,Main Street U.S.A,12,Main Street Vehicles,0,0,2026-10-08T13:45:06Z
2026-10-08T13:49:10Z,2026-10-08,15:49,28,Disney Adventure World,Marvel Avengers Campus,10848,Avengers Assemble: Flight Force,1,25,2026-10-08T13:45:06Z
2026-10-08T13:49:10Z,2026-10-08,15:49,28,Disney Adventure World,Marvel Avengers Campus,10849,Avengers Assemble: Flight Force Single Rider,1,20,2026-10-08T13:45:06Z
2026-10-08T13:49:10Z,2026-10-08,15:49,28,Disney Adventure World,Marvel Avengers Campus,10845,Spider-Man W.E.B. Adventure,1,30,2026-10-08T13:45:06Z
2026-10-08T13:49:10Z,2026-10-08,15:49,28,Disney Adventure World,Marvel Avengers Campus,10846,Spider-Man W.E.B. Adventure Single Rider,1,10,2026-10-08T13:45:06Z
2026-10-08T13:49:10Z,2026-10-08,15:49,28,Disney Adventure World,Production Courtyard,266,Meet Spider Man,0,0,2026-10-08T13:45:06Z
2026-10-08T13:49:10Z,2026-10-08,15:49,28,Disney Adventure World,Production Courtyard,40,The Twilight Zone Tower of Terror,1,30,2026-10-08T13:45:06Z
2026-10-08T13:49:10Z,2026-10-08,15:49,28,Disney Adventure World,Toon Studio,30,Art of Disney Animation,0,0,2026-10-08T13:45:06Z
2026-10-08T13:49:10Z,2026-10-08,15:49,28,Disney Adventure World,Toon Studio,31,Cars Quatre Roues Rallye,1,10,2026-10-08T13:45:06Z
2026-10-08T13:49:10Z,2026-10-08,15:49,28,Disney Adventure World,Toon Studio,29,Cars ROAD TRIP,1,5,2026-10-08T13:45:06Z
2026-10-08T13:49:10Z,2026-10-08,15:49,28,Disney Adventure World,Toon Studio,32,Crush's Coaster,0,0,2026-10-08T13:45:06Z
2026-10-08T13:49:10Z,2026-10-08,15:49,28,Disney Adventure World,Toon Studio,7277,Crush's Coaster Single Rider,0,0,2026-10-08T13:45:06Z
2026-10-08T13:49:10Z,2026-10-08,15:49,28,Disney Adventure World,Toon Studio,33,Les Tapis Volants - Flying Carpets Over Agrabah®,1,5,2026-10-08T13:45:06Z
2026-10-08T13:49:10Z,2026-10-08,15:49,28,Disney Adventure World,Toon Studio,37,Ratatouille : L’Aventure Totalement Toquée de Rémy​,1,50,2026-10-08T13:45:06Z
2026-10-08T13:49:10Z,2026-10-08,15:49,28,Disney Adventure World,Toon Studio,7279,Ratatouille: The Adventure Single Rider,1,5,2026-10-08T13:45:06Z
2026-10-08T13:49:10Z,2026-10-08,15:49,28,Disney Adventure World,Toon Studio,34,RC Racer,1,30,2026-10-08T13:45:06Z
2026-10-08T13:49:10Z,2026-10-08,15:49,28,Disney Adventure World,Toon Studio,7280,RC Racer Single Rider,1,25,2026-10-08T13:45:06Z
2026-10-08T13:49:10Z,2026-10-08,15:49,28,Disney Adventure World,Toon Studio,36,Slinky® Dog Zigzag Spin,1,10,2026-10-08T13:45:06Z
2026-10-08T13:49:10Z,2026-10-08,15:49,28,Disney Adventure World,Toon Studio,35,Toy Soldiers Parachute Drop,1,40,2026-10-08T13:45:06Z
2026-10-08T13:49:10Z,2026-10-08,15:49,28,Disney Adventure World,Toon Studio,7281,Toy Soldiers Parachute Drop Single Rider,1,20,2026-10-08T13:45:06Z
2026-10-08T13:49:10Z,2026-10-08,15:49,28,Disney Adventure World,World of Frozen,15413,Frozen Ever After,1,65,2026-10-08T13:45:06Z
2026-10-08T13:49:10Z,2026-10-08,15:49,28,Disney Adventure World,World of Frozen,15422,Frozen Ever After Single Rider,1,40,2026-10-08T13:45:06Z
2026-10-08T13:49:10Z,2026-10-08,15:49,28,Disney Adventure World,World of Frozen,15415,Raiponce Tangled Spin,1,5,2026-10-08T13:45:06Z
2026-10-08T14:04:11Z,2026-10-08,16:04,4,Disneyland Park,Adventureland,2702,Adventure Isle,1,0,2026-10-08T14:00:05Z
2026-10-08T14:04:11Z,2026-10-08,16:04,4,Disneyland Park,Adventureland,7306,Indiana Jones and the Temple of Peril Single Rider,1,10,2026-10-08T14:00:05Z
2026-10-08T14:04:11Z,2026-10-08,16:04,4,Disneyland Park,Adventureland,2,Indiana Jones™ and the Temple of Peril,1,30,2026-10-08T14:00:05Z
2026-10-08T14:04:11Z,2026-10-08,16:04,4,Disneyland Park,Adventureland,1,La Cabane des Robinson,1,5,2026-10-08T14:00:05Z
2026-10-08T14:04:11Z,2026-10-08,16:04,4,Disneyland Park,Adventureland,2703,Le Passage Enchanté d'Aladdin,1,0,2026-10-08T14:00:05Z
2026-10-08T14:04:11Z,2026-10-08,16:04,4,Disneyland Park,Adventureland,2705,Pirate Galleon,0,0,2026-10-08T14:00:05Z
2026-10-08T14:04:11Z,2026-10-08,16:04,4,Disneyland Park,Adventureland,3,Pirates of the Caribbean,1,20,2026-10-08T14:00:05Z
2026-10-08T14:04:11Z,2026-10-08,16:04,4,Disneyland Park,Adventureland,2704,Pirates' Beach,0,0,2026-10-08T14:00:05Z
2026-10-08T14:04:11Z,2026-10-08,16:04,4,Disneyland Park,Discoveryland,4,"Autopia, presented by Avis",1,35,2026-10-08T14:00:05Z
2026-10-08T14:04:11Z,2026-10-08,16:04,4,Disneyland Park,Discoveryland,5,Buzz Lightyear Laser Blast,0,0,2026-10-08T14:00:05Z
2026-10-08T14:04:11Z,2026-10-08,16:04,4,Disneyland Park,Discoveryland,2706,Disneyland Railroad Discoveryland Station,0,0,2026-10-08T14:00:05Z
2026-10-08T14:04:11Z,2026-10-08,16:04,4,Disneyland Park,Discoveryland,6,Les Mystères du Nautilus,1,5,2026-10-08T14:00:05Z
2026-10-08T14:04:11Z,2026-10-08,16:04,4,Disneyland Park,Discoveryland,2707,Mickey’s PhilharMagic,1,0,2026-10-08T14:00:05Z
2026-10-08T14:04:11Z,2026-10-08,16:04,4,Disneyland Park,Discoveryland,7,Orbitron®,1,50,2026-10-08T14:00:05Z
2026-10-08T14:04:11Z,2026-10-08,16:04,4,Disneyland Park,Discoveryland,9,Star Tours: The Adventures Continue*,1,5,2026-10-08T14:00:05Z
2026-10-08T14:04:11Z,2026-10-08,16:04,4,Disneyland Park,Discoveryland,8,Star Wars Hyperspace Mountain,0,0,2026-10-08T14:00:05Z
2026-10-08T14:04:11Z,2026-10-08,16:04,4,Disneyland Park,Discoveryland,7278,Star Wars Hyperspace Mountain Single Rider,0,0,2026-10-08T14:00:05Z
2026-10-08T14:04:11Z,2026-10-08,16:04,4,Disneyland Park,Discoveryland,4573,Welcome to Starport: A Star Wars Encounter,1,10,2026-10-08T14:00:05Z
2026-10-08T14:04:11Z,2026-10-08,16:04,4,Disneyland Park,Fantasyland,19,"""it's a small world""",1,5,2026-10-08T14:00:05Z
2026-10-08T14:04:11Z,2026-10-08,16:04,4,Disneyland Park,Fantasyland,14,Alice's Curious Labyrinth,1,5,2026-10-08T14:00:05Z
2026-10-08T14:04:11Z,2026-10-08,16:04,4,Disneyland Park,Fantasyland,15,Blanche-Neige et les Sept Nains®,1,15,2026-10-08T14:00:05Z
2026-10-08T14:04:11Z,2026-10-08,16:04,4,Disneyland Park,Fantasyland,17,Casey Jr. – le Petit Train du Cirque,1,10,2026-10-08T14:00:05Z
2026-10-08T14:04:11Z,2026-10-08,16:04,4,Disneyland Park,Fantasyland,2711,Disneyland Railroad Fantasyland Station,0,0,2026-10-08T14:00:05Z
2026-10-08T14:04:11Z,2026-10-08,16:04,4,Disneyland Park,Fantasyland,11,Disneyland Railroad Main Street Station,0,0,2026-10-08T14:00:05Z
2026-10-08T14:04:11Z,2026-10-08,16:04,4,Disneyland Park,Fantasyland,18,Dumbo the Flying Elephant,1,30,2026-10-08T14:00:05Z
2026-10-08T14:04:11Z,2026-10-08,16:04,4,Disneyland Park,Fantasyland,2710,La Tanière du Dragon,1,0,2026-10-08T14:00:05Z
2026-10-08T14:04:11Z,2026-10-08,16:04,4,Disneyland Park,Fantasyland,16,Le Carrousel de Lancelot,1,10,2026-10-08T14:00:05Z
2026-10-08T14:04:11Z,2026-10-08,16:04,4,Disneyland Park,Fantasyland,21,"Le Pays des Contes de Fées, presented by Vittel",1,5,2026-10-08T14:00:05Z
2026-10-08T14:04:11Z,2026-10-08,16:04,4,Disneyland Park,Fantasyland,23,Les Voyages de Pinocchio,1,25,2026-10-08T14:00:05Z
2026-10-08T14:04:11Z,2026-10-08,16:04,4,Disneyland Park,Fantasyland,20,Mad Hatter's Tea Cups,1,5,2026-10-08T14:00:05Z
2026-10-08T14:04:11Z,2026-10-08,16:04,4,Disneyland Park,Fantasyland,13,Meet Mickey Mouse,1,0,2026-10-08T14:00:05Z
2026-10-08T14:04:11Z,2026-10-08,16:04,4,Disneyland Park,Fantasyland,22,Peter Pan's Flight,1,60,2026-10-08T14:00:05Z
2026-10-08T14:04:11Z,2026-10-08,16:04,4,Disneyland Park,Fantasyland,24,Princess Pavilion,1,0,2026-10-08T14:00:05Z
2026-10-08T14:04:11Z,2026-10-08,16:04,4,Disneyland Park,Frontierland,25,Big Thunder Mountain,1,50,2026-10-08T14:00:05Z
2026-10-08T14:04:11Z,2026-10-08,16:04,4,Disneyland Park,Frontierland,2714,Disneyland Railroad Frontierland Depot,0,0,2026-10-08T14:00:05Z
2026-10-08T14:04:11Z,2026-10-08,16:04,4,Disneyland Park,Frontierland,2713,Frontierland Playground,1,0,2026-10-08T14:00:05Z
2026-10-08T14:04:11Z,2026-10-08,16:04,4,Disneyland Park,Frontierland,26,Phantom Manor,1,30,2026-10-08T14:00:05Z
2026-10-08T14:04:11Z,2026-10-08,16:04,4,Disneyland Park,Frontierland,27,River Rogue Keelboats,0,0,2026-10-08T14:00:05Z
2026-10-08T14:04:11Z,2026-10-08,16:04,4,Disneyland Park,Frontierland,2712,Rustler Roundup Shootin' Gallery,1,0,2026-10-08T14:00:05Z
2026-10-08T14:04:11Z,2026-10-08,16:04,4,Disneyland Park,Frontierland,28,Thunder Mesa Riverboat Landing,1,20,2026-10-08T14:00:05Z
2026-10-08T14:04:11Z,2026-10-08,16:04,4,Disneyland Park,Main Street U.S.A,2708,Disneyland Railroad Main Street Station,0,0,2026-10-08T14:00:05Z
2026-10-08T14:04:11Z,2026-10-08,16:04,4,Disneyland Park,Main Street U.S.A,12,Main Street Vehicles,0,0,2026-10-08T14:00:05Z
2026-10-08T14:04:11Z,2026-10-08,16:04,28,Disney Adventure World,Marvel Avengers Campus,10848,Avengers Assemble: Flight Force,1,20,2026-10-08T14:00:05Z
2026-10-08T14:04:11Z,2026-10-08,16:04,28,Disney Adventure World,Marvel Avengers Campus,10849,Avengers Assemble: Flight Force Single Rider,1,10,2026-10-08T14:00:05Z
2026-10-08T14:04:11Z,2026-10-08,16:04,28,Disney Adventure World,Marvel Avengers Campus,10845,Spider-Man W.E.B. Adventure,1,50,2026-10-08T14:00:05Z
2026-10-08T14:04:11Z,2026-10-08,16:04,28,Disney Adventure World,Marvel Avengers Campus,10846,Spider-Man W.E.B. Adventure Single Rider,1,15,2026-10-08T14:00:05Z
2026-10-08T14:04:11Z,2026-10-08,16:04,28,Disney Adventure World,Production Courtyard,266,Meet Spider Man,0,0,2026-10-08T14:00:05Z
2026-10-08T14:04:11Z,2026-10-08,16:04,28,Disney Adventure World,Production Courtyard,40,The Twilight Zone Tower of Terror,1,30,2026-10-08T14:00:05Z
2026-10-08T14:04:11Z,2026-10-08,16:04,28,Disney Adventure World,Toon Studio,30,Art of Disney Animation,0,0,2026-10-08T14:00:05Z
2026-10-08T14:04:11Z,2026-10-08,16:04,28,Disney Adventure World,Toon Studio,31,Cars Quatre Roues Rallye,1,10,2026-10-08T14:00:05Z
2026-10-08T14:04:11Z,2026-10-08,16:04,28,Disney Adventure World,Toon Studio,29,Cars ROAD TRIP,1,5,2026-10-08T14:00:05Z
2026-10-08T14:04:11Z,2026-10-08,16:04,28,Disney Adventure World,Toon Studio,32,Crush's Coaster,0,0,2026-10-08T14:00:05Z
2026-10-08T14:04:11Z,2026-10-08,16:04,28,Disney Adventure World,Toon Studio,7277,Crush's Coaster Single Rider,0,0,2026-10-08T14:00:05Z
2026-10-08T14:04:11Z,2026-10-08,16:04,28,Disney Adventure World,Toon Studio,33,Les Tapis Volants - Flying Carpets Over Agrabah®,1,15,2026-10-08T14:00:05Z
2026-10-08T14:04:11Z,2026-10-08,16:04,28,Disney Adventure World,Toon Studio,37,Ratatouille : L’Aventure Totalement Toquée de Rémy​,1,50,2026-10-08T14:00:05Z
2026-10-08T14:04:11Z,2026-10-08,16:04,28,Disney Adventure World,Toon Studio,7279,Ratatouille: The Adventure Single Rider,1,20,2026-10-08T14:00:05Z
2026-10-08T14:04:11Z,2026-10-08,16:04,28,Disney Adventure World,Toon Studio,34,RC Racer,1,30,2026-10-08T14:00:05Z
2026-10-08T14:04:11Z,2026-10-08,16:04,28,Disney Adventure World,Toon Studio,7280,RC Racer Single Rider,1,20,2026-10-08T14:00:05Z
2026-10-08T14:04:11Z,2026-10-08,16:04,28,Disney Adventure World,Toon Studio,36,Slinky® Dog Zigzag Spin,1,15,2026-10-08T14:00:05Z
2026-10-08T14:04:11Z,2026-10-08,16:04,28,Disney Adventure World,Toon Studio,35,Toy Soldiers Parachute Drop,1,60,2026-10-08T14:00:05Z
2026-10-08T14:04:11Z,2026-10-08,16:04,28,Disney Adventure World,Toon Studio,7281,Toy Soldiers Parachute Drop Single Rider,1,20,2026-10-08T14:00:05Z
2026-10-08T14:04:11Z,2026-10-08,16:04,28,Disney Adventure World,World of Frozen,15413,Frozen Ever After,1,60,2026-10-08T14:00:05Z
2026-10-08T14:04:11Z,2026-10-08,16:04,28,Disney Adventure World,World of Frozen,15422,Frozen Ever After Single Rider,1,30,2026-10-08T14:00:05Z
2026-10-08T14:04:11Z,2026-10-08,16:04,28,Disney Adventure World,World of Frozen,15415,Raiponce Tangled Spin,1,5,2026-10-08T14:00:05Z
2026-10-08T14:19:20Z,2026-10-08,16:19,4,Disneyland Park,Adventureland,2702,Adventure Isle,1,0,2026-10-08T14:15:06Z
2026-10-08T14:19:20Z,2026-10-08,16:19,4,Disneyland Park,Adventureland,7306,Indiana Jones and the Temple of Peril Single Rider,1,5,2026-10-08T14:15:06Z
2026-10-08T14:19:20Z,2026-10-08,16:19,4,Disneyland Park,Adventureland,2,Indiana Jones™ and the Temple of Peril,1,10,2026-10-08T14:15:06Z
2026-10-08T14:19:20Z,2026-10-08,16:19,4,Disneyland Park,Adventureland,1,La Cabane des Robinson,1,5,2026-10-08T14:15:06Z
2026-10-08T14:19:20Z,2026-10-08,16:19,4,Disneyland Park,Adventureland,2703,Le Passage Enchanté d'Aladdin,1,0,2026-10-08T14:15:06Z
2026-10-08T14:19:20Z,2026-10-08,16:19,4,Disneyland Park,Adventureland,2705,Pirate Galleon,0,0,2026-10-08T14:15:06Z
2026-10-08T14:19:20Z,2026-10-08,16:19,4,Disneyland Park,Adventureland,3,Pirates of the Caribbean,1,25,2026-10-08T14:15:06Z
2026-10-08T14:19:20Z,2026-10-08,16:19,4,Disneyland Park,Adventureland,2704,Pirates' Beach,0,0,2026-10-08T14:15:06Z
2026-10-08T14:19:20Z,2026-10-08,16:19,4,Disneyland Park,Discoveryland,4,"Autopia, presented by Avis",1,40,2026-10-08T14:15:06Z
2026-10-08T14:19:20Z,2026-10-08,16:19,4,Disneyland Park,Discoveryland,5,Buzz Lightyear Laser Blast,0,0,2026-10-08T14:15:06Z
2026-10-08T14:19:20Z,2026-10-08,16:19,4,Disneyland Park,Discoveryland,2706,Disneyland Railroad Discoveryland Station,0,0,2026-10-08T14:15:06Z
2026-10-08T14:19:20Z,2026-10-08,16:19,4,Disneyland Park,Discoveryland,6,Les Mystères du Nautilus,1,5,2026-10-08T14:15:06Z
2026-10-08T14:19:20Z,2026-10-08,16:19,4,Disneyland Park,Discoveryland,2707,Mickey’s PhilharMagic,1,0,2026-10-08T14:15:06Z
2026-10-08T14:19:20Z,2026-10-08,16:19,4,Disneyland Park,Discoveryland,7,Orbitron®,1,45,2026-10-08T14:15:06Z
2026-10-08T14:19:20Z,2026-10-08,16:19,4,Disneyland Park,Discoveryland,9,Star Tours: The Adventures Continue*,1,15,2026-10-08T14:15:06Z
2026-10-08T14:19:20Z,2026-10-08,16:19,4,Disneyland Park,Discoveryland,8,Star Wars Hyperspace Mountain,1,40,2026-10-08T14:15:06Z
2026-10-08T14:19:20Z,2026-10-08,16:19,4,Disneyland Park,Discoveryland,7278,Star Wars Hyperspace Mountain Single Rider,1,30,2026-10-08T14:15:06Z
2026-10-08T14:19:20Z,2026-10-08,16:19,4,Disneyland Park,Discoveryland,4573,Welcome to Starport: A Star Wars Encounter,1,10,2026-10-08T14:15:06Z
2026-10-08T14:19:20Z,2026-10-08,16:19,4,Disneyland Park,Fantasyland,19,"""it's a small world""",1,5,2026-10-08T14:15:06Z
2026-10-08T14:19:20Z,2026-10-08,16:19,4,Disneyland Park,Fantasyland,14,Alice's Curious Labyrinth,1,5,2026-10-08T14:15:06Z
2026-10-08T14:19:20Z,2026-10-08,16:19,4,Disneyland Park,Fantasyland,15,Blanche-Neige et les Sept Nains®,1,20,2026-10-08T14:15:06Z
2026-10-08T14:19:20Z,2026-10-08,16:19,4,Disneyland Park,Fantasyland,17,Casey Jr. – le Petit Train du Cirque,1,10,2026-10-08T14:15:06Z
2026-10-08T14:19:20Z,2026-10-08,16:19,4,Disneyland Park,Fantasyland,2711,Disneyland Railroad Fantasyland Station,1,50,2026-10-08T14:15:06Z
2026-10-08T14:19:20Z,2026-10-08,16:19,4,Disneyland Park,Fantasyland,11,Disneyland Railroad Main Street Station,1,45,2026-10-08T14:15:06Z
2026-10-08T14:19:20Z,2026-10-08,16:19,4,Disneyland Park,Fantasyland,18,Dumbo the Flying Elephant,1,30,2026-10-08T14:15:06Z
2026-10-08T14:19:20Z,2026-10-08,16:19,4,Disneyland Park,Fantasyland,2710,La Tanière du Dragon,1,0,2026-10-08T14:15:06Z
2026-10-08T14:19:20Z,2026-10-08,16:19,4,Disneyland Park,Fantasyland,16,Le Carrousel de Lancelot,1,10,2026-10-08T14:15:06Z
2026-10-08T14:19:20Z,2026-10-08,16:19,4,Disneyland Park,Fantasyland,21,"Le Pays des Contes de Fées, presented by Vittel",1,5,2026-10-08T14:15:06Z
2026-10-08T14:19:20Z,2026-10-08,16:19,4,Disneyland Park,Fantasyland,23,Les Voyages de Pinocchio,1,25,2026-10-08T14:15:06Z
2026-10-08T14:19:20Z,2026-10-08,16:19,4,Disneyland Park,Fantasyland,20,Mad Hatter's Tea Cups,1,5,2026-10-08T14:15:06Z
2026-10-08T14:19:20Z,2026-10-08,16:19,4,Disneyland Park,Fantasyland,13,Meet Mickey Mouse,1,0,2026-10-08T14:15:06Z
2026-10-08T14:19:20Z,2026-10-08,16:19,4,Disneyland Park,Fantasyland,22,Peter Pan's Flight,1,70,2026-10-08T14:15:06Z
2026-10-08T14:19:20Z,2026-10-08,16:19,4,Disneyland Park,Fantasyland,24,Princess Pavilion,1,0,2026-10-08T14:15:06Z
2026-10-08T14:19:20Z,2026-10-08,16:19,4,Disneyland Park,Frontierland,25,Big Thunder Mountain,1,80,2026-10-08T14:15:06Z
2026-10-08T14:19:20Z,2026-10-08,16:19,4,Disneyland Park,Frontierland,2714,Disneyland Railroad Frontierland Depot,0,0,2026-10-08T14:15:06Z
2026-10-08T14:19:20Z,2026-10-08,16:19,4,Disneyland Park,Frontierland,2713,Frontierland Playground,1,0,2026-10-08T14:15:06Z
2026-10-08T14:19:20Z,2026-10-08,16:19,4,Disneyland Park,Frontierland,26,Phantom Manor,1,20,2026-10-08T14:15:06Z
2026-10-08T14:19:20Z,2026-10-08,16:19,4,Disneyland Park,Frontierland,27,River Rogue Keelboats,0,0,2026-10-08T14:15:06Z
2026-10-08T14:19:20Z,2026-10-08,16:19,4,Disneyland Park,Frontierland,2712,Rustler Roundup Shootin' Gallery,1,0,2026-10-08T14:15:06Z
2026-10-08T14:19:20Z,2026-10-08,16:19,4,Disneyland Park,Frontierland,28,Thunder Mesa Riverboat Landing,1,20,2026-10-08T14:15:06Z
2026-10-08T14:19:20Z,2026-10-08,16:19,4,Disneyland Park,Main Street U.S.A,2708,Disneyland Railroad Main Street Station,1,45,2026-10-08T14:15:06Z
2026-10-08T14:19:20Z,2026-10-08,16:19,4,Disneyland Park,Main Street U.S.A,12,Main Street Vehicles,0,0,2026-10-08T14:15:06Z
2026-10-08T14:19:20Z,2026-10-08,16:19,28,Disney Adventure World,Marvel Avengers Campus,10848,Avengers Assemble: Flight Force,1,15,2026-10-08T14:15:06Z
2026-10-08T14:19:20Z,2026-10-08,16:19,28,Disney Adventure World,Marvel Avengers Campus,10849,Avengers Assemble: Flight Force Single Rider,1,10,2026-10-08T14:15:06Z
2026-10-08T14:19:20Z,2026-10-08,16:19,28,Disney Adventure World,Marvel Avengers Campus,10845,Spider-Man W.E.B. Adventure,1,50,2026-10-08T14:15:06Z
2026-10-08T14:19:20Z,2026-10-08,16:19,28,Disney Adventure World,Marvel Avengers Campus,10846,Spider-Man W.E.B. Adventure Single Rider,1,25,2026-10-08T14:15:06Z
2026-10-08T14:19:20Z,2026-10-08,16:19,28,Disney Adventure World,Production Courtyard,266,Meet Spider Man,0,0,2026-10-08T14:15:06Z
2026-10-08T14:19:20Z,2026-10-08,16:19,28,Disney Adventure World,Production Courtyard,40,The Twilight Zone Tower of Terror,1,30,2026-10-08T14:15:06Z
2026-10-08T14:19:20Z,2026-10-08,16:19,28,Disney Adventure World,Toon Studio,30,Art of Disney Animation,0,0,2026-10-08T14:15:06Z
2026-10-08T14:19:20Z,2026-10-08,16:19,28,Disney Adventure World,Toon Studio,31,Cars Quatre Roues Rallye,1,10,2026-10-08T14:15:06Z
2026-10-08T14:19:20Z,2026-10-08,16:19,28,Disney Adventure World,Toon Studio,29,Cars ROAD TRIP,1,5,2026-10-08T14:15:06Z
2026-10-08T14:19:20Z,2026-10-08,16:19,28,Disney Adventure World,Toon Studio,32,Crush's Coaster,0,0,2026-10-08T14:15:06Z
2026-10-08T14:19:20Z,2026-10-08,16:19,28,Disney Adventure World,Toon Studio,7277,Crush's Coaster Single Rider,0,0,2026-10-08T14:15:06Z
2026-10-08T14:19:20Z,2026-10-08,16:19,28,Disney Adventure World,Toon Studio,33,Les Tapis Volants - Flying Carpets Over Agrabah®,1,10,2026-10-08T14:15:06Z
2026-10-08T14:19:20Z,2026-10-08,16:19,28,Disney Adventure World,Toon Studio,37,Ratatouille : L’Aventure Totalement Toquée de Rémy​,1,45,2026-10-08T14:15:06Z
2026-10-08T14:19:20Z,2026-10-08,16:19,28,Disney Adventure World,Toon Studio,7279,Ratatouille: The Adventure Single Rider,1,15,2026-10-08T14:15:06Z
2026-10-08T14:19:20Z,2026-10-08,16:19,28,Disney Adventure World,Toon Studio,34,RC Racer,1,50,2026-10-08T14:15:06Z
2026-10-08T14:19:20Z,2026-10-08,16:19,28,Disney Adventure World,Toon Studio,7280,RC Racer Single Rider,1,45,2026-10-08T14:15:06Z
2026-10-08T14:19:20Z,2026-10-08,16:19,28,Disney Adventure World,Toon Studio,36,Slinky® Dog Zigzag Spin,1,20,2026-10-08T14:15:06Z
2026-10-08T14:19:20Z,2026-10-08,16:19,28,Disney Adventure World,Toon Studio,35,Toy Soldiers Parachute Drop,0,0,2026-10-08T14:15:06Z
2026-10-08T14:19:20Z,2026-10-08,16:19,28,Disney Adventure World,Toon Studio,7281,Toy Soldiers Parachute Drop Single Rider,0,0,2026-10-08T14:15:06Z
2026-10-08T14:19:20Z,2026-10-08,16:19,28,Disney Adventure World,World of Frozen,15413,Frozen Ever After,1,65,2026-10-08T14:15:06Z
2026-10-08T14:19:20Z,2026-10-08,16:19,28,Disney Adventure World,World of Frozen,15422,Frozen Ever After Single Rider,1,35,2026-10-08T14:15:06Z
2026-10-08T14:19:20Z,2026-10-08,16:19,28,Disney Adventure World,World of Frozen,15415,Raiponce Tangled Spin,1,5,2026-10-08T14:15:06Z
2026-10-08T14:34:15Z,2026-10-08,16:34,4,Disneyland Park,Adventureland,2702,Adventure Isle,1,0,2026-10-08T14:30:05Z
2026-10-08T14:34:15Z,2026-10-08,16:34,4,Disneyland Park,Adventureland,7306,Indiana Jones and the Temple of Peril Single Rider,1,5,2026-10-08T14:30:05Z
2026-10-08T14:34:15Z,2026-10-08,16:34,4,Disneyland Park,Adventureland,2,Indiana Jones™ and the Temple of Peril,1,15,2026-10-08T14:30:05Z
2026-10-08T14:34:15Z,2026-10-08,16:34,4,Disneyland Park,Adventureland,1,La Cabane des Robinson,1,5,2026-10-08T14:30:05Z
2026-10-08T14:34:15Z,2026-10-08,16:34,4,Disneyland Park,Adventureland,2703,Le Passage Enchanté d'Aladdin,1,0,2026-10-08T14:30:05Z
2026-10-08T14:34:15Z,2026-10-08,16:34,4,Disneyland Park,Adventureland,2705,Pirate Galleon,0,0,2026-10-08T14:30:05Z
2026-10-08T14:34:15Z,2026-10-08,16:34,4,Disneyland Park,Adventureland,3,Pirates of the Caribbean,1,30,2026-10-08T14:30:05Z
2026-10-08T14:34:15Z,2026-10-08,16:34,4,Disneyland Park,Adventureland,2704,Pirates' Beach,0,0,2026-10-08T14:30:05Z
2026-10-08T14:34:15Z,2026-10-08,16:34,4,Disneyland Park,Discoveryland,4,"Autopia, presented by Avis",1,15,2026-10-08T14:30:05Z
2026-10-08T14:34:15Z,2026-10-08,16:34,4,Disneyland Park,Discoveryland,5,Buzz Lightyear Laser Blast,0,0,2026-10-08T14:30:05Z
2026-10-08T14:34:15Z,2026-10-08,16:34,4,Disneyland Park,Discoveryland,2706,Disneyland Railroad Discoveryland Station,0,0,2026-10-08T14:30:05Z
2026-10-08T14:34:15Z,2026-10-08,16:34,4,Disneyland Park,Discoveryland,6,Les Mystères du Nautilus,1,5,2026-10-08T14:30:05Z
2026-10-08T14:34:15Z,2026-10-08,16:34,4,Disneyland Park,Discoveryland,2707,Mickey’s PhilharMagic,1,0,2026-10-08T14:30:05Z
2026-10-08T14:34:15Z,2026-10-08,16:34,4,Disneyland Park,Discoveryland,7,Orbitron®,1,45,2026-10-08T14:30:05Z
2026-10-08T14:34:15Z,2026-10-08,16:34,4,Disneyland Park,Discoveryland,9,Star Tours: The Adventures Continue*,1,15,2026-10-08T14:30:05Z
2026-10-08T14:34:15Z,2026-10-08,16:34,4,Disneyland Park,Discoveryland,8,Star Wars Hyperspace Mountain,1,35,2026-10-08T14:30:05Z
2026-10-08T14:34:15Z,2026-10-08,16:34,4,Disneyland Park,Discoveryland,7278,Star Wars Hyperspace Mountain Single Rider,1,30,2026-10-08T14:30:05Z
2026-10-08T14:34:15Z,2026-10-08,16:34,4,Disneyland Park,Discoveryland,4573,Welcome to Starport: A Star Wars Encounter,1,30,2026-10-08T14:30:05Z
2026-10-08T14:34:15Z,2026-10-08,16:34,4,Disneyland Park,Fantasyland,19,"""it's a small world""",1,10,2026-10-08T14:30:05Z
2026-10-08T14:34:15Z,2026-10-08,16:34,4,Disneyland Park,Fantasyland,14,Alice's Curious Labyrinth,1,5,2026-10-08T14:30:05Z
2026-10-08T14:34:15Z,2026-10-08,16:34,4,Disneyland Park,Fantasyland,15,Blanche-Neige et les Sept Nains®,1,15,2026-10-08T14:30:05Z
2026-10-08T14:34:15Z,2026-10-08,16:34,4,Disneyland Park,Fantasyland,17,Casey Jr. – le Petit Train du Cirque,1,5,2026-10-08T14:30:05Z
2026-10-08T14:34:15Z,2026-10-08,16:34,4,Disneyland Park,Fantasyland,2711,Disneyland Railroad Fantasyland Station,1,45,2026-10-08T14:30:05Z
2026-10-08T14:34:15Z,2026-10-08,16:34,4,Disneyland Park,Fantasyland,11,Disneyland Railroad Main Street Station,1,45,2026-10-08T14:30:05Z
2026-10-08T14:34:15Z,2026-10-08,16:34,4,Disneyland Park,Fantasyland,18,Dumbo the Flying Elephant,1,30,2026-10-08T14:30:05Z
2026-10-08T14:34:15Z,2026-10-08,16:34,4,Disneyland Park,Fantasyland,2710,La Tanière du Dragon,1,0,2026-10-08T14:30:05Z
2026-10-08T14:34:15Z,2026-10-08,16:34,4,Disneyland Park,Fantasyland,16,Le Carrousel de Lancelot,1,15,2026-10-08T14:30:05Z
2026-10-08T14:34:15Z,2026-10-08,16:34,4,Disneyland Park,Fantasyland,21,"Le Pays des Contes de Fées, presented by Vittel",1,5,2026-10-08T14:30:05Z
2026-10-08T14:34:15Z,2026-10-08,16:34,4,Disneyland Park,Fantasyland,23,Les Voyages de Pinocchio,1,25,2026-10-08T14:30:05Z
2026-10-08T14:34:15Z,2026-10-08,16:34,4,Disneyland Park,Fantasyland,20,Mad Hatter's Tea Cups,1,5,2026-10-08T14:30:05Z
2026-10-08T14:34:15Z,2026-10-08,16:34,4,Disneyland Park,Fantasyland,13,Meet Mickey Mouse,1,0,2026-10-08T14:30:05Z
2026-10-08T14:34:15Z,2026-10-08,16:34,4,Disneyland Park,Fantasyland,22,Peter Pan's Flight,1,55,2026-10-08T14:30:05Z
2026-10-08T14:34:15Z,2026-10-08,16:34,4,Disneyland Park,Fantasyland,24,Princess Pavilion,1,0,2026-10-08T14:30:05Z
2026-10-08T14:34:15Z,2026-10-08,16:34,4,Disneyland Park,Frontierland,25,Big Thunder Mountain,1,80,2026-10-08T14:30:05Z
2026-10-08T14:34:15Z,2026-10-08,16:34,4,Disneyland Park,Frontierland,2714,Disneyland Railroad Frontierland Depot,0,0,2026-10-08T14:30:05Z
2026-10-08T14:34:15Z,2026-10-08,16:34,4,Disneyland Park,Frontierland,2713,Frontierland Playground,1,0,2026-10-08T14:30:05Z
2026-10-08T14:34:15Z,2026-10-08,16:34,4,Disneyland Park,Frontierland,26,Phantom Manor,1,20,2026-10-08T14:30:05Z
2026-10-08T14:34:15Z,2026-10-08,16:34,4,Disneyland Park,Frontierland,27,River Rogue Keelboats,0,0,2026-10-08T14:30:05Z
2026-10-08T14:34:15Z,2026-10-08,16:34,4,Disneyland Park,Frontierland,2712,Rustler Roundup Shootin' Gallery,1,0,2026-10-08T14:30:05Z
2026-10-08T14:34:15Z,2026-10-08,16:34,4,Disneyland Park,Frontierland,28,Thunder Mesa Riverboat Landing,1,20,2026-10-08T14:30:05Z
2026-10-08T14:34:15Z,2026-10-08,16:34,4,Disneyland Park,Main Street U.S.A,2708,Disneyland Railroad Main Street Station,1,45,2026-10-08T14:30:05Z
2026-10-08T14:34:15Z,2026-10-08,16:34,4,Disneyland Park,Main Street U.S.A,12,Main Street Vehicles,0,0,2026-10-08T14:30:05Z
2026-10-08T14:34:15Z,2026-10-08,16:34,28,Disney Adventure World,Marvel Avengers Campus,10848,Avengers Assemble: Flight Force,1,30,2026-10-08T14:30:05Z
2026-10-08T14:34:15Z,2026-10-08,16:34,28,Disney Adventure World,Marvel Avengers Campus,10849,Avengers Assemble: Flight Force Single Rider,1,25,2026-10-08T14:30:05Z
2026-10-08T14:34:15Z,2026-10-08,16:34,28,Disney Adventure World,Marvel Avengers Campus,10845,Spider-Man W.E.B. Adventure,1,45,2026-10-08T14:30:05Z
2026-10-08T14:34:15Z,2026-10-08,16:34,28,Disney Adventure World,Marvel Avengers Campus,10846,Spider-Man W.E.B. Adventure Single Rider,1,25,2026-10-08T14:30:05Z
2026-10-08T14:34:15Z,2026-10-08,16:34,28,Disney Adventure World,Production Courtyard,266,Meet Spider Man,0,0,2026-10-08T14:30:05Z
2026-10-08T14:34:15Z,2026-10-08,16:34,28,Disney Adventure World,Production Courtyard,40,The Twilight Zone Tower of Terror,1,25,2026-10-08T14:30:05Z
2026-10-08T14:34:15Z,2026-10-08,16:34,28,Disney Adventure World,Toon Studio,30,Art of Disney Animation,0,0,2026-10-08T14:30:05Z
2026-10-08T14:34:15Z,2026-10-08,16:34,28,Disney Adventure World,Toon Studio,31,Cars Quatre Roues Rallye,1,10,2026-10-08T14:30:05Z
2026-10-08T14:34:15Z,2026-10-08,16:34,28,Disney Adventure World,Toon Studio,29,Cars ROAD TRIP,1,5,2026-10-08T14:30:05Z
2026-10-08T14:34:15Z,2026-10-08,16:34,28,Disney Adventure World,Toon Studio,32,Crush's Coaster,0,0,2026-10-08T14:30:05Z
2026-10-08T14:34:15Z,2026-10-08,16:34,28,Disney Adventure World,Toon Studio,7277,Crush's Coaster Single Rider,0,0,2026-10-08T14:30:05Z
2026-10-08T14:34:15Z,2026-10-08,16:34,28,Disney Adventure World,Toon Studio,33,Les Tapis Volants - Flying Carpets Over Agrabah®,1,10,2026-10-08T14:30:05Z
2026-10-08T14:34:15Z,2026-10-08,16:34,28,Disney Adventure World,Toon Studio,37,Ratatouille : L’Aventure Totalement Toquée de Rémy​,1,45,2026-10-08T14:30:05Z
2026-10-08T14:34:15Z,2026-10-08,16:34,28,Disney Adventure World,Toon Studio,7279,Ratatouille: The Adventure Single Rider,1,15,2026-10-08T14:30:05Z
2026-10-08T14:34:15Z,2026-10-08,16:34,28,Disney Adventure World,Toon Studio,34,RC Racer,1,50,2026-10-08T14:30:05Z
2026-10-08T14:34:15Z,2026-10-08,16:34,28,Disney Adventure World,Toon Studio,7280,RC Racer Single Rider,1,45,2026-10-08T14:30:05Z
2026-10-08T14:34:15Z,2026-10-08,16:34,28,Disney Adventure World,Toon Studio,36,Slinky® Dog Zigzag Spin,1,10,2026-10-08T14:30:05Z
2026-10-08T14:34:15Z,2026-10-08,16:34,28,Disney Adventure World,Toon Studio,35,Toy Soldiers Parachute Drop,1,50,2026-10-08T14:30:05Z
2026-10-08T14:34:15Z,2026-10-08,16:34,28,Disney Adventure World,Toon Studio,7281,Toy Soldiers Parachute Drop Single Rider,1,10,2026-10-08T14:30:05Z
2026-10-08T14:34:15Z,2026-10-08,16:34,28,Disney Adventure World,World of Frozen,15413,Frozen Ever After,1,65,2026-10-08T14:30:05Z
2026-10-08T14:34:15Z,2026-10-08,16:34,28,Disney Adventure World,World of Frozen,15422,Frozen Ever After Single Rider,1,35,2026-10-08T14:30:05Z
2026-10-08T14:34:15Z,2026-10-08,16:34,28,Disney Adventure World,World of Frozen,15415,Raiponce Tangled Spin,1,10,2026-10-08T14:30:05Z
2026-10-08T14:49:52Z,2026-10-08,16:49,4,Disneyland Park,Adventureland,2702,Adventure Isle,1,0,2026-10-08T14:45:05Z
2026-10-08T14:49:52Z,2026-10-08,16:49,4,Disneyland Park,Adventureland,7306,Indiana Jones and the Temple of Peril Single Rider,0,0,2026-10-08T14:45:05Z
2026-10-08T14:49:52Z,2026-10-08,16:49,4,Disneyland Park,Adventureland,2,Indiana Jones™ and the Temple of Peril,0,0,2026-10-08T14:45:05Z
2026-10-08T14:49:52Z,2026-10-08,16:49,4,Disneyland Park,Adventureland,1,La Cabane des Robinson,1,5,2026-10-08T14:45:05Z
2026-10-08T14:49:52Z,2026-10-08,16:49,4,Disneyland Park,Adventureland,2703,Le Passage Enchanté d'Aladdin,1,0,2026-10-08T14:45:05Z
2026-10-08T14:49:52Z,2026-10-08,16:49,4,Disneyland Park,Adventureland,2705,Pirate Galleon,0,0,2026-10-08T14:45:05Z
2026-10-08T14:49:52Z,2026-10-08,16:49,4,Disneyland Park,Adventureland,3,Pirates of the Caribbean,1,30,2026-10-08T14:45:05Z
2026-10-08T14:49:52Z,2026-10-08,16:49,4,Disneyland Park,Adventureland,2704,Pirates' Beach,0,0,2026-10-08T14:45:05Z
2026-10-08T14:49:52Z,2026-10-08,16:49,4,Disneyland Park,Discoveryland,4,"Autopia, presented by Avis",1,15,2026-10-08T14:45:05Z
2026-10-08T14:49:52Z,2026-10-08,16:49,4,Disneyland Park,Discoveryland,5,Buzz Lightyear Laser Blast,0,0,2026-10-08T14:45:05Z
2026-10-08T14:49:52Z,2026-10-08,16:49,4,Disneyland Park,Discoveryland,2706,Disneyland Railroad Discoveryland Station,0,0,2026-10-08T14:45:05Z
2026-10-08T14:49:52Z,2026-10-08,16:49,4,Disneyland Park,Discoveryland,6,Les Mystères du Nautilus,1,5,2026-10-08T14:45:05Z
2026-10-08T14:49:52Z,2026-10-08,16:49,4,Disneyland Park,Discoveryland,2707,Mickey’s PhilharMagic,1,0,2026-10-08T14:45:05Z
2026-10-08T14:49:52Z,2026-10-08,16:49,4,Disneyland Park,Discoveryland,7,Orbitron®,1,50,2026-10-08T14:45:05Z
2026-10-08T14:49:52Z,2026-10-08,16:49,4,Disneyland Park,Discoveryland,9,Star Tours: The Adventures Continue*,1,10,2026-10-08T14:45:05Z
2026-10-08T14:49:52Z,2026-10-08,16:49,4,Disneyland Park,Discoveryland,8,Star Wars Hyperspace Mountain,1,35,2026-10-08T14:45:05Z
2026-10-08T14:49:52Z,2026-10-08,16:49,4,Disneyland Park,Discoveryland,7278,Star Wars Hyperspace Mountain Single Rider,1,25,2026-10-08T14:45:05Z
2026-10-08T14:49:52Z,2026-10-08,16:49,4,Disneyland Park,Discoveryland,4573,Welcome to Starport: A Star Wars Encounter,1,15,2026-10-08T14:45:05Z
2026-10-08T14:49:52Z,2026-10-08,16:49,4,Disneyland Park,Fantasyland,19,"""it's a small world""",1,10,2026-10-08T14:45:05Z
2026-10-08T14:49:52Z,2026-10-08,16:49,4,Disneyland Park,Fantasyland,14,Alice's Curious Labyrinth,1,5,2026-10-08T14:45:05Z
2026-10-08T14:49:52Z,2026-10-08,16:49,4,Disneyland Park,Fantasyland,15,Blanche-Neige et les Sept Nains®,1,15,2026-10-08T14:45:05Z
2026-10-08T14:49:52Z,2026-10-08,16:49,4,Disneyland Park,Fantasyland,17,Casey Jr. – le Petit Train du Cirque,1,5,2026-10-08T14:45:05Z
2026-10-08T14:49:52Z,2026-10-08,16:49,4,Disneyland Park,Fantasyland,2711,Disneyland Railroad Fantasyland Station,1,45,2026-10-08T14:45:05Z
2026-10-08T14:49:52Z,2026-10-08,16:49,4,Disneyland Park,Fantasyland,11,Disneyland Railroad Main Street Station,1,45,2026-10-08T14:45:05Z
2026-10-08T14:49:52Z,2026-10-08,16:49,4,Disneyland Park,Fantasyland,18,Dumbo the Flying Elephant,1,30,2026-10-08T14:45:05Z
2026-10-08T14:49:52Z,2026-10-08,16:49,4,Disneyland Park,Fantasyland,2710,La Tanière du Dragon,1,0,2026-10-08T14:45:05Z
2026-10-08T14:49:52Z,2026-10-08,16:49,4,Disneyland Park,Fantasyland,16,Le Carrousel de Lancelot,1,15,2026-10-08T14:45:05Z
2026-10-08T14:49:52Z,2026-10-08,16:49,4,Disneyland Park,Fantasyland,21,"Le Pays des Contes de Fées, presented by Vittel",1,5,2026-10-08T14:45:05Z
2026-10-08T14:49:52Z,2026-10-08,16:49,4,Disneyland Park,Fantasyland,23,Les Voyages de Pinocchio,1,25,2026-10-08T14:45:05Z
2026-10-08T14:49:52Z,2026-10-08,16:49,4,Disneyland Park,Fantasyland,20,Mad Hatter's Tea Cups,1,5,2026-10-08T14:45:05Z
2026-10-08T14:49:52Z,2026-10-08,16:49,4,Disneyland Park,Fantasyland,13,Meet Mickey Mouse,1,0,2026-10-08T14:45:05Z
2026-10-08T14:49:52Z,2026-10-08,16:49,4,Disneyland Park,Fantasyland,22,Peter Pan's Flight,1,70,2026-10-08T14:45:05Z
2026-10-08T14:49:52Z,2026-10-08,16:49,4,Disneyland Park,Fantasyland,24,Princess Pavilion,1,0,2026-10-08T14:45:05Z
2026-10-08T14:49:52Z,2026-10-08,16:49,4,Disneyland Park,Frontierland,25,Big Thunder Mountain,1,75,2026-10-08T14:45:05Z
2026-10-08T14:49:52Z,2026-10-08,16:49,4,Disneyland Park,Frontierland,2714,Disneyland Railroad Frontierland Depot,0,0,2026-10-08T14:45:05Z
2026-10-08T14:49:52Z,2026-10-08,16:49,4,Disneyland Park,Frontierland,2713,Frontierland Playground,1,0,2026-10-08T14:45:05Z
2026-10-08T14:49:52Z,2026-10-08,16:49,4,Disneyland Park,Frontierland,26,Phantom Manor,1,25,2026-10-08T14:45:05Z
2026-10-08T14:49:52Z,2026-10-08,16:49,4,Disneyland Park,Frontierland,27,River Rogue Keelboats,0,0,2026-10-08T14:45:05Z
2026-10-08T14:49:52Z,2026-10-08,16:49,4,Disneyland Park,Frontierland,2712,Rustler Roundup Shootin' Gallery,1,0,2026-10-08T14:45:05Z
2026-10-08T14:49:52Z,2026-10-08,16:49,4,Disneyland Park,Frontierland,28,Thunder Mesa Riverboat Landing,1,20,2026-10-08T14:45:05Z
2026-10-08T14:49:52Z,2026-10-08,16:49,4,Disneyland Park,Main Street U.S.A,2708,Disneyland Railroad Main Street Station,1,45,2026-10-08T14:45:05Z
2026-10-08T14:49:52Z,2026-10-08,16:49,4,Disneyland Park,Main Street U.S.A,12,Main Street Vehicles,0,0,2026-10-08T14:45:05Z
2026-10-08T14:49:52Z,2026-10-08,16:49,28,Disney Adventure World,Marvel Avengers Campus,10848,Avengers Assemble: Flight Force,1,30,2026-10-08T14:45:05Z
2026-10-08T14:49:52Z,2026-10-08,16:49,28,Disney Adventure World,Marvel Avengers Campus,10849,Avengers Assemble: Flight Force Single Rider,1,25,2026-10-08T14:45:05Z
2026-10-08T14:49:52Z,2026-10-08,16:49,28,Disney Adventure World,Marvel Avengers Campus,10845,Spider-Man W.E.B. Adventure,1,45,2026-10-08T14:45:05Z
2026-10-08T14:49:52Z,2026-10-08,16:49,28,Disney Adventure World,Marvel Avengers Campus,10846,Spider-Man W.E.B. Adventure Single Rider,1,25,2026-10-08T14:45:05Z
2026-10-08T14:49:52Z,2026-10-08,16:49,28,Disney Adventure World,Production Courtyard,266,Meet Spider Man,0,0,2026-10-08T14:45:05Z
2026-10-08T14:49:52Z,2026-10-08,16:49,28,Disney Adventure World,Production Courtyard,40,The Twilight Zone Tower of Terror,1,25,2026-10-08T14:45:05Z
2026-10-08T14:49:52Z,2026-10-08,16:49,28,Disney Adventure World,Toon Studio,30,Art of Disney Animation,0,0,2026-10-08T14:45:05Z
2026-10-08T14:49:52Z,2026-10-08,16:49,28,Disney Adventure World,Toon Studio,31,Cars Quatre Roues Rallye,1,10,2026-10-08T14:45:05Z
2026-10-08T14:49:52Z,2026-10-08,16:49,28,Disney Adventure World,Toon Studio,29,Cars ROAD TRIP,1,5,2026-10-08T14:45:05Z
2026-10-08T14:49:52Z,2026-10-08,16:49,28,Disney Adventure World,Toon Studio,32,Crush's Coaster,0,0,2026-10-08T14:45:05Z
2026-10-08T14:49:52Z,2026-10-08,16:49,28,Disney Adventure World,Toon Studio,7277,Crush's Coaster Single Rider,0,0,2026-10-08T14:45:05Z
2026-10-08T14:49:52Z,2026-10-08,16:49,28,Disney Adventure World,Toon Studio,33,Les Tapis Volants - Flying Carpets Over Agrabah®,1,15,2026-10-08T14:45:05Z
2026-10-08T14:49:52Z,2026-10-08,16:49,28,Disney Adventure World,Toon Studio,37,Ratatouille : L’Aventure Totalement Toquée de Rémy​,1,45,2026-10-08T14:45:05Z
2026-10-08T14:49:52Z,2026-10-08,16:49,28,Disney Adventure World,Toon Studio,7279,Ratatouille: The Adventure Single Rider,1,20,2026-10-08T14:45:05Z
2026-10-08T14:49:52Z,2026-10-08,16:49,28,Disney Adventure World,Toon Studio,34,RC Racer,1,40,2026-10-08T14:45:05Z
2026-10-08T14:49:52Z,2026-10-08,16:49,28,Disney Adventure World,Toon Studio,7280,RC Racer Single Rider,1,35,2026-10-08T14:45:05Z
2026-10-08T14:49:52Z,2026-10-08,16:49,28,Disney Adventure World,Toon Studio,36,Slinky® Dog Zigzag Spin,1,10,2026-10-08T14:45:05Z
2026-10-08T14:49:52Z,2026-10-08,16:49,28,Disney Adventure World,Toon Studio,35,Toy Soldiers Parachute Drop,1,50,2026-10-08T14:45:05Z
2026-10-08T14:49:52Z,2026-10-08,16:49,28,Disney Adventure World,Toon Studio,7281,Toy Soldiers Parachute Drop Single Rider,1,10,2026-10-08T14:45:05Z
2026-10-08T14:49:52Z,2026-10-08,16:49,28,Disney Adventure World,World of Frozen,15413,Frozen Ever After,1,55,2026-10-08T14:45:05Z
2026-10-08T14:49:52Z,2026-10-08,16:49,28,Disney Adventure World,World of Frozen,15422,Frozen Ever After Single Rider,1,45,2026-10-08T14:45:05Z
2026-10-08T14:49:52Z,2026-10-08,16:49,28,Disney Adventure World,World of Frozen,15415,Raiponce Tangled Spin,1,5,2026-10-08T14:45:05Z
2026-10-08T15:04:11Z,2026-10-08,17:04,4,Disneyland Park,Adventureland,2702,Adventure Isle,1,0,2026-10-08T15:00:07Z
2026-10-08T15:04:11Z,2026-10-08,17:04,4,Disneyland Park,Adventureland,7306,Indiana Jones and the Temple of Peril Single Rider,0,0,2026-10-08T15:00:07Z
2026-10-08T15:04:11Z,2026-10-08,17:04,4,Disneyland Park,Adventureland,2,Indiana Jones™ and the Temple of Peril,0,0,2026-10-08T15:00:07Z
2026-10-08T15:04:11Z,2026-10-08,17:04,4,Disneyland Park,Adventureland,1,La Cabane des Robinson,1,5,2026-10-08T15:00:07Z
2026-10-08T15:04:11Z,2026-10-08,17:04,4,Disneyland Park,Adventureland,2703,Le Passage Enchanté d'Aladdin,1,0,2026-10-08T15:00:07Z
2026-10-08T15:04:11Z,2026-10-08,17:04,4,Disneyland Park,Adventureland,2705,Pirate Galleon,0,0,2026-10-08T15:00:07Z
2026-10-08T15:04:11Z,2026-10-08,17:04,4,Disneyland Park,Adventureland,3,Pirates of the Caribbean,1,25,2026-10-08T15:00:07Z
2026-10-08T15:04:11Z,2026-10-08,17:04,4,Disneyland Park,Adventureland,2704,Pirates' Beach,0,0,2026-10-08T15:00:07Z
2026-10-08T15:04:11Z,2026-10-08,17:04,4,Disneyland Park,Discoveryland,4,"Autopia, presented by Avis",1,25,2026-10-08T15:00:07Z
2026-10-08T15:04:11Z,2026-10-08,17:04,4,Disneyland Park,Discoveryland,5,Buzz Lightyear Laser Blast,0,0,2026-10-08T15:00:07Z
2026-10-08T15:04:11Z,2026-10-08,17:04,4,Disneyland Park,Discoveryland,2706,Disneyland Railroad Discoveryland Station,0,0,2026-10-08T15:00:07Z
2026-10-08T15:04:11Z,2026-10-08,17:04,4,Disneyland Park,Discoveryland,6,Les Mystères du Nautilus,1,5,2026-10-08T15:00:07Z
2026-10-08T15:04:11Z,2026-10-08,17:04,4,Disneyland Park,Discoveryland,2707,Mickey’s PhilharMagic,1,0,2026-10-08T15:00:07Z
2026-10-08T15:04:11Z,2026-10-08,17:04,4,Disneyland Park,Discoveryland,7,Orbitron®,1,45,2026-10-08T15:00:07Z
2026-10-08T15:04:11Z,2026-10-08,17:04,4,Disneyland Park,Discoveryland,9,Star Tours: The Adventures Continue*,1,5,2026-10-08T15:00:07Z
2026-10-08T15:04:11Z,2026-10-08,17:04,4,Disneyland Park,Discoveryland,8,Star Wars Hyperspace Mountain,1,35,2026-10-08T15:00:07Z
2026-10-08T15:04:11Z,2026-10-08,17:04,4,Disneyland Park,Discoveryland,7278,Star Wars Hyperspace Mountain Single Rider,1,25,2026-10-08T15:00:07Z
2026-10-08T15:04:11Z,2026-10-08,17:04,4,Disneyland Park,Discoveryland,4573,Welcome to Starport: A Star Wars Encounter,1,15,2026-10-08T15:00:07Z
2026-10-08T15:04:11Z,2026-10-08,17:04,4,Disneyland Park,Fantasyland,19,"""it's a small world""",1,5,2026-10-08T15:00:07Z
2026-10-08T15:04:11Z,2026-10-08,17:04,4,Disneyland Park,Fantasyland,14,Alice's Curious Labyrinth,1,5,2026-10-08T15:00:07Z
2026-10-08T15:04:11Z,2026-10-08,17:04,4,Disneyland Park,Fantasyland,15,Blanche-Neige et les Sept Nains®,1,15,2026-10-08T15:00:07Z
2026-10-08T15:04:11Z,2026-10-08,17:04,4,Disneyland Park,Fantasyland,17,Casey Jr. – le Petit Train du Cirque,1,5,2026-10-08T15:00:07Z
2026-10-08T15:04:11Z,2026-10-08,17:04,4,Disneyland Park,Fantasyland,2711,Disneyland Railroad Fantasyland Station,1,45,2026-10-08T15:00:07Z
2026-10-08T15:04:11Z,2026-10-08,17:04,4,Disneyland Park,Fantasyland,11,Disneyland Railroad Main Street Station,1,45,2026-10-08T15:00:07Z
2026-10-08T15:04:11Z,2026-10-08,17:04,4,Disneyland Park,Fantasyland,18,Dumbo the Flying Elephant,1,30,2026-10-08T15:00:07Z
2026-10-08T15:04:11Z,2026-10-08,17:04,4,Disneyland Park,Fantasyland,2710,La Tanière du Dragon,1,0,2026-10-08T15:00:07Z
2026-10-08T15:04:11Z,2026-10-08,17:04,4,Disneyland Park,Fantasyland,16,Le Carrousel de Lancelot,1,15,2026-10-08T15:00:07Z
2026-10-08T15:04:11Z,2026-10-08,17:04,4,Disneyland Park,Fantasyland,21,"Le Pays des Contes de Fées, presented by Vittel",1,5,2026-10-08T15:00:07Z
2026-10-08T15:04:11Z,2026-10-08,17:04,4,Disneyland Park,Fantasyland,23,Les Voyages de Pinocchio,1,25,2026-10-08T15:00:07Z
2026-10-08T15:04:11Z,2026-10-08,17:04,4,Disneyland Park,Fantasyland,20,Mad Hatter's Tea Cups,1,5,2026-10-08T15:00:07Z
2026-10-08T15:04:11Z,2026-10-08,17:04,4,Disneyland Park,Fantasyland,13,Meet Mickey Mouse,1,0,2026-10-08T15:00:07Z
2026-10-08T15:04:11Z,2026-10-08,17:04,4,Disneyland Park,Fantasyland,22,Peter Pan's Flight,1,70,2026-10-08T15:00:07Z
2026-10-08T15:04:11Z,2026-10-08,17:04,4,Disneyland Park,Fantasyland,24,Princess Pavilion,1,0,2026-10-08T15:00:07Z
2026-10-08T15:04:11Z,2026-10-08,17:04,4,Disneyland Park,Frontierland,25,Big Thunder Mountain,1,70,2026-10-08T15:00:07Z
2026-10-08T15:04:11Z,2026-10-08,17:04,4,Disneyland Park,Frontierland,2714,Disneyland Railroad Frontierland Depot,0,0,2026-10-08T15:00:07Z
2026-10-08T15:04:11Z,2026-10-08,17:04,4,Disneyland Park,Frontierland,2713,Frontierland Playground,1,0,2026-10-08T15:00:07Z
2026-10-08T15:04:11Z,2026-10-08,17:04,4,Disneyland Park,Frontierland,26,Phantom Manor,1,25,2026-10-08T15:00:07Z
2026-10-08T15:04:11Z,2026-10-08,17:04,4,Disneyland Park,Frontierland,27,River Rogue Keelboats,0,0,2026-10-08T15:00:07Z
2026-10-08T15:04:11Z,2026-10-08,17:04,4,Disneyland Park,Frontierland,2712,Rustler Roundup Shootin' Gallery,1,0,2026-10-08T15:00:07Z
2026-10-08T15:04:11Z,2026-10-08,17:04,4,Disneyland Park,Frontierland,28,Thunder Mesa Riverboat Landing,1,20,2026-10-08T15:00:07Z
2026-10-08T15:04:11Z,2026-10-08,17:04,4,Disneyland Park,Main Street U.S.A,2708,Disneyland Railroad Main Street Station,1,45,2026-10-08T15:00:07Z
2026-10-08T15:04:11Z,2026-10-08,17:04,4,Disneyland Park,Main Street U.S.A,12,Main Street Vehicles,0,0,2026-10-08T15:00:07Z
2026-10-08T15:04:11Z,2026-10-08,17:04,28,Disney Adventure World,Marvel Avengers Campus,10848,Avengers Assemble: Flight Force,1,20,2026-10-08T15:00:07Z
2026-10-08T15:04:11Z,2026-10-08,17:04,28,Disney Adventure World,Marvel Avengers Campus,10849,Avengers Assemble: Flight Force Single Rider,1,15,2026-10-08T15:00:07Z
2026-10-08T15:04:11Z,2026-10-08,17:04,28,Disney Adventure World,Marvel Avengers Campus,10845,Spider-Man W.E.B. Adventure,1,40,2026-10-08T15:00:07Z
2026-10-08T15:04:11Z,2026-10-08,17:04,28,Disney Adventure World,Marvel Avengers Campus,10846,Spider-Man W.E.B. Adventure Single Rider,1,15,2026-10-08T15:00:07Z
2026-10-08T15:04:11Z,2026-10-08,17:04,28,Disney Adventure World,Production Courtyard,266,Meet Spider Man,0,0,2026-10-08T15:00:07Z
2026-10-08T15:04:11Z,2026-10-08,17:04,28,Disney Adventure World,Production Courtyard,40,The Twilight Zone Tower of Terror,1,30,2026-10-08T15:00:07Z
2026-10-08T15:04:11Z,2026-10-08,17:04,28,Disney Adventure World,Toon Studio,30,Art of Disney Animation,0,0,2026-10-08T15:00:07Z
2026-10-08T15:04:11Z,2026-10-08,17:04,28,Disney Adventure World,Toon Studio,31,Cars Quatre Roues Rallye,1,10,2026-10-08T15:00:07Z
2026-10-08T15:04:11Z,2026-10-08,17:04,28,Disney Adventure World,Toon Studio,29,Cars ROAD TRIP,1,5,2026-10-08T15:00:07Z
2026-10-08T15:04:11Z,2026-10-08,17:04,28,Disney Adventure World,Toon Studio,32,Crush's Coaster,0,0,2026-10-08T15:00:07Z
2026-10-08T15:04:11Z,2026-10-08,17:04,28,Disney Adventure World,Toon Studio,7277,Crush's Coaster Single Rider,0,0,2026-10-08T15:00:07Z
2026-10-08T15:04:11Z,2026-10-08,17:04,28,Disney Adventure World,Toon Studio,33,Les Tapis Volants - Flying Carpets Over Agrabah®,1,15,2026-10-08T15:00:07Z
2026-10-08T15:04:11Z,2026-10-08,17:04,28,Disney Adventure World,Toon Studio,37,Ratatouille : L’Aventure Totalement Toquée de Rémy​,1,45,2026-10-08T15:00:07Z
2026-10-08T15:04:11Z,2026-10-08,17:04,28,Disney Adventure World,Toon Studio,7279,Ratatouille: The Adventure Single Rider,1,15,2026-10-08T15:00:07Z
2026-10-08T15:04:11Z,2026-10-08,17:04,28,Disney Adventure World,Toon Studio,34,RC Racer,1,40,2026-10-08T15:00:07Z
2026-10-08T15:04:11Z,2026-10-08,17:04,28,Disney Adventure World,Toon Studio,7280,RC Racer Single Rider,1,30,2026-10-08T15:00:07Z
2026-10-08T15:04:11Z,2026-10-08,17:04,28,Disney Adventure World,Toon Studio,36,Slinky® Dog Zigzag Spin,1,10,2026-10-08T15:00:07Z
2026-10-08T15:04:11Z,2026-10-08,17:04,28,Disney Adventure World,Toon Studio,35,Toy Soldiers Parachute Drop,1,45,2026-10-08T15:00:07Z
2026-10-08T15:04:11Z,2026-10-08,17:04,28,Disney Adventure World,Toon Studio,7281,Toy Soldiers Parachute Drop Single Rider,1,35,2026-10-08T15:00:07Z
2026-10-08T15:04:11Z,2026-10-08,17:04,28,Disney Adventure World,World of Frozen,15413,Frozen Ever After,1,45,2026-10-08T15:00:07Z
2026-10-08T15:04:11Z,2026-10-08,17:04,28,Disney Adventure World,World of Frozen,15422,Frozen Ever After Single Rider,1,35,2026-10-08T15:00:07Z
2026-10-08T15:04:11Z,2026-10-08,17:04,28,Disney Adventure World,World of Frozen,15415,Raiponce Tangled Spin,1,5,2026-10-08T15:00:07Z
2026-10-08T15:19:10Z,2026-10-08,17:19,4,Disneyland Park,Adventureland,2702,Adventure Isle,1,0,2026-10-08T15:15:05Z
2026-10-08T15:19:10Z,2026-10-08,17:19,4,Disneyland Park,Adventureland,7306,Indiana Jones and the Temple of Peril Single Rider,1,5,2026-10-08T15:15:05Z
2026-10-08T15:19:10Z,2026-10-08,17:19,4,Disneyland Park,Adventureland,2,Indiana Jones™ and the Temple of Peril,1,15,2026-10-08T15:15:05Z
2026-10-08T15:19:10Z,2026-10-08,17:19,4,Disneyland Park,Adventureland,1,La Cabane des Robinson,1,5,2026-10-08T15:15:05Z
2026-10-08T15:19:10Z,2026-10-08,17:19,4,Disneyland Park,Adventureland,2703,Le Passage Enchanté d'Aladdin,1,0,2026-10-08T15:15:05Z
2026-10-08T15:19:10Z,2026-10-08,17:19,4,Disneyland Park,Adventureland,2705,Pirate Galleon,0,0,2026-10-08T15:15:05Z
2026-10-08T15:19:10Z,2026-10-08,17:19,4,Disneyland Park,Adventureland,3,Pirates of the Caribbean,1,25,2026-10-08T15:15:05Z
2026-10-08T15:19:10Z,2026-10-08,17:19,4,Disneyland Park,Adventureland,2704,Pirates' Beach,0,0,2026-10-08T15:15:05Z
2026-10-08T15:19:10Z,2026-10-08,17:19,4,Disneyland Park,Discoveryland,4,"Autopia, presented by Avis",1,15,2026-10-08T15:15:05Z
2026-10-08T15:19:10Z,2026-10-08,17:19,4,Disneyland Park,Discoveryland,5,Buzz Lightyear Laser Blast,0,0,2026-10-08T15:15:05Z
2026-10-08T15:19:10Z,2026-10-08,17:19,4,Disneyland Park,Discoveryland,2706,Disneyland Railroad Discoveryland Station,0,0,2026-10-08T15:15:05Z
2026-10-08T15:19:10Z,2026-10-08,17:19,4,Disneyland Park,Discoveryland,6,Les Mystères du Nautilus,1,5,2026-10-08T15:15:05Z
2026-10-08T15:19:10Z,2026-10-08,17:19,4,Disneyland Park,Discoveryland,2707,Mickey’s PhilharMagic,1,0,2026-10-08T15:15:05Z
2026-10-08T15:19:10Z,2026-10-08,17:19,4,Disneyland Park,Discoveryland,7,Orbitron®,1,45,2026-10-08T15:15:05Z
2026-10-08T15:19:10Z,2026-10-08,17:19,4,Disneyland Park,Discoveryland,9,Star Tours: The Adventures Continue*,1,5,2026-10-08T15:15:05Z
2026-10-08T15:19:10Z,2026-10-08,17:19,4,Disneyland Park,Discoveryland,8,Star Wars Hyperspace Mountain,1,30,2026-10-08T15:15:05Z
2026-10-08T15:19:10Z,2026-10-08,17:19,4,Disneyland Park,Discoveryland,7278,Star Wars Hyperspace Mountain Single Rider,1,25,2026-10-08T15:15:05Z
2026-10-08T15:19:10Z,2026-10-08,17:19,4,Disneyland Park,Discoveryland,4573,Welcome to Starport: A Star Wars Encounter,0,0,2026-10-08T15:15:05Z
2026-10-08T15:19:10Z,2026-10-08,17:19,4,Disneyland Park,Fantasyland,19,"""it's a small world""",1,5,2026-10-08T15:15:05Z
2026-10-08T15:19:10Z,2026-10-08,17:19,4,Disneyland Park,Fantasyland,14,Alice's Curious Labyrinth,1,5,2026-10-08T15:15:05Z
2026-10-08T15:19:10Z,2026-10-08,17:19,4,Disneyland Park,Fantasyland,15,Blanche-Neige et les Sept Nains®,1,15,2026-10-08T15:15:05Z
2026-10-08T15:19:10Z,2026-10-08,17:19,4,Disneyland Park,Fantasyland,17,Casey Jr. – le Petit Train du Cirque,1,5,2026-10-08T15:15:05Z
2026-10-08T15:19:10Z,2026-10-08,17:19,4,Disneyland Park,Fantasyland,2711,Disneyland Railroad Fantasyland Station,0,0,2026-10-08T15:15:05Z
2026-10-08T15:19:10Z,2026-10-08,17:19,4,Disneyland Park,Fantasyland,11,Disneyland Railroad Main Street Station,0,0,2026-10-08T15:15:05Z
2026-10-08T15:19:10Z,2026-10-08,17:19,4,Disneyland Park,Fantasyland,18,Dumbo the Flying Elephant,1,30,2026-10-08T15:15:05Z
2026-10-08T15:19:10Z,2026-10-08,17:19,4,Disneyland Park,Fantasyland,2710,La Tanière du Dragon,1,0,2026-10-08T15:15:05Z
2026-10-08T15:19:10Z,2026-10-08,17:19,4,Disneyland Park,Fantasyland,16,Le Carrousel de Lancelot,1,15,2026-10-08T15:15:05Z
2026-10-08T15:19:10Z,2026-10-08,17:19,4,Disneyland Park,Fantasyland,21,"Le Pays des Contes de Fées, presented by Vittel",1,5,2026-10-08T15:15:05Z
2026-10-08T15:19:10Z,2026-10-08,17:19,4,Disneyland Park,Fantasyland,23,Les Voyages de Pinocchio,1,25,2026-10-08T15:15:05Z
2026-10-08T15:19:10Z,2026-10-08,17:19,4,Disneyland Park,Fantasyland,20,Mad Hatter's Tea Cups,1,5,2026-10-08T15:15:05Z
2026-10-08T15:19:10Z,2026-10-08,17:19,4,Disneyland Park,Fantasyland,13,Meet Mickey Mouse,1,0,2026-10-08T15:15:05Z
2026-10-08T15:19:10Z,2026-10-08,17:19,4,Disneyland Park,Fantasyland,22,Peter Pan's Flight,1,60,2026-10-08T15:15:05Z
2026-10-08T15:19:10Z,2026-10-08,17:19,4,Disneyland Park,Fantasyland,24,Princess Pavilion,1,0,2026-10-08T15:15:05Z
2026-10-08T15:19:10Z,2026-10-08,17:19,4,Disneyland Park,Frontierland,25,Big Thunder Mountain,1,60,2026-10-08T15:15:05Z
2026-10-08T15:19:10Z,2026-10-08,17:19,4,Disneyland Park,Frontierland,2714,Disneyland Railroad Frontierland Depot,0,0,2026-10-08T15:15:05Z
2026-10-08T15:19:10Z,2026-10-08,17:19,4,Disneyland Park,Frontierland,2713,Frontierland Playground,1,0,2026-10-08T15:15:05Z
2026-10-08T15:19:10Z,2026-10-08,17:19,4,Disneyland Park,Frontierland,26,Phantom Manor,1,25,2026-10-08T15:15:05Z
2026-10-08T15:19:10Z,2026-10-08,17:19,4,Disneyland Park,Frontierland,27,River Rogue Keelboats,0,0,2026-10-08T15:15:05Z
2026-10-08T15:19:10Z,2026-10-08,17:19,4,Disneyland Park,Frontierland,2712,Rustler Roundup Shootin' Gallery,1,0,2026-10-08T15:15:05Z
2026-10-08T15:19:10Z,2026-10-08,17:19,4,Disneyland Park,Frontierland,28,Thunder Mesa Riverboat Landing,1,20,2026-10-08T15:15:05Z
2026-10-08T15:19:10Z,2026-10-08,17:19,4,Disneyland Park,Main Street U.S.A,2708,Disneyland Railroad Main Street Station,0,0,2026-10-08T15:15:05Z
2026-10-08T15:19:10Z,2026-10-08,17:19,4,Disneyland Park,Main Street U.S.A,12,Main Street Vehicles,0,0,2026-10-08T15:15:05Z
2026-10-08T15:19:10Z,2026-10-08,17:19,28,Disney Adventure World,Marvel Avengers Campus,10848,Avengers Assemble: Flight Force,1,20,2026-10-08T15:15:05Z
2026-10-08T15:19:10Z,2026-10-08,17:19,28,Disney Adventure World,Marvel Avengers Campus,10849,Avengers Assemble: Flight Force Single Rider,1,10,2026-10-08T15:15:05Z
2026-10-08T15:19:10Z,2026-10-08,17:19,28,Disney Adventure World,Marvel Avengers Campus,10845,Spider-Man W.E.B. Adventure,1,30,2026-10-08T15:15:05Z
2026-10-08T15:19:10Z,2026-10-08,17:19,28,Disney Adventure World,Marvel Avengers Campus,10846,Spider-Man W.E.B. Adventure Single Rider,1,20,2026-10-08T15:15:05Z
2026-10-08T15:19:10Z,2026-10-08,17:19,28,Disney Adventure World,Production Courtyard,266,Meet Spider Man,0,0,2026-10-08T15:15:05Z
2026-10-08T15:19:10Z,2026-10-08,17:19,28,Disney Adventure World,Production Courtyard,40,The Twilight Zone Tower of Terror,1,20,2026-10-08T15:15:05Z
2026-10-08T15:19:10Z,2026-10-08,17:19,28,Disney Adventure World,Toon Studio,30,Art of Disney Animation,0,0,2026-10-08T15:15:05Z
2026-10-08T15:19:10Z,2026-10-08,17:19,28,Disney Adventure World,Toon Studio,31,Cars Quatre Roues Rallye,1,15,2026-10-08T15:15:05Z
2026-10-08T15:19:10Z,2026-10-08,17:19,28,Disney Adventure World,Toon Studio,29,Cars ROAD TRIP,1,5,2026-10-08T15:15:05Z
2026-10-08T15:19:10Z,2026-10-08,17:19,28,Disney Adventure World,Toon Studio,32,Crush's Coaster,0,0,2026-10-08T15:15:05Z
2026-10-08T15:19:10Z,2026-10-08,17:19,28,Disney Adventure World,Toon Studio,7277,Crush's Coaster Single Rider,0,0,2026-10-08T15:15:05Z
2026-10-08T15:19:10Z,2026-10-08,17:19,28,Disney Adventure World,Toon Studio,33,Les Tapis Volants - Flying Carpets Over Agrabah®,1,15,2026-10-08T15:15:05Z
2026-10-08T15:19:10Z,2026-10-08,17:19,28,Disney Adventure World,Toon Studio,37,Ratatouille : L’Aventure Totalement Toquée de Rémy​,1,50,2026-10-08T15:15:05Z
2026-10-08T15:19:10Z,2026-10-08,17:19,28,Disney Adventure World,Toon Studio,7279,Ratatouille: The Adventure Single Rider,1,20,2026-10-08T15:15:05Z
2026-10-08T15:19:10Z,2026-10-08,17:19,28,Disney Adventure World,Toon Studio,34,RC Racer,1,40,2026-10-08T15:15:05Z
2026-10-08T15:19:10Z,2026-10-08,17:19,28,Disney Adventure World,Toon Studio,7280,RC Racer Single Rider,1,30,2026-10-08T15:15:05Z
2026-10-08T15:19:10Z,2026-10-08,17:19,28,Disney Adventure World,Toon Studio,36,Slinky® Dog Zigzag Spin,1,10,2026-10-08T15:15:05Z
2026-10-08T15:19:10Z,2026-10-08,17:19,28,Disney Adventure World,Toon Studio,35,Toy Soldiers Parachute Drop,1,40,2026-10-08T15:15:05Z
2026-10-08T15:19:10Z,2026-10-08,17:19,28,Disney Adventure World,Toon Studio,7281,Toy Soldiers Parachute Drop Single Rider,1,15,2026-10-08T15:15:05Z
2026-10-08T15:19:10Z,2026-10-08,17:19,28,Disney Adventure World,World of Frozen,15413,Frozen Ever After,1,70,2026-10-08T15:15:05Z
2026-10-08T15:19:10Z,2026-10-08,17:19,28,Disney Adventure World,World of Frozen,15422,Frozen Ever After Single Rider,1,30,2026-10-08T15:15:05Z
2026-10-08T15:19:10Z,2026-10-08,17:19,28,Disney Adventure World,World of Frozen,15415,Raiponce Tangled Spin,1,5,2026-10-08T15:15:05Z
2026-10-08T15:34:12Z,2026-10-08,17:34,4,Disneyland Park,Adventureland,2702,Adventure Isle,1,0,2026-10-08T15:30:06Z
2026-10-08T15:34:12Z,2026-10-08,17:34,4,Disneyland Park,Adventureland,7306,Indiana Jones and the Temple of Peril Single Rider,1,5,2026-10-08T15:30:06Z
2026-10-08T15:34:12Z,2026-10-08,17:34,4,Disneyland Park,Adventureland,2,Indiana Jones™ and the Temple of Peril,1,15,2026-10-08T15:30:06Z
2026-10-08T15:34:12Z,2026-10-08,17:34,4,Disneyland Park,Adventureland,1,La Cabane des Robinson,1,5,2026-10-08T15:30:06Z
2026-10-08T15:34:12Z,2026-10-08,17:34,4,Disneyland Park,Adventureland,2703,Le Passage Enchanté d'Aladdin,1,0,2026-10-08T15:30:06Z
2026-10-08T15:34:12Z,2026-10-08,17:34,4,Disneyland Park,Adventureland,2705,Pirate Galleon,0,0,2026-10-08T15:30:06Z
2026-10-08T15:34:12Z,2026-10-08,17:34,4,Disneyland Park,Adventureland,3,Pirates of the Caribbean,1,15,2026-10-08T15:30:06Z
2026-10-08T15:34:12Z,2026-10-08,17:34,4,Disneyland Park,Adventureland,2704,Pirates' Beach,0,0,2026-10-08T15:30:06Z
2026-10-08T15:34:12Z,2026-10-08,17:34,4,Disneyland Park,Discoveryland,4,"Autopia, presented by Avis",1,25,2026-10-08T15:30:06Z
2026-10-08T15:34:12Z,2026-10-08,17:34,4,Disneyland Park,Discoveryland,5,Buzz Lightyear Laser Blast,0,0,2026-10-08T15:30:06Z
2026-10-08T15:34:12Z,2026-10-08,17:34,4,Disneyland Park,Discoveryland,2706,Disneyland Railroad Discoveryland Station,0,0,2026-10-08T15:30:06Z
2026-10-08T15:34:12Z,2026-10-08,17:34,4,Disneyland Park,Discoveryland,6,Les Mystères du Nautilus,1,5,2026-10-08T15:30:06Z
2026-10-08T15:34:12Z,2026-10-08,17:34,4,Disneyland Park,Discoveryland,2707,Mickey’s PhilharMagic,1,0,2026-10-08T15:30:06Z
2026-10-08T15:34:12Z,2026-10-08,17:34,4,Disneyland Park,Discoveryland,7,Orbitron®,1,45,2026-10-08T15:30:06Z
2026-10-08T15:34:12Z,2026-10-08,17:34,4,Disneyland Park,Discoveryland,9,Star Tours: The Adventures Continue*,1,5,2026-10-08T15:30:06Z
2026-10-08T15:34:12Z,2026-10-08,17:34,4,Disneyland Park,Discoveryland,8,Star Wars Hyperspace Mountain,1,35,2026-10-08T15:30:06Z
2026-10-08T15:34:12Z,2026-10-08,17:34,4,Disneyland Park,Discoveryland,7278,Star Wars Hyperspace Mountain Single Rider,1,25,2026-10-08T15:30:06Z
2026-10-08T15:34:12Z,2026-10-08,17:34,4,Disneyland Park,Discoveryland,4573,Welcome to Starport: A Star Wars Encounter,0,0,2026-10-08T15:30:06Z
2026-10-08T15:34:12Z,2026-10-08,17:34,4,Disneyland Park,Fantasyland,19,"""it's a small world""",1,5,2026-10-08T15:30:06Z
2026-10-08T15:34:12Z,2026-10-08,17:34,4,Disneyland Park,Fantasyland,14,Alice's Curious Labyrinth,1,5,2026-10-08T15:30:06Z
2026-10-08T15:34:12Z,2026-10-08,17:34,4,Disneyland Park,Fantasyland,15,Blanche-Neige et les Sept Nains®,1,15,2026-10-08T15:30:06Z
2026-10-08T15:34:12Z,2026-10-08,17:34,4,Disneyland Park,Fantasyland,17,Casey Jr. – le Petit Train du Cirque,1,5,2026-10-08T15:30:06Z
2026-10-08T15:34:12Z,2026-10-08,17:34,4,Disneyland Park,Fantasyland,2711,Disneyland Railroad Fantasyland Station,0,0,2026-10-08T15:30:06Z
2026-10-08T15:34:12Z,2026-10-08,17:34,4,Disneyland Park,Fantasyland,11,Disneyland Railroad Main Street Station,0,0,2026-10-08T15:30:06Z
2026-10-08T15:34:12Z,2026-10-08,17:34,4,Disneyland Park,Fantasyland,18,Dumbo the Flying Elephant,1,20,2026-10-08T15:30:06Z
2026-10-08T15:34:12Z,2026-10-08,17:34,4,Disneyland Park,Fantasyland,2710,La Tanière du Dragon,1,0,2026-10-08T15:30:06Z
2026-10-08T15:34:12Z,2026-10-08,17:34,4,Disneyland Park,Fantasyland,16,Le Carrousel de Lancelot,1,15,2026-10-08T15:30:06Z
2026-10-08T15:34:12Z,2026-10-08,17:34,4,Disneyland Park,Fantasyland,21,"Le Pays des Contes de Fées, presented by Vittel",1,5,2026-10-08T15:30:06Z
2026-10-08T15:34:12Z,2026-10-08,17:34,4,Disneyland Park,Fantasyland,23,Les Voyages de Pinocchio,1,20,2026-10-08T15:30:06Z
2026-10-08T15:34:12Z,2026-10-08,17:34,4,Disneyland Park,Fantasyland,20,Mad Hatter's Tea Cups,1,5,2026-10-08T15:30:06Z
2026-10-08T15:34:12Z,2026-10-08,17:34,4,Disneyland Park,Fantasyland,13,Meet Mickey Mouse,1,0,2026-10-08T15:30:06Z
2026-10-08T15:34:12Z,2026-10-08,17:34,4,Disneyland Park,Fantasyland,22,Peter Pan's Flight,1,60,2026-10-08T15:30:06Z
2026-10-08T15:34:12Z,2026-10-08,17:34,4,Disneyland Park,Fantasyland,24,Princess Pavilion,1,0,2026-10-08T15:30:06Z
2026-10-08T15:34:12Z,2026-10-08,17:34,4,Disneyland Park,Frontierland,25,Big Thunder Mountain,1,60,2026-10-08T15:30:06Z
2026-10-08T15:34:12Z,2026-10-08,17:34,4,Disneyland Park,Frontierland,2714,Disneyland Railroad Frontierland Depot,0,0,2026-10-08T15:30:06Z
2026-10-08T15:34:12Z,2026-10-08,17:34,4,Disneyland Park,Frontierland,2713,Frontierland Playground,1,0,2026-10-08T15:30:06Z
2026-10-08T15:34:12Z,2026-10-08,17:34,4,Disneyland Park,Frontierland,26,Phantom Manor,1,25,2026-10-08T15:30:06Z
2026-10-08T15:34:12Z,2026-10-08,17:34,4,Disneyland Park,Frontierland,27,River Rogue Keelboats,0,0,2026-10-08T15:30:06Z
2026-10-08T15:34:12Z,2026-10-08,17:34,4,Disneyland Park,Frontierland,2712,Rustler Roundup Shootin' Gallery,1,0,2026-10-08T15:30:06Z
2026-10-08T15:34:12Z,2026-10-08,17:34,4,Disneyland Park,Frontierland,28,Thunder Mesa Riverboat Landing,1,20,2026-10-08T15:30:06Z
2026-10-08T15:34:12Z,2026-10-08,17:34,4,Disneyland Park,Main Street U.S.A,2708,Disneyland Railroad Main Street Station,0,0,2026-10-08T15:30:06Z
2026-10-08T15:34:12Z,2026-10-08,17:34,4,Disneyland Park,Main Street U.S.A,12,Main Street Vehicles,0,0,2026-10-08T15:30:06Z
2026-10-08T15:34:12Z,2026-10-08,17:34,28,Disney Adventure World,Marvel Avengers Campus,10848,Avengers Assemble: Flight Force,1,20,2026-10-08T15:30:06Z
2026-10-08T15:34:12Z,2026-10-08,17:34,28,Disney Adventure World,Marvel Avengers Campus,10849,Avengers Assemble: Flight Force Single Rider,1,10,2026-10-08T15:30:06Z
2026-10-08T15:34:12Z,2026-10-08,17:34,28,Disney Adventure World,Marvel Avengers Campus,10845,Spider-Man W.E.B. Adventure,1,35,2026-10-08T15:30:06Z
2026-10-08T15:34:12Z,2026-10-08,17:34,28,Disney Adventure World,Marvel Avengers Campus,10846,Spider-Man W.E.B. Adventure Single Rider,1,10,2026-10-08T15:30:06Z
2026-10-08T15:34:12Z,2026-10-08,17:34,28,Disney Adventure World,Production Courtyard,266,Meet Spider Man,0,0,2026-10-08T15:30:06Z
2026-10-08T15:34:12Z,2026-10-08,17:34,28,Disney Adventure World,Production Courtyard,40,The Twilight Zone Tower of Terror,1,40,2026-10-08T15:30:06Z
2026-10-08T15:34:12Z,2026-10-08,17:34,28,Disney Adventure World,Toon Studio,30,Art of Disney Animation,0,0,2026-10-08T15:30:06Z
2026-10-08T15:34:12Z,2026-10-08,17:34,28,Disney Adventure World,Toon Studio,31,Cars Quatre Roues Rallye,1,15,2026-10-08T15:30:06Z
2026-10-08T15:34:12Z,2026-10-08,17:34,28,Disney Adventure World,Toon Studio,29,Cars ROAD TRIP,1,10,2026-10-08T15:30:06Z
2026-10-08T15:34:12Z,2026-10-08,17:34,28,Disney Adventure World,Toon Studio,32,Crush's Coaster,0,0,2026-10-08T15:30:06Z
2026-10-08T15:34:12Z,2026-10-08,17:34,28,Disney Adventure World,Toon Studio,7277,Crush's Coaster Single Rider,0,0,2026-10-08T15:30:06Z
2026-10-08T15:34:12Z,2026-10-08,17:34,28,Disney Adventure World,Toon Studio,33,Les Tapis Volants - Flying Carpets Over Agrabah®,1,5,2026-10-08T15:30:06Z
2026-10-08T15:34:12Z,2026-10-08,17:34,28,Disney Adventure World,Toon Studio,37,Ratatouille : L’Aventure Totalement Toquée de Rémy​,1,55,2026-10-08T15:30:06Z
2026-10-08T15:34:12Z,2026-10-08,17:34,28,Disney Adventure World,Toon Studio,7279,Ratatouille: The Adventure Single Rider,1,15,2026-10-08T15:30:06Z
2026-10-08T15:34:12Z,2026-10-08,17:34,28,Disney Adventure World,Toon Studio,34,RC Racer,1,35,2026-10-08T15:30:06Z
2026-10-08T15:34:12Z,2026-10-08,17:34,28,Disney Adventure World,Toon Studio,7280,RC Racer Single Rider,1,25,2026-10-08T15:30:06Z
2026-10-08T15:34:12Z,2026-10-08,17:34,28,Disney Adventure World,Toon Studio,36,Slinky® Dog Zigzag Spin,1,10,2026-10-08T15:30:06Z
2026-10-08T15:34:12Z,2026-10-08,17:34,28,Disney Adventure World,Toon Studio,35,Toy Soldiers Parachute Drop,1,35,2026-10-08T15:30:06Z
2026-10-08T15:34:12Z,2026-10-08,17:34,28,Disney Adventure World,Toon Studio,7281,Toy Soldiers Parachute Drop Single Rider,1,15,2026-10-08T15:30:06Z
2026-10-08T15:34:12Z,2026-10-08,17:34,28,Disney Adventure World,World of Frozen,15413,Frozen Ever After,1,60,2026-10-08T15:30:06Z
2026-10-08T15:34:12Z,2026-10-08,17:34,28,Disney Adventure World,World of Frozen,15422,Frozen Ever After Single Rider,1,35,2026-10-08T15:30:06Z
2026-10-08T15:34:12Z,2026-10-08,17:34,28,Disney Adventure World,World of Frozen,15415,Raiponce Tangled Spin,1,10,2026-10-08T15:30:06Z
2026-10-08T15:49:10Z,2026-10-08,17:49,4,Disneyland Park,Adventureland,2702,Adventure Isle,1,0,2026-10-08T15:45:04Z
2026-10-08T15:49:10Z,2026-10-08,17:49,4,Disneyland Park,Adventureland,7306,Indiana Jones and the Temple of Peril Single Rider,1,15,2026-10-08T15:45:04Z
2026-10-08T15:49:10Z,2026-10-08,17:49,4,Disneyland Park,Adventureland,2,Indiana Jones™ and the Temple of Peril,1,25,2026-10-08T15:45:04Z
2026-10-08T15:49:10Z,2026-10-08,17:49,4,Disneyland Park,Adventureland,1,La Cabane des Robinson,1,5,2026-10-08T15:45:04Z
2026-10-08T15:49:10Z,2026-10-08,17:49,4,Disneyland Park,Adventureland,2703,Le Passage Enchanté d'Aladdin,1,0,2026-10-08T15:45:04Z
2026-10-08T15:49:10Z,2026-10-08,17:49,4,Disneyland Park,Adventureland,2705,Pirate Galleon,0,0,2026-10-08T15:45:04Z
2026-10-08T15:49:10Z,2026-10-08,17:49,4,Disneyland Park,Adventureland,3,Pirates of the Caribbean,1,15,2026-10-08T15:45:04Z
2026-10-08T15:49:10Z,2026-10-08,17:49,4,Disneyland Park,Adventureland,2704,Pirates' Beach,0,0,2026-10-08T15:45:04Z
2026-10-08T15:49:10Z,2026-10-08,17:49,4,Disneyland Park,Discoveryland,4,"Autopia, presented by Avis",1,35,2026-10-08T15:45:04Z
2026-10-08T15:49:10Z,2026-10-08,17:49,4,Disneyland Park,Discoveryland,5,Buzz Lightyear Laser Blast,0,0,2026-10-08T15:45:04Z
2026-10-08T15:49:10Z,2026-10-08,17:49,4,Disneyland Park,Discoveryland,2706,Disneyland Railroad Discoveryland Station,0,0,2026-10-08T15:45:04Z
2026-10-08T15:49:10Z,2026-10-08,17:49,4,Disneyland Park,Discoveryland,6,Les Mystères du Nautilus,1,5,2026-10-08T15:45:04Z
2026-10-08T15:49:10Z,2026-10-08,17:49,4,Disneyland Park,Discoveryland,2707,Mickey’s PhilharMagic,0,0,2026-10-08T15:45:04Z
2026-10-08T15:49:10Z,2026-10-08,17:49,4,Disneyland Park,Discoveryland,7,Orbitron®,1,45,2026-10-08T15:45:04Z
2026-10-08T15:49:10Z,2026-10-08,17:49,4,Disneyland Park,Discoveryland,9,Star Tours: The Adventures Continue*,1,10,2026-10-08T15:45:04Z
2026-10-08T15:49:10Z,2026-10-08,17:49,4,Disneyland Park,Discoveryland,8,Star Wars Hyperspace Mountain,1,40,2026-10-08T15:45:04Z
2026-10-08T15:49:10Z,2026-10-08,17:49,4,Disneyland Park,Discoveryland,7278,Star Wars Hyperspace Mountain Single Rider,1,35,2026-10-08T15:45:04Z
2026-10-08T15:49:10Z,2026-10-08,17:49,4,Disneyland Park,Discoveryland,4573,Welcome to Starport: A Star Wars Encounter,0,0,2026-10-08T15:45:04Z
2026-10-08T15:49:10Z,2026-10-08,17:49,4,Disneyland Park,Fantasyland,19,"""it's a small world""",1,5,2026-10-08T15:45:04Z
2026-10-08T15:49:10Z,2026-10-08,17:49,4,Disneyland Park,Fantasyland,14,Alice's Curious Labyrinth,1,5,2026-10-08T15:45:04Z
2026-10-08T15:49:10Z,2026-10-08,17:49,4,Disneyland Park,Fantasyland,15,Blanche-Neige et les Sept Nains®,1,20,2026-10-08T15:45:04Z
2026-10-08T15:49:10Z,2026-10-08,17:49,4,Disneyland Park,Fantasyland,17,Casey Jr. – le Petit Train du Cirque,1,5,2026-10-08T15:45:04Z
2026-10-08T15:49:10Z,2026-10-08,17:49,4,Disneyland Park,Fantasyland,2711,Disneyland Railroad Fantasyland Station,0,0,2026-10-08T15:45:04Z
2026-10-08T15:49:10Z,2026-10-08,17:49,4,Disneyland Park,Fantasyland,11,Disneyland Railroad Main Street Station,0,0,2026-10-08T15:45:04Z
2026-10-08T15:49:10Z,2026-10-08,17:49,4,Disneyland Park,Fantasyland,18,Dumbo the Flying Elephant,1,20,2026-10-08T15:45:04Z
2026-10-08T15:49:10Z,2026-10-08,17:49,4,Disneyland Park,Fantasyland,2710,La Tanière du Dragon,1,0,2026-10-08T15:45:04Z
2026-10-08T15:49:10Z,2026-10-08,17:49,4,Disneyland Park,Fantasyland,16,Le Carrousel de Lancelot,1,10,2026-10-08T15:45:04Z
2026-10-08T15:49:10Z,2026-10-08,17:49,4,Disneyland Park,Fantasyland,21,"Le Pays des Contes de Fées, presented by Vittel",1,5,2026-10-08T15:45:04Z
2026-10-08T15:49:10Z,2026-10-08,17:49,4,Disneyland Park,Fantasyland,23,Les Voyages de Pinocchio,1,20,2026-10-08T15:45:04Z
2026-10-08T15:49:10Z,2026-10-08,17:49,4,Disneyland Park,Fantasyland,20,Mad Hatter's Tea Cups,1,5,2026-10-08T15:45:04Z
2026-10-08T15:49:10Z,2026-10-08,17:49,4,Disneyland Park,Fantasyland,13,Meet Mickey Mouse,1,0,2026-10-08T15:45:04Z
2026-10-08T15:49:10Z,2026-10-08,17:49,4,Disneyland Park,Fantasyland,22,Peter Pan's Flight,1,60,2026-10-08T15:45:04Z
2026-10-08T15:49:10Z,2026-10-08,17:49,4,Disneyland Park,Fantasyland,24,Princess Pavilion,1,0,2026-10-08T15:45:04Z
2026-10-08T15:49:10Z,2026-10-08,17:49,4,Disneyland Park,Frontierland,25,Big Thunder Mountain,1,75,2026-10-08T15:45:04Z
2026-10-08T15:49:10Z,2026-10-08,17:49,4,Disneyland Park,Frontierland,2714,Disneyland Railroad Frontierland Depot,0,0,2026-10-08T15:45:04Z
2026-10-08T15:49:10Z,2026-10-08,17:49,4,Disneyland Park,Frontierland,2713,Frontierland Playground,1,0,2026-10-08T15:45:04Z
2026-10-08T15:49:10Z,2026-10-08,17:49,4,Disneyland Park,Frontierland,26,Phantom Manor,1,30,2026-10-08T15:45:04Z
2026-10-08T15:49:10Z,2026-10-08,17:49,4,Disneyland Park,Frontierland,27,River Rogue Keelboats,0,0,2026-10-08T15:45:04Z
2026-10-08T15:49:10Z,2026-10-08,17:49,4,Disneyland Park,Frontierland,2712,Rustler Roundup Shootin' Gallery,1,0,2026-10-08T15:45:04Z
2026-10-08T15:49:10Z,2026-10-08,17:49,4,Disneyland Park,Frontierland,28,Thunder Mesa Riverboat Landing,1,20,2026-10-08T15:45:04Z
2026-10-08T15:49:10Z,2026-10-08,17:49,4,Disneyland Park,Main Street U.S.A,2708,Disneyland Railroad Main Street Station,0,0,2026-10-08T15:45:04Z
2026-10-08T15:49:10Z,2026-10-08,17:49,4,Disneyland Park,Main Street U.S.A,12,Main Street Vehicles,0,0,2026-10-08T15:45:04Z
2026-10-08T15:49:10Z,2026-10-08,17:49,28,Disney Adventure World,Marvel Avengers Campus,10848,Avengers Assemble: Flight Force,1,25,2026-10-08T15:45:04Z
2026-10-08T15:49:10Z,2026-10-08,17:49,28,Disney Adventure World,Marvel Avengers Campus,10849,Avengers Assemble: Flight Force Single Rider,1,15,2026-10-08T15:45:04Z
2026-10-08T15:49:10Z,2026-10-08,17:49,28,Disney Adventure World,Marvel Avengers Campus,10845,Spider-Man W.E.B. Adventure,1,45,2026-10-08T15:45:04Z
2026-10-08T15:49:10Z,2026-10-08,17:49,28,Disney Adventure World,Marvel Avengers Campus,10846,Spider-Man W.E.B. Adventure Single Rider,1,10,2026-10-08T15:45:04Z
2026-10-08T15:49:10Z,2026-10-08,17:49,28,Disney Adventure World,Production Courtyard,266,Meet Spider Man,0,0,2026-10-08T15:45:04Z
2026-10-08T15:49:10Z,2026-10-08,17:49,28,Disney Adventure World,Production Courtyard,40,The Twilight Zone Tower of Terror,1,35,2026-10-08T15:45:04Z
2026-10-08T15:49:10Z,2026-10-08,17:49,28,Disney Adventure World,Toon Studio,30,Art of Disney Animation,0,0,2026-10-08T15:45:04Z
2026-10-08T15:49:10Z,2026-10-08,17:49,28,Disney Adventure World,Toon Studio,31,Cars Quatre Roues Rallye,1,5,2026-10-08T15:45:04Z
2026-10-08T15:49:10Z,2026-10-08,17:49,28,Disney Adventure World,Toon Studio,29,Cars ROAD TRIP,1,10,2026-10-08T15:45:04Z
2026-10-08T15:49:10Z,2026-10-08,17:49,28,Disney Adventure World,Toon Studio,32,Crush's Coaster,0,0,2026-10-08T15:45:04Z
2026-10-08T15:49:10Z,2026-10-08,17:49,28,Disney Adventure World,Toon Studio,7277,Crush's Coaster Single Rider,0,0,2026-10-08T15:45:04Z
2026-10-08T15:49:10Z,2026-10-08,17:49,28,Disney Adventure World,Toon Studio,33,Les Tapis Volants - Flying Carpets Over Agrabah®,1,5,2026-10-08T15:45:04Z
2026-10-08T15:49:10Z,2026-10-08,17:49,28,Disney Adventure World,Toon Studio,37,Ratatouille : L’Aventure Totalement Toquée de Rémy​,1,45,2026-10-08T15:45:04Z
2026-10-08T15:49:10Z,2026-10-08,17:49,28,Disney Adventure World,Toon Studio,7279,Ratatouille: The Adventure Single Rider,1,15,2026-10-08T15:45:04Z
2026-10-08T15:49:10Z,2026-10-08,17:49,28,Disney Adventure World,Toon Studio,34,RC Racer,1,35,2026-10-08T15:45:04Z
2026-10-08T15:49:10Z,2026-10-08,17:49,28,Disney Adventure World,Toon Studio,7280,RC Racer Single Rider,1,30,2026-10-08T15:45:04Z
2026-10-08T15:49:10Z,2026-10-08,17:49,28,Disney Adventure World,Toon Studio,36,Slinky® Dog Zigzag Spin,1,10,2026-10-08T15:45:04Z
2026-10-08T15:49:10Z,2026-10-08,17:49,28,Disney Adventure World,Toon Studio,35,Toy Soldiers Parachute Drop,1,45,2026-10-08T15:45:04Z
2026-10-08T15:49:10Z,2026-10-08,17:49,28,Disney Adventure World,Toon Studio,7281,Toy Soldiers Parachute Drop Single Rider,1,15,2026-10-08T15:45:04Z
2026-10-08T15:49:10Z,2026-10-08,17:49,28,Disney Adventure World,World of Frozen,15413,Frozen Ever After,1,45,2026-10-08T15:45:04Z
2026-10-08T15:49:10Z,2026-10-08,17:49,28,Disney Adventure World,World of Frozen,15422,Frozen Ever After Single Rider,1,25,2026-10-08T15:45:04Z
2026-10-08T15:49:10Z,2026-10-08,17:49,28,Disney Adventure World,World of Frozen,15415,Raiponce Tangled Spin,1,5,2026-10-08T15:45:04Z
2026-10-08T16:04:13Z,2026-10-08,18:04,4,Disneyland Park,Adventureland,2702,Adventure Isle,1,0,2026-10-08T16:00:05Z
2026-10-08T16:04:13Z,2026-10-08,18:04,4,Disneyland Park,Adventureland,7306,Indiana Jones and the Temple of Peril Single Rider,1,20,2026-10-08T16:00:05Z
2026-10-08T16:04:13Z,2026-10-08,18:04,4,Disneyland Park,Adventureland,2,Indiana Jones™ and the Temple of Peril,1,30,2026-10-08T16:00:05Z
2026-10-08T16:04:13Z,2026-10-08,18:04,4,Disneyland Park,Adventureland,1,La Cabane des Robinson,1,5,2026-10-08T16:00:05Z
2026-10-08T16:04:13Z,2026-10-08,18:04,4,Disneyland Park,Adventureland,2703,Le Passage Enchanté d'Aladdin,1,0,2026-10-08T16:00:05Z
2026-10-08T16:04:13Z,2026-10-08,18:04,4,Disneyland Park,Adventureland,2705,Pirate Galleon,0,0,2026-10-08T16:00:05Z
2026-10-08T16:04:13Z,2026-10-08,18:04,4,Disneyland Park,Adventureland,3,Pirates of the Caribbean,1,15,2026-10-08T16:00:05Z
2026-10-08T16:04:13Z,2026-10-08,18:04,4,Disneyland Park,Adventureland,2704,Pirates' Beach,0,0,2026-10-08T16:00:05Z
2026-10-08T16:04:13Z,2026-10-08,18:04,4,Disneyland Park,Discoveryland,4,"Autopia, presented by Avis",1,35,2026-10-08T16:00:05Z
2026-10-08T16:04:13Z,2026-10-08,18:04,4,Disneyland Park,Discoveryland,5,Buzz Lightyear Laser Blast,0,0,2026-10-08T16:00:05Z
2026-10-08T16:04:13Z,2026-10-08,18:04,4,Disneyland Park,Discoveryland,2706,Disneyland Railroad Discoveryland Station,0,0,2026-10-08T16:00:05Z
2026-10-08T16:04:13Z,2026-10-08,18:04,4,Disneyland Park,Discoveryland,6,Les Mystères du Nautilus,1,5,2026-10-08T16:00:05Z
2026-10-08T16:04:13Z,2026-10-08,18:04,4,Disneyland Park,Discoveryland,2707,Mickey’s PhilharMagic,0,0,2026-10-08T16:00:05Z
2026-10-08T16:04:13Z,2026-10-08,18:04,4,Disneyland Park,Discoveryland,7,Orbitron®,1,45,2026-10-08T16:00:05Z
2026-10-08T16:04:13Z,2026-10-08,18:04,4,Disneyland Park,Discoveryland,9,Star Tours: The Adventures Continue*,1,10,2026-10-08T16:00:05Z
2026-10-08T16:04:13Z,2026-10-08,18:04,4,Disneyland Park,Discoveryland,8,Star Wars Hyperspace Mountain,1,40,2026-10-08T16:00:05Z
2026-10-08T16:04:13Z,2026-10-08,18:04,4,Disneyland Park,Discoveryland,7278,Star Wars Hyperspace Mountain Single Rider,1,30,2026-10-08T16:00:05Z
2026-10-08T16:04:13Z,2026-10-08,18:04,4,Disneyland Park,Discoveryland,4573,Welcome to Starport: A Star Wars Encounter,0,0,2026-10-08T16:00:05Z
2026-10-08T16:04:13Z,2026-10-08,18:04,4,Disneyland Park,Fantasyland,19,"""it's a small world""",1,5,2026-10-08T16:00:05Z
2026-10-08T16:04:13Z,2026-10-08,18:04,4,Disneyland Park,Fantasyland,14,Alice's Curious Labyrinth,1,5,2026-10-08T16:00:05Z
2026-10-08T16:04:13Z,2026-10-08,18:04,4,Disneyland Park,Fantasyland,15,Blanche-Neige et les Sept Nains®,1,20,2026-10-08T16:00:05Z
2026-10-08T16:04:13Z,2026-10-08,18:04,4,Disneyland Park,Fantasyland,17,Casey Jr. – le Petit Train du Cirque,1,5,2026-10-08T16:00:05Z
2026-10-08T16:04:13Z,2026-10-08,18:04,4,Disneyland Park,Fantasyland,2711,Disneyland Railroad Fantasyland Station,0,0,2026-10-08T16:00:05Z
2026-10-08T16:04:13Z,2026-10-08,18:04,4,Disneyland Park,Fantasyland,11,Disneyland Railroad Main Street Station,0,0,2026-10-08T16:00:05Z
2026-10-08T16:04:13Z,2026-10-08,18:04,4,Disneyland Park,Fantasyland,18,Dumbo the Flying Elephant,1,40,2026-10-08T16:00:05Z
2026-10-08T16:04:13Z,2026-10-08,18:04,4,Disneyland Park,Fantasyland,2710,La Tanière du Dragon,1,0,2026-10-08T16:00:05Z
2026-10-08T16:04:13Z,2026-10-08,18:04,4,Disneyland Park,Fantasyland,16,Le Carrousel de Lancelot,1,10,2026-10-08T16:00:05Z
2026-10-08T16:04:13Z,2026-10-08,18:04,4,Disneyland Park,Fantasyland,21,"Le Pays des Contes de Fées, presented by Vittel",1,5,2026-10-08T16:00:05Z
2026-10-08T16:04:13Z,2026-10-08,18:04,4,Disneyland Park,Fantasyland,23,Les Voyages de Pinocchio,1,20,2026-10-08T16:00:05Z
2026-10-08T16:04:13Z,2026-10-08,18:04,4,Disneyland Park,Fantasyland,20,Mad Hatter's Tea Cups,1,5,2026-10-08T16:00:05Z
2026-10-08T16:04:13Z,2026-10-08,18:04,4,Disneyland Park,Fantasyland,13,Meet Mickey Mouse,1,0,2026-10-08T16:00:05Z
2026-10-08T16:04:13Z,2026-10-08,18:04,4,Disneyland Park,Fantasyland,22,Peter Pan's Flight,1,60,2026-10-08T16:00:05Z
2026-10-08T16:04:13Z,2026-10-08,18:04,4,Disneyland Park,Fantasyland,24,Princess Pavilion,1,0,2026-10-08T16:00:05Z
2026-10-08T16:04:13Z,2026-10-08,18:04,4,Disneyland Park,Frontierland,25,Big Thunder Mountain,1,65,2026-10-08T16:00:05Z
2026-10-08T16:04:13Z,2026-10-08,18:04,4,Disneyland Park,Frontierland,2714,Disneyland Railroad Frontierland Depot,0,0,2026-10-08T16:00:05Z
2026-10-08T16:04:13Z,2026-10-08,18:04,4,Disneyland Park,Frontierland,2713,Frontierland Playground,1,0,2026-10-08T16:00:05Z
2026-10-08T16:04:13Z,2026-10-08,18:04,4,Disneyland Park,Frontierland,26,Phantom Manor,1,25,2026-10-08T16:00:05Z
2026-10-08T16:04:13Z,2026-10-08,18:04,4,Disneyland Park,Frontierland,27,River Rogue Keelboats,0,0,2026-10-08T16:00:05Z
2026-10-08T16:04:13Z,2026-10-08,18:04,4,Disneyland Park,Frontierland,2712,Rustler Roundup Shootin' Gallery,1,0,2026-10-08T16:00:05Z
2026-10-08T16:04:13Z,2026-10-08,18:04,4,Disneyland Park,Frontierland,28,Thunder Mesa Riverboat Landing,1,20,2026-10-08T16:00:05Z
2026-10-08T16:04:13Z,2026-10-08,18:04,4,Disneyland Park,Main Street U.S.A,2708,Disneyland Railroad Main Street Station,0,0,2026-10-08T16:00:05Z
2026-10-08T16:04:13Z,2026-10-08,18:04,4,Disneyland Park,Main Street U.S.A,12,Main Street Vehicles,0,0,2026-10-08T16:00:05Z
2026-10-08T16:04:13Z,2026-10-08,18:04,28,Disney Adventure World,Marvel Avengers Campus,10848,Avengers Assemble: Flight Force,1,15,2026-10-08T16:00:05Z
2026-10-08T16:04:13Z,2026-10-08,18:04,28,Disney Adventure World,Marvel Avengers Campus,10849,Avengers Assemble: Flight Force Single Rider,1,10,2026-10-08T16:00:05Z
2026-10-08T16:04:13Z,2026-10-08,18:04,28,Disney Adventure World,Marvel Avengers Campus,10845,Spider-Man W.E.B. Adventure,1,55,2026-10-08T16:00:05Z
2026-10-08T16:04:13Z,2026-10-08,18:04,28,Disney Adventure World,Marvel Avengers Campus,10846,Spider-Man W.E.B. Adventure Single Rider,1,35,2026-10-08T16:00:05Z
2026-10-08T16:04:13Z,2026-10-08,18:04,28,Disney Adventure World,Production Courtyard,266,Meet Spider Man,0,0,2026-10-08T16:00:05Z
2026-10-08T16:04:13Z,2026-10-08,18:04,28,Disney Adventure World,Production Courtyard,40,The Twilight Zone Tower of Terror,1,20,2026-10-08T16:00:05Z
2026-10-08T16:04:13Z,2026-10-08,18:04,28,Disney Adventure World,Toon Studio,30,Art of Disney Animation,0,0,2026-10-08T16:00:05Z
2026-10-08T16:04:13Z,2026-10-08,18:04,28,Disney Adventure World,Toon Studio,31,Cars Quatre Roues Rallye,1,15,2026-10-08T16:00:05Z
2026-10-08T16:04:13Z,2026-10-08,18:04,28,Disney Adventure World,Toon Studio,29,Cars ROAD TRIP,1,10,2026-10-08T16:00:05Z
2026-10-08T16:04:13Z,2026-10-08,18:04,28,Disney Adventure World,Toon Studio,32,Crush's Coaster,0,0,2026-10-08T16:00:05Z
2026-10-08T16:04:13Z,2026-10-08,18:04,28,Disney Adventure World,Toon Studio,7277,Crush's Coaster Single Rider,0,0,2026-10-08T16:00:05Z
2026-10-08T16:04:13Z,2026-10-08,18:04,28,Disney Adventure World,Toon Studio,33,Les Tapis Volants - Flying Carpets Over Agrabah®,1,15,2026-10-08T16:00:05Z
2026-10-08T16:04:13Z,2026-10-08,18:04,28,Disney Adventure World,Toon Studio,37,Ratatouille : L’Aventure Totalement Toquée de Rémy​,1,45,2026-10-08T16:00:05Z
2026-10-08T16:04:13Z,2026-10-08,18:04,28,Disney Adventure World,Toon Studio,7279,Ratatouille: The Adventure Single Rider,1,15,2026-10-08T16:00:05Z
2026-10-08T16:04:13Z,2026-10-08,18:04,28,Disney Adventure World,Toon Studio,34,RC Racer,1,40,2026-10-08T16:00:05Z
2026-10-08T16:04:13Z,2026-10-08,18:04,28,Disney Adventure World,Toon Studio,7280,RC Racer Single Rider,1,35,2026-10-08T16:00:05Z
2026-10-08T16:04:13Z,2026-10-08,18:04,28,Disney Adventure World,Toon Studio,36,Slinky® Dog Zigzag Spin,1,5,2026-10-08T16:00:05Z
2026-10-08T16:04:13Z,2026-10-08,18:04,28,Disney Adventure World,Toon Studio,35,Toy Soldiers Parachute Drop,1,45,2026-10-08T16:00:05Z
2026-10-08T16:04:13Z,2026-10-08,18:04,28,Disney Adventure World,Toon Studio,7281,Toy Soldiers Parachute Drop Single Rider,1,15,2026-10-08T16:00:05Z
2026-10-08T16:04:13Z,2026-10-08,18:04,28,Disney Adventure World,World of Frozen,15413,Frozen Ever After,1,45,2026-10-08T16:00:05Z
2026-10-08T16:04:13Z,2026-10-08,18:04,28,Disney Adventure World,World of Frozen,15422,Frozen Ever After Single Rider,1,20,2026-10-08T16:00:05Z
2026-10-08T16:04:13Z,2026-10-08,18:04,28,Disney Adventure World,World of Frozen,15415,Raiponce Tangled Spin,1,5,2026-10-08T16:00:05Z
2026-10-08T16:19:15Z,2026-10-08,18:19,4,Disneyland Park,Adventureland,2702,Adventure Isle,1,0,2026-10-08T16:15:05Z
2026-10-08T16:19:15Z,2026-10-08,18:19,4,Disneyland Park,Adventureland,7306,Indiana Jones and the Temple of Peril Single Rider,1,25,2026-10-08T16:15:05Z
2026-10-08T16:19:15Z,2026-10-08,18:19,4,Disneyland Park,Adventureland,2,Indiana Jones™ and the Temple of Peril,1,35,2026-10-08T16:15:05Z
2026-10-08T16:19:15Z,2026-10-08,18:19,4,Disneyland Park,Adventureland,1,La Cabane des Robinson,1,5,2026-10-08T16:15:05Z
2026-10-08T16:19:15Z,2026-10-08,18:19,4,Disneyland Park,Adventureland,2703,Le Passage Enchanté d'Aladdin,1,0,2026-10-08T16:15:05Z
2026-10-08T16:19:15Z,2026-10-08,18:19,4,Disneyland Park,Adventureland,2705,Pirate Galleon,0,0,2026-10-08T16:15:05Z
2026-10-08T16:19:15Z,2026-10-08,18:19,4,Disneyland Park,Adventureland,3,Pirates of the Caribbean,1,15,2026-10-08T16:15:05Z
2026-10-08T16:19:15Z,2026-10-08,18:19,4,Disneyland Park,Adventureland,2704,Pirates' Beach,0,0,2026-10-08T16:15:05Z
2026-10-08T16:19:15Z,2026-10-08,18:19,4,Disneyland Park,Discoveryland,4,"Autopia, presented by Avis",1,35,2026-10-08T16:15:05Z
2026-10-08T16:19:15Z,2026-10-08,18:19,4,Disneyland Park,Discoveryland,5,Buzz Lightyear Laser Blast,0,0,2026-10-08T16:15:05Z
2026-10-08T16:19:15Z,2026-10-08,18:19,4,Disneyland Park,Discoveryland,2706,Disneyland Railroad Discoveryland Station,0,0,2026-10-08T16:15:05Z
2026-10-08T16:19:15Z,2026-10-08,18:19,4,Disneyland Park,Discoveryland,6,Les Mystères du Nautilus,1,5,2026-10-08T16:15:05Z
2026-10-08T16:19:15Z,2026-10-08,18:19,4,Disneyland Park,Discoveryland,2707,Mickey’s PhilharMagic,0,0,2026-10-08T16:15:05Z
2026-10-08T16:19:15Z,2026-10-08,18:19,4,Disneyland Park,Discoveryland,7,Orbitron®,1,45,2026-10-08T16:15:05Z
2026-10-08T16:19:15Z,2026-10-08,18:19,4,Disneyland Park,Discoveryland,9,Star Tours: The Adventures Continue*,1,15,2026-10-08T16:15:05Z
2026-10-08T16:19:15Z,2026-10-08,18:19,4,Disneyland Park,Discoveryland,8,Star Wars Hyperspace Mountain,1,35,2026-10-08T16:15:05Z
2026-10-08T16:19:15Z,2026-10-08,18:19,4,Disneyland Park,Discoveryland,7278,Star Wars Hyperspace Mountain Single Rider,1,25,2026-10-08T16:15:05Z
2026-10-08T16:19:15Z,2026-10-08,18:19,4,Disneyland Park,Discoveryland,4573,Welcome to Starport: A Star Wars Encounter,0,0,2026-10-08T16:15:05Z
2026-10-08T16:19:15Z,2026-10-08,18:19,4,Disneyland Park,Fantasyland,19,"""it's a small world""",1,5,2026-10-08T16:15:05Z
2026-10-08T16:19:15Z,2026-10-08,18:19,4,Disneyland Park,Fantasyland,14,Alice's Curious Labyrinth,1,5,2026-10-08T16:15:05Z
2026-10-08T16:19:15Z,2026-10-08,18:19,4,Disneyland Park,Fantasyland,15,Blanche-Neige et les Sept Nains®,1,20,2026-10-08T16:15:05Z
2026-10-08T16:19:15Z,2026-10-08,18:19,4,Disneyland Park,Fantasyland,17,Casey Jr. – le Petit Train du Cirque,1,5,2026-10-08T16:15:05Z
2026-10-08T16:19:15Z,2026-10-08,18:19,4,Disneyland Park,Fantasyland,2711,Disneyland Railroad Fantasyland Station,0,0,2026-10-08T16:15:05Z
2026-10-08T16:19:15Z,2026-10-08,18:19,4,Disneyland Park,Fantasyland,11,Disneyland Railroad Main Street Station,0,0,2026-10-08T16:15:05Z
2026-10-08T16:19:15Z,2026-10-08,18:19,4,Disneyland Park,Fantasyland,18,Dumbo the Flying Elephant,1,25,2026-10-08T16:15:05Z
2026-10-08T16:19:15Z,2026-10-08,18:19,4,Disneyland Park,Fantasyland,2710,La Tanière du Dragon,1,0,2026-10-08T16:15:05Z
2026-10-08T16:19:15Z,2026-10-08,18:19,4,Disneyland Park,Fantasyland,16,Le Carrousel de Lancelot,1,10,2026-10-08T16:15:05Z
2026-10-08T16:19:15Z,2026-10-08,18:19,4,Disneyland Park,Fantasyland,21,"Le Pays des Contes de Fées, presented by Vittel",1,5,2026-10-08T16:15:05Z
2026-10-08T16:19:15Z,2026-10-08,18:19,4,Disneyland Park,Fantasyland,23,Les Voyages de Pinocchio,1,25,2026-10-08T16:15:05Z
2026-10-08T16:19:15Z,2026-10-08,18:19,4,Disneyland Park,Fantasyland,20,Mad Hatter's Tea Cups,1,5,2026-10-08T16:15:05Z
2026-10-08T16:19:15Z,2026-10-08,18:19,4,Disneyland Park,Fantasyland,13,Meet Mickey Mouse,0,0,2026-10-08T16:15:05Z
2026-10-08T16:19:15Z,2026-10-08,18:19,4,Disneyland Park,Fantasyland,22,Peter Pan's Flight,1,55,2026-10-08T16:15:05Z
2026-10-08T16:19:15Z,2026-10-08,18:19,4,Disneyland Park,Fantasyland,24,Princess Pavilion,0,0,2026-10-08T16:15:05Z
2026-10-08T16:19:15Z,2026-10-08,18:19,4,Disneyland Park,Frontierland,25,Big Thunder Mountain,1,60,2026-10-08T16:15:05Z
2026-10-08T16:19:15Z,2026-10-08,18:19,4,Disneyland Park,Frontierland,2714,Disneyland Railroad Frontierland Depot,0,0,2026-10-08T16:15:05Z
2026-10-08T16:19:15Z,2026-10-08,18:19,4,Disneyland Park,Frontierland,2713,Frontierland Playground,1,0,2026-10-08T16:15:05Z
2026-10-08T16:19:15Z,2026-10-08,18:19,4,Disneyland Park,Frontierland,26,Phantom Manor,1,25,2026-10-08T16:15:05Z
2026-10-08T16:19:15Z,2026-10-08,18:19,4,Disneyland Park,Frontierland,27,River Rogue Keelboats,0,0,2026-10-08T16:15:05Z
2026-10-08T16:19:15Z,2026-10-08,18:19,4,Disneyland Park,Frontierland,2712,Rustler Roundup Shootin' Gallery,1,0,2026-10-08T16:15:05Z
2026-10-08T16:19:15Z,2026-10-08,18:19,4,Disneyland Park,Frontierland,28,Thunder Mesa Riverboat Landing,0,0,2026-10-08T16:15:05Z
2026-10-08T16:19:15Z,2026-10-08,18:19,4,Disneyland Park,Main Street U.S.A,2708,Disneyland Railroad Main Street Station,0,0,2026-10-08T16:15:05Z
2026-10-08T16:19:15Z,2026-10-08,18:19,4,Disneyland Park,Main Street U.S.A,12,Main Street Vehicles,0,0,2026-10-08T16:15:05Z
2026-10-08T16:19:15Z,2026-10-08,18:19,28,Disney Adventure World,Marvel Avengers Campus,10848,Avengers Assemble: Flight Force,1,25,2026-10-08T16:15:05Z
2026-10-08T16:19:15Z,2026-10-08,18:19,28,Disney Adventure World,Marvel Avengers Campus,10849,Avengers Assemble: Flight Force Single Rider,1,20,2026-10-08T16:15:05Z
2026-10-08T16:19:15Z,2026-10-08,18:19,28,Disney Adventure World,Marvel Avengers Campus,10845,Spider-Man W.E.B. Adventure,1,45,2026-10-08T16:15:05Z
2026-10-08T16:19:15Z,2026-10-08,18:19,28,Disney Adventure World,Marvel Avengers Campus,10846,Spider-Man W.E.B. Adventure Single Rider,1,20,2026-10-08T16:15:05Z
2026-10-08T16:19:15Z,2026-10-08,18:19,28,Disney Adventure World,Production Courtyard,266,Meet Spider Man,0,0,2026-10-08T16:15:05Z
2026-10-08T16:19:15Z,2026-10-08,18:19,28,Disney Adventure World,Production Courtyard,40,The Twilight Zone Tower of Terror,1,20,2026-10-08T16:15:05Z
2026-10-08T16:19:15Z,2026-10-08,18:19,28,Disney Adventure World,Toon Studio,30,Art of Disney Animation,0,0,2026-10-08T16:15:05Z
2026-10-08T16:19:15Z,2026-10-08,18:19,28,Disney Adventure World,Toon Studio,31,Cars Quatre Roues Rallye,1,10,2026-10-08T16:15:05Z
2026-10-08T16:19:15Z,2026-10-08,18:19,28,Disney Adventure World,Toon Studio,29,Cars ROAD TRIP,1,10,2026-10-08T16:15:05Z
2026-10-08T16:19:15Z,2026-10-08,18:19,28,Disney Adventure World,Toon Studio,32,Crush's Coaster,0,0,2026-10-08T16:15:05Z
2026-10-08T16:19:15Z,2026-10-08,18:19,28,Disney Adventure World,Toon Studio,7277,Crush's Coaster Single Rider,0,0,2026-10-08T16:15:05Z
2026-10-08T16:19:15Z,2026-10-08,18:19,28,Disney Adventure World,Toon Studio,33,Les Tapis Volants - Flying Carpets Over Agrabah®,1,15,2026-10-08T16:15:05Z
2026-10-08T16:19:15Z,2026-10-08,18:19,28,Disney Adventure World,Toon Studio,37,Ratatouille : L’Aventure Totalement Toquée de Rémy​,1,45,2026-10-08T16:15:05Z
2026-10-08T16:19:15Z,2026-10-08,18:19,28,Disney Adventure World,Toon Studio,7279,Ratatouille: The Adventure Single Rider,1,10,2026-10-08T16:15:05Z
2026-10-08T16:19:15Z,2026-10-08,18:19,28,Disney Adventure World,Toon Studio,34,RC Racer,1,45,2026-10-08T16:15:05Z
2026-10-08T16:19:15Z,2026-10-08,18:19,28,Disney Adventure World,Toon Studio,7280,RC Racer Single Rider,1,40,2026-10-08T16:15:05Z
2026-10-08T16:19:15Z,2026-10-08,18:19,28,Disney Adventure World,Toon Studio,36,Slinky® Dog Zigzag Spin,1,15,2026-10-08T16:15:05Z
2026-10-08T16:19:15Z,2026-10-08,18:19,28,Disney Adventure World,Toon Studio,35,Toy Soldiers Parachute Drop,1,45,2026-10-08T16:15:05Z
2026-10-08T16:19:15Z,2026-10-08,18:19,28,Disney Adventure World,Toon Studio,7281,Toy Soldiers Parachute Drop Single Rider,1,15,2026-10-08T16:15:05Z
2026-10-08T16:19:15Z,2026-10-08,18:19,28,Disney Adventure World,World of Frozen,15413,Frozen Ever After,1,60,2026-10-08T16:15:05Z
2026-10-08T16:19:15Z,2026-10-08,18:19,28,Disney Adventure World,World of Frozen,15422,Frozen Ever After Single Rider,1,50,2026-10-08T16:15:05Z
2026-10-08T16:19:15Z,2026-10-08,18:19,28,Disney Adventure World,World of Frozen,15415,Raiponce Tangled Spin,1,5,2026-10-08T16:15:05Z
2026-10-08T16:34:13Z,2026-10-08,18:34,4,Disneyland Park,Adventureland,2702,Adventure Isle,1,0,2026-10-08T16:30:05Z
2026-10-08T16:34:13Z,2026-10-08,18:34,4,Disneyland Park,Adventureland,7306,Indiana Jones and the Temple of Peril Single Rider,1,15,2026-10-08T16:30:05Z
2026-10-08T16:34:13Z,2026-10-08,18:34,4,Disneyland Park,Adventureland,2,Indiana Jones™ and the Temple of Peril,1,35,2026-10-08T16:30:05Z
2026-10-08T16:34:13Z,2026-10-08,18:34,4,Disneyland Park,Adventureland,1,La Cabane des Robinson,1,5,2026-10-08T16:30:05Z
2026-10-08T16:34:13Z,2026-10-08,18:34,4,Disneyland Park,Adventureland,2703,Le Passage Enchanté d'Aladdin,1,0,2026-10-08T16:30:05Z
2026-10-08T16:34:13Z,2026-10-08,18:34,4,Disneyland Park,Adventureland,2705,Pirate Galleon,0,0,2026-10-08T16:30:05Z
2026-10-08T16:34:13Z,2026-10-08,18:34,4,Disneyland Park,Adventureland,3,Pirates of the Caribbean,1,15,2026-10-08T16:30:05Z
2026-10-08T16:34:13Z,2026-10-08,18:34,4,Disneyland Park,Adventureland,2704,Pirates' Beach,0,0,2026-10-08T16:30:05Z
2026-10-08T16:34:13Z,2026-10-08,18:34,4,Disneyland Park,Discoveryland,4,"Autopia, presented by Avis",1,20,2026-10-08T16:30:05Z
2026-10-08T16:34:13Z,2026-10-08,18:34,4,Disneyland Park,Discoveryland,5,Buzz Lightyear Laser Blast,0,0,2026-10-08T16:30:05Z
2026-10-08T16:34:13Z,2026-10-08,18:34,4,Disneyland Park,Discoveryland,2706,Disneyland Railroad Discoveryland Station,0,0,2026-10-08T16:30:05Z
2026-10-08T16:34:13Z,2026-10-08,18:34,4,Disneyland Park,Discoveryland,6,Les Mystères du Nautilus,1,5,2026-10-08T16:30:05Z
2026-10-08T16:34:13Z,2026-10-08,18:34,4,Disneyland Park,Discoveryland,2707,Mickey’s PhilharMagic,0,0,2026-10-08T16:30:05Z
2026-10-08T16:34:13Z,2026-10-08,18:34,4,Disneyland Park,Discoveryland,7,Orbitron®,1,45,2026-10-08T16:30:05Z
2026-10-08T16:34:13Z,2026-10-08,18:34,4,Disneyland Park,Discoveryland,9,Star Tours: The Adventures Continue*,1,15,2026-10-08T16:30:05Z
2026-10-08T16:34:13Z,2026-10-08,18:34,4,Disneyland Park,Discoveryland,8,Star Wars Hyperspace Mountain,1,30,2026-10-08T16:30:05Z
2026-10-08T16:34:13Z,2026-10-08,18:34,4,Disneyland Park,Discoveryland,7278,Star Wars Hyperspace Mountain Single Rider,1,25,2026-10-08T16:30:05Z
2026-10-08T16:34:13Z,2026-10-08,18:34,4,Disneyland Park,Discoveryland,4573,Welcome to Starport: A Star Wars Encounter,0,0,2026-10-08T16:30:05Z
2026-10-08T16:34:13Z,2026-10-08,18:34,4,Disneyland Park,Fantasyland,19,"""it's a small world""",1,5,2026-10-08T16:30:05Z
2026-10-08T16:34:13Z,2026-10-08,18:34,4,Disneyland Park,Fantasyland,14,Alice's Curious Labyrinth,1,5,2026-10-08T16:30:05Z
2026-10-08T16:34:13Z,2026-10-08,18:34,4,Disneyland Park,Fantasyland,15,Blanche-Neige et les Sept Nains®,1,20,2026-10-08T16:30:05Z
2026-10-08T16:34:13Z,2026-10-08,18:34,4,Disneyland Park,Fantasyland,17,Casey Jr. – le Petit Train du Cirque,1,10,2026-10-08T16:30:05Z
2026-10-08T16:34:13Z,2026-10-08,18:34,4,Disneyland Park,Fantasyland,2711,Disneyland Railroad Fantasyland Station,0,0,2026-10-08T16:30:05Z
2026-10-08T16:34:13Z,2026-10-08,18:34,4,Disneyland Park,Fantasyland,11,Disneyland Railroad Main Street Station,0,0,2026-10-08T16:30:05Z
2026-10-08T16:34:13Z,2026-10-08,18:34,4,Disneyland Park,Fantasyland,18,Dumbo the Flying Elephant,1,25,2026-10-08T16:30:05Z
2026-10-08T16:34:13Z,2026-10-08,18:34,4,Disneyland Park,Fantasyland,2710,La Tanière du Dragon,1,0,2026-10-08T16:30:05Z
2026-10-08T16:34:13Z,2026-10-08,18:34,4,Disneyland Park,Fantasyland,16,Le Carrousel de Lancelot,1,10,2026-10-08T16:30:05Z
2026-10-08T16:34:13Z,2026-10-08,18:34,4,Disneyland Park,Fantasyland,21,"Le Pays des Contes de Fées, presented by Vittel",1,5,2026-10-08T16:30:05Z
2026-10-08T16:34:13Z,2026-10-08,18:34,4,Disneyland Park,Fantasyland,23,Les Voyages de Pinocchio,1,30,2026-10-08T16:30:05Z
2026-10-08T16:34:13Z,2026-10-08,18:34,4,Disneyland Park,Fantasyland,20,Mad Hatter's Tea Cups,1,5,2026-10-08T16:30:05Z
2026-10-08T16:34:13Z,2026-10-08,18:34,4,Disneyland Park,Fantasyland,13,Meet Mickey Mouse,0,0,2026-10-08T16:30:05Z
2026-10-08T16:34:13Z,2026-10-08,18:34,4,Disneyland Park,Fantasyland,22,Peter Pan's Flight,1,55,2026-10-08T16:30:05Z
2026-10-08T16:34:13Z,2026-10-08,18:34,4,Disneyland Park,Fantasyland,24,Princess Pavilion,0,0,2026-10-08T16:30:05Z
2026-10-08T16:34:13Z,2026-10-08,18:34,4,Disneyland Park,Frontierland,25,Big Thunder Mountain,1,60,2026-10-08T16:30:05Z
2026-10-08T16:34:13Z,2026-10-08,18:34,4,Disneyland Park,Frontierland,2714,Disneyland Railroad Frontierland Depot,0,0,2026-10-08T16:30:05Z
2026-10-08T16:34:13Z,2026-10-08,18:34,4,Disneyland Park,Frontierland,2713,Frontierland Playground,1,0,2026-10-08T16:30:05Z
2026-10-08T16:34:13Z,2026-10-08,18:34,4,Disneyland Park,Frontierland,26,Phantom Manor,1,25,2026-10-08T16:30:05Z
2026-10-08T16:34:13Z,2026-10-08,18:34,4,Disneyland Park,Frontierland,27,River Rogue Keelboats,0,0,2026-10-08T16:30:05Z
2026-10-08T16:34:13Z,2026-10-08,18:34,4,Disneyland Park,Frontierland,2712,Rustler Roundup Shootin' Gallery,1,0,2026-10-08T16:30:05Z
2026-10-08T16:34:13Z,2026-10-08,18:34,4,Disneyland Park,Frontierland,28,Thunder Mesa Riverboat Landing,0,0,2026-10-08T16:30:05Z
2026-10-08T16:34:13Z,2026-10-08,18:34,4,Disneyland Park,Main Street U.S.A,2708,Disneyland Railroad Main Street Station,0,0,2026-10-08T16:30:05Z
2026-10-08T16:34:13Z,2026-10-08,18:34,4,Disneyland Park,Main Street U.S.A,12,Main Street Vehicles,0,0,2026-10-08T16:30:05Z
2026-10-08T16:34:13Z,2026-10-08,18:34,28,Disney Adventure World,Marvel Avengers Campus,10848,Avengers Assemble: Flight Force,1,30,2026-10-08T16:30:05Z
2026-10-08T16:34:13Z,2026-10-08,18:34,28,Disney Adventure World,Marvel Avengers Campus,10849,Avengers Assemble: Flight Force Single Rider,1,25,2026-10-08T16:30:05Z
2026-10-08T16:34:13Z,2026-10-08,18:34,28,Disney Adventure World,Marvel Avengers Campus,10845,Spider-Man W.E.B. Adventure,1,35,2026-10-08T16:30:05Z
2026-10-08T16:34:13Z,2026-10-08,18:34,28,Disney Adventure World,Marvel Avengers Campus,10846,Spider-Man W.E.B. Adventure Single Rider,1,20,2026-10-08T16:30:05Z
2026-10-08T16:34:13Z,2026-10-08,18:34,28,Disney Adventure World,Production Courtyard,266,Meet Spider Man,0,0,2026-10-08T16:30:05Z
2026-10-08T16:34:13Z,2026-10-08,18:34,28,Disney Adventure World,Production Courtyard,40,The Twilight Zone Tower of Terror,1,20,2026-10-08T16:30:05Z
2026-10-08T16:34:13Z,2026-10-08,18:34,28,Disney Adventure World,Toon Studio,30,Art of Disney Animation,0,0,2026-10-08T16:30:05Z
2026-10-08T16:34:13Z,2026-10-08,18:34,28,Disney Adventure World,Toon Studio,31,Cars Quatre Roues Rallye,1,5,2026-10-08T16:30:05Z
2026-10-08T16:34:13Z,2026-10-08,18:34,28,Disney Adventure World,Toon Studio,29,Cars ROAD TRIP,1,5,2026-10-08T16:30:05Z
2026-10-08T16:34:13Z,2026-10-08,18:34,28,Disney Adventure World,Toon Studio,32,Crush's Coaster,0,0,2026-10-08T16:30:05Z
2026-10-08T16:34:13Z,2026-10-08,18:34,28,Disney Adventure World,Toon Studio,7277,Crush's Coaster Single Rider,0,0,2026-10-08T16:30:05Z
2026-10-08T16:34:13Z,2026-10-08,18:34,28,Disney Adventure World,Toon Studio,33,Les Tapis Volants - Flying Carpets Over Agrabah®,1,10,2026-10-08T16:30:05Z
2026-10-08T16:34:13Z,2026-10-08,18:34,28,Disney Adventure World,Toon Studio,37,Ratatouille : L’Aventure Totalement Toquée de Rémy​,1,45,2026-10-08T16:30:05Z
2026-10-08T16:34:13Z,2026-10-08,18:34,28,Disney Adventure World,Toon Studio,7279,Ratatouille: The Adventure Single Rider,1,15,2026-10-08T16:30:05Z
2026-10-08T16:34:13Z,2026-10-08,18:34,28,Disney Adventure World,Toon Studio,34,RC Racer,1,40,2026-10-08T16:30:05Z
2026-10-08T16:34:13Z,2026-10-08,18:34,28,Disney Adventure World,Toon Studio,7280,RC Racer Single Rider,1,35,2026-10-08T16:30:05Z
2026-10-08T16:34:13Z,2026-10-08,18:34,28,Disney Adventure World,Toon Studio,36,Slinky® Dog Zigzag Spin,1,10,2026-10-08T16:30:05Z
2026-10-08T16:34:13Z,2026-10-08,18:34,28,Disney Adventure World,Toon Studio,35,Toy Soldiers Parachute Drop,1,35,2026-10-08T16:30:05Z
2026-10-08T16:34:13Z,2026-10-08,18:34,28,Disney Adventure World,Toon Studio,7281,Toy Soldiers Parachute Drop Single Rider,1,20,2026-10-08T16:30:05Z
2026-10-08T16:34:13Z,2026-10-08,18:34,28,Disney Adventure World,World of Frozen,15413,Frozen Ever After,1,60,2026-10-08T16:30:05Z
2026-10-08T16:34:13Z,2026-10-08,18:34,28,Disney Adventure World,World of Frozen,15422,Frozen Ever After Single Rider,1,35,2026-10-08T16:30:05Z
2026-10-08T16:34:13Z,2026-10-08,18:34,28,Disney Adventure World,World of Frozen,15415,Raiponce Tangled Spin,1,5,2026-10-08T16:30:05Z
2026-10-08T16:49:09Z,2026-10-08,18:49,4,Disneyland Park,Adventureland,2702,Adventure Isle,1,0,2026-10-08T16:45:05Z
2026-10-08T16:49:09Z,2026-10-08,18:49,4,Disneyland Park,Adventureland,7306,Indiana Jones and the Temple of Peril Single Rider,1,20,2026-10-08T16:45:05Z
2026-10-08T16:49:09Z,2026-10-08,18:49,4,Disneyland Park,Adventureland,2,Indiana Jones™ and the Temple of Peril,1,35,2026-10-08T16:45:05Z
2026-10-08T16:49:09Z,2026-10-08,18:49,4,Disneyland Park,Adventureland,1,La Cabane des Robinson,1,5,2026-10-08T16:45:05Z
2026-10-08T16:49:09Z,2026-10-08,18:49,4,Disneyland Park,Adventureland,2703,Le Passage Enchanté d'Aladdin,1,0,2026-10-08T16:45:05Z
2026-10-08T16:49:09Z,2026-10-08,18:49,4,Disneyland Park,Adventureland,2705,Pirate Galleon,0,0,2026-10-08T16:45:05Z
2026-10-08T16:49:09Z,2026-10-08,18:49,4,Disneyland Park,Adventureland,3,Pirates of the Caribbean,1,10,2026-10-08T16:45:05Z
2026-10-08T16:49:09Z,2026-10-08,18:49,4,Disneyland Park,Adventureland,2704,Pirates' Beach,0,0,2026-10-08T16:45:05Z
2026-10-08T16:49:09Z,2026-10-08,18:49,4,Disneyland Park,Discoveryland,4,"Autopia, presented by Avis",1,25,2026-10-08T16:45:05Z
2026-10-08T16:49:09Z,2026-10-08,18:49,4,Disneyland Park,Discoveryland,5,Buzz Lightyear Laser Blast,0,0,2026-10-08T16:45:05Z
2026-10-08T16:49:09Z,2026-10-08,18:49,4,Disneyland Park,Discoveryland,2706,Disneyland Railroad Discoveryland Station,0,0,2026-10-08T16:45:05Z
2026-10-08T16:49:09Z,2026-10-08,18:49,4,Disneyland Park,Discoveryland,6,Les Mystères du Nautilus,1,5,2026-10-08T16:45:05Z
2026-10-08T16:49:09Z,2026-10-08,18:49,4,Disneyland Park,Discoveryland,2707,Mickey’s PhilharMagic,0,0,2026-10-08T16:45:05Z
2026-10-08T16:49:09Z,2026-10-08,18:49,4,Disneyland Park,Discoveryland,7,Orbitron®,1,45,2026-10-08T16:45:05Z
2026-10-08T16:49:09Z,2026-10-08,18:49,4,Disneyland Park,Discoveryland,9,Star Tours: The Adventures Continue*,1,10,2026-10-08T16:45:05Z
2026-10-08T16:49:09Z,2026-10-08,18:49,4,Disneyland Park,Discoveryland,8,Star Wars Hyperspace Mountain,1,30,2026-10-08T16:45:05Z
2026-10-08T16:49:09Z,2026-10-08,18:49,4,Disneyland Park,Discoveryland,7278,Star Wars Hyperspace Mountain Single Rider,1,25,2026-10-08T16:45:05Z
2026-10-08T16:49:09Z,2026-10-08,18:49,4,Disneyland Park,Discoveryland,4573,Welcome to Starport: A Star Wars Encounter,0,0,2026-10-08T16:45:05Z
2026-10-08T16:49:09Z,2026-10-08,18:49,4,Disneyland Park,Fantasyland,19,"""it's a small world""",1,5,2026-10-08T16:45:05Z
2026-10-08T16:49:09Z,2026-10-08,18:49,4,Disneyland Park,Fantasyland,14,Alice's Curious Labyrinth,1,5,2026-10-08T16:45:05Z
2026-10-08T16:49:09Z,2026-10-08,18:49,4,Disneyland Park,Fantasyland,15,Blanche-Neige et les Sept Nains®,1,20,2026-10-08T16:45:05Z
2026-10-08T16:49:09Z,2026-10-08,18:49,4,Disneyland Park,Fantasyland,17,Casey Jr. – le Petit Train du Cirque,1,10,2026-10-08T16:45:05Z
2026-10-08T16:49:09Z,2026-10-08,18:49,4,Disneyland Park,Fantasyland,2711,Disneyland Railroad Fantasyland Station,0,0,2026-10-08T16:45:05Z
2026-10-08T16:49:09Z,2026-10-08,18:49,4,Disneyland Park,Fantasyland,11,Disneyland Railroad Main Street Station,0,0,2026-10-08T16:45:05Z
2026-10-08T16:49:09Z,2026-10-08,18:49,4,Disneyland Park,Fantasyland,18,Dumbo the Flying Elephant,1,25,2026-10-08T16:45:05Z
2026-10-08T16:49:09Z,2026-10-08,18:49,4,Disneyland Park,Fantasyland,2710,La Tanière du Dragon,1,0,2026-10-08T16:45:05Z
2026-10-08T16:49:09Z,2026-10-08,18:49,4,Disneyland Park,Fantasyland,16,Le Carrousel de Lancelot,1,10,2026-10-08T16:45:05Z
2026-10-08T16:49:09Z,2026-10-08,18:49,4,Disneyland Park,Fantasyland,21,"Le Pays des Contes de Fées, presented by Vittel",1,5,2026-10-08T16:45:05Z
2026-10-08T16:49:09Z,2026-10-08,18:49,4,Disneyland Park,Fantasyland,23,Les Voyages de Pinocchio,1,30,2026-10-08T16:45:05Z
2026-10-08T16:49:09Z,2026-10-08,18:49,4,Disneyland Park,Fantasyland,20,Mad Hatter's Tea Cups,1,5,2026-10-08T16:45:05Z
2026-10-08T16:49:09Z,2026-10-08,18:49,4,Disneyland Park,Fantasyland,13,Meet Mickey Mouse,0,0,2026-10-08T16:45:05Z
2026-10-08T16:49:09Z,2026-10-08,18:49,4,Disneyland Park,Fantasyland,22,Peter Pan's Flight,1,70,2026-10-08T16:45:05Z
2026-10-08T16:49:09Z,2026-10-08,18:49,4,Disneyland Park,Fantasyland,24,Princess Pavilion,0,0,2026-10-08T16:45:05Z
2026-10-08T16:49:09Z,2026-10-08,18:49,4,Disneyland Park,Frontierland,25,Big Thunder Mountain,1,55,2026-10-08T16:45:05Z
2026-10-08T16:49:09Z,2026-10-08,18:49,4,Disneyland Park,Frontierland,2714,Disneyland Railroad Frontierland Depot,0,0,2026-10-08T16:45:05Z
2026-10-08T16:49:09Z,2026-10-08,18:49,4,Disneyland Park,Frontierland,2713,Frontierland Playground,1,0,2026-10-08T16:45:05Z
2026-10-08T16:49:09Z,2026-10-08,18:49,4,Disneyland Park,Frontierland,26,Phantom Manor,1,25,2026-10-08T16:45:05Z
2026-10-08T16:49:09Z,2026-10-08,18:49,4,Disneyland Park,Frontierland,27,River Rogue Keelboats,0,0,2026-10-08T16:45:05Z
2026-10-08T16:49:09Z,2026-10-08,18:49,4,Disneyland Park,Frontierland,2712,Rustler Roundup Shootin' Gallery,1,0,2026-10-08T16:45:05Z
2026-10-08T16:49:09Z,2026-10-08,18:49,4,Disneyland Park,Frontierland,28,Thunder Mesa Riverboat Landing,0,0,2026-10-08T16:45:05Z
2026-10-08T16:49:09Z,2026-10-08,18:49,4,Disneyland Park,Main Street U.S.A,2708,Disneyland Railroad Main Street Station,0,0,2026-10-08T16:45:05Z
2026-10-08T16:49:09Z,2026-10-08,18:49,4,Disneyland Park,Main Street U.S.A,12,Main Street Vehicles,0,0,2026-10-08T16:45:05Z
2026-10-08T16:49:09Z,2026-10-08,18:49,28,Disney Adventure World,Marvel Avengers Campus,10848,Avengers Assemble: Flight Force,1,15,2026-10-08T16:45:05Z
2026-10-08T16:49:09Z,2026-10-08,18:49,28,Disney Adventure World,Marvel Avengers Campus,10849,Avengers Assemble: Flight Force Single Rider,1,10,2026-10-08T16:45:05Z
2026-10-08T16:49:09Z,2026-10-08,18:49,28,Disney Adventure World,Marvel Avengers Campus,10845,Spider-Man W.E.B. Adventure,1,50,2026-10-08T16:45:05Z
2026-10-08T16:49:09Z,2026-10-08,18:49,28,Disney Adventure World,Marvel Avengers Campus,10846,Spider-Man W.E.B. Adventure Single Rider,1,20,2026-10-08T16:45:05Z
2026-10-08T16:49:09Z,2026-10-08,18:49,28,Disney Adventure World,Production Courtyard,266,Meet Spider Man,0,0,2026-10-08T16:45:05Z
2026-10-08T16:49:09Z,2026-10-08,18:49,28,Disney Adventure World,Production Courtyard,40,The Twilight Zone Tower of Terror,1,25,2026-10-08T16:45:05Z
2026-10-08T16:49:09Z,2026-10-08,18:49,28,Disney Adventure World,Toon Studio,30,Art of Disney Animation,0,0,2026-10-08T16:45:05Z
2026-10-08T16:49:09Z,2026-10-08,18:49,28,Disney Adventure World,Toon Studio,31,Cars Quatre Roues Rallye,1,5,2026-10-08T16:45:05Z
2026-10-08T16:49:09Z,2026-10-08,18:49,28,Disney Adventure World,Toon Studio,29,Cars ROAD TRIP,1,5,2026-10-08T16:45:05Z
2026-10-08T16:49:09Z,2026-10-08,18:49,28,Disney Adventure World,Toon Studio,32,Crush's Coaster,0,0,2026-10-08T16:45:05Z
2026-10-08T16:49:09Z,2026-10-08,18:49,28,Disney Adventure World,Toon Studio,7277,Crush's Coaster Single Rider,0,0,2026-10-08T16:45:05Z
2026-10-08T16:49:09Z,2026-10-08,18:49,28,Disney Adventure World,Toon Studio,33,Les Tapis Volants - Flying Carpets Over Agrabah®,1,10,2026-10-08T16:45:05Z
2026-10-08T16:49:09Z,2026-10-08,18:49,28,Disney Adventure World,Toon Studio,37,Ratatouille : L’Aventure Totalement Toquée de Rémy​,1,45,2026-10-08T16:45:05Z
2026-10-08T16:49:09Z,2026-10-08,18:49,28,Disney Adventure World,Toon Studio,7279,Ratatouille: The Adventure Single Rider,1,10,2026-10-08T16:45:05Z
2026-10-08T16:49:09Z,2026-10-08,18:49,28,Disney Adventure World,Toon Studio,34,RC Racer,1,30,2026-10-08T16:45:05Z
2026-10-08T16:49:09Z,2026-10-08,18:49,28,Disney Adventure World,Toon Studio,7280,RC Racer Single Rider,1,25,2026-10-08T16:45:05Z
2026-10-08T16:49:09Z,2026-10-08,18:49,28,Disney Adventure World,Toon Studio,36,Slinky® Dog Zigzag Spin,1,10,2026-10-08T16:45:05Z
2026-10-08T16:49:09Z,2026-10-08,18:49,28,Disney Adventure World,Toon Studio,35,Toy Soldiers Parachute Drop,1,45,2026-10-08T16:45:05Z
2026-10-08T16:49:09Z,2026-10-08,18:49,28,Disney Adventure World,Toon Studio,7281,Toy Soldiers Parachute Drop Single Rider,1,15,2026-10-08T16:45:05Z
2026-10-08T16:49:09Z,2026-10-08,18:49,28,Disney Adventure World,World of Frozen,15413,Frozen Ever After,1,60,2026-10-08T16:45:05Z
2026-10-08T16:49:09Z,2026-10-08,18:49,28,Disney Adventure World,World of Frozen,15422,Frozen Ever After Single Rider,1,40,2026-10-08T16:45:05Z
2026-10-08T16:49:09Z,2026-10-08,18:49,28,Disney Adventure World,World of Frozen,15415,Raiponce Tangled Spin,1,5,2026-10-08T16:45:05Z
2026-10-08T17:04:13Z,2026-10-08,19:04,4,Disneyland Park,Adventureland,2702,Adventure Isle,1,0,2026-10-08T17:00:06Z
2026-10-08T17:04:13Z,2026-10-08,19:04,4,Disneyland Park,Adventureland,7306,Indiana Jones and the Temple of Peril Single Rider,1,15,2026-10-08T17:00:06Z
2026-10-08T17:04:13Z,2026-10-08,19:04,4,Disneyland Park,Adventureland,2,Indiana Jones™ and the Temple of Peril,1,35,2026-10-08T17:00:06Z
2026-10-08T17:04:13Z,2026-10-08,19:04,4,Disneyland Park,Adventureland,1,La Cabane des Robinson,1,5,2026-10-08T17:00:06Z
2026-10-08T17:04:13Z,2026-10-08,19:04,4,Disneyland Park,Adventureland,2703,Le Passage Enchanté d'Aladdin,1,0,2026-10-08T17:00:06Z
2026-10-08T17:04:13Z,2026-10-08,19:04,4,Disneyland Park,Adventureland,2705,Pirate Galleon,0,0,2026-10-08T17:00:06Z
2026-10-08T17:04:13Z,2026-10-08,19:04,4,Disneyland Park,Adventureland,3,Pirates of the Caribbean,1,10,2026-10-08T17:00:06Z
2026-10-08T17:04:13Z,2026-10-08,19:04,4,Disneyland Park,Adventureland,2704,Pirates' Beach,0,0,2026-10-08T17:00:06Z
2026-10-08T17:04:13Z,2026-10-08,19:04,4,Disneyland Park,Discoveryland,4,"Autopia, presented by Avis",1,25,2026-10-08T17:00:06Z
2026-10-08T17:04:13Z,2026-10-08,19:04,4,Disneyland Park,Discoveryland,5,Buzz Lightyear Laser Blast,0,0,2026-10-08T17:00:06Z
2026-10-08T17:04:13Z,2026-10-08,19:04,4,Disneyland Park,Discoveryland,2706,Disneyland Railroad Discoveryland Station,0,0,2026-10-08T17:00:06Z
2026-10-08T17:04:13Z,2026-10-08,19:04,4,Disneyland Park,Discoveryland,6,Les Mystères du Nautilus,1,5,2026-10-08T17:00:06Z
2026-10-08T17:04:13Z,2026-10-08,19:04,4,Disneyland Park,Discoveryland,2707,Mickey’s PhilharMagic,0,0,2026-10-08T17:00:06Z
2026-10-08T17:04:13Z,2026-10-08,19:04,4,Disneyland Park,Discoveryland,7,Orbitron®,1,45,2026-10-08T17:00:06Z
2026-10-08T17:04:13Z,2026-10-08,19:04,4,Disneyland Park,Discoveryland,9,Star Tours: The Adventures Continue*,1,15,2026-10-08T17:00:06Z
2026-10-08T17:04:13Z,2026-10-08,19:04,4,Disneyland Park,Discoveryland,8,Star Wars Hyperspace Mountain,1,30,2026-10-08T17:00:06Z
2026-10-08T17:04:13Z,2026-10-08,19:04,4,Disneyland Park,Discoveryland,7278,Star Wars Hyperspace Mountain Single Rider,1,25,2026-10-08T17:00:06Z
2026-10-08T17:04:13Z,2026-10-08,19:04,4,Disneyland Park,Discoveryland,4573,Welcome to Starport: A Star Wars Encounter,0,0,2026-10-08T17:00:06Z
2026-10-08T17:04:13Z,2026-10-08,19:04,4,Disneyland Park,Fantasyland,19,"""it's a small world""",1,5,2026-10-08T17:00:06Z
2026-10-08T17:04:13Z,2026-10-08,19:04,4,Disneyland Park,Fantasyland,14,Alice's Curious Labyrinth,1,5,2026-10-08T17:00:06Z
2026-10-08T17:04:13Z,2026-10-08,19:04,4,Disneyland Park,Fantasyland,15,Blanche-Neige et les Sept Nains®,1,20,2026-10-08T17:00:06Z
2026-10-08T17:04:13Z,2026-10-08,19:04,4,Disneyland Park,Fantasyland,17,Casey Jr. – le Petit Train du Cirque,1,20,2026-10-08T17:00:06Z
2026-10-08T17:04:13Z,2026-10-08,19:04,4,Disneyland Park,Fantasyland,2711,Disneyland Railroad Fantasyland Station,0,0,2026-10-08T17:00:06Z
2026-10-08T17:04:13Z,2026-10-08,19:04,4,Disneyland Park,Fantasyland,11,Disneyland Railroad Main Street Station,0,0,2026-10-08T17:00:06Z
2026-10-08T17:04:13Z,2026-10-08,19:04,4,Disneyland Park,Fantasyland,18,Dumbo the Flying Elephant,1,25,2026-10-08T17:00:06Z
2026-10-08T17:04:13Z,2026-10-08,19:04,4,Disneyland Park,Fantasyland,2710,La Tanière du Dragon,1,0,2026-10-08T17:00:06Z
2026-10-08T17:04:13Z,2026-10-08,19:04,4,Disneyland Park,Fantasyland,16,Le Carrousel de Lancelot,1,10,2026-10-08T17:00:06Z
2026-10-08T17:04:13Z,2026-10-08,19:04,4,Disneyland Park,Fantasyland,21,"Le Pays des Contes de Fées, presented by Vittel",1,5,2026-10-08T17:00:06Z
2026-10-08T17:04:13Z,2026-10-08,19:04,4,Disneyland Park,Fantasyland,23,Les Voyages de Pinocchio,1,15,2026-10-08T17:00:06Z
2026-10-08T17:04:13Z,2026-10-08,19:04,4,Disneyland Park,Fantasyland,20,Mad Hatter's Tea Cups,1,5,2026-10-08T17:00:06Z
2026-10-08T17:04:13Z,2026-10-08,19:04,4,Disneyland Park,Fantasyland,13,Meet Mickey Mouse,0,0,2026-10-08T17:00:06Z
2026-10-08T17:04:13Z,2026-10-08,19:04,4,Disneyland Park,Fantasyland,22,Peter Pan's Flight,1,65,2026-10-08T17:00:06Z
2026-10-08T17:04:13Z,2026-10-08,19:04,4,Disneyland Park,Fantasyland,24,Princess Pavilion,0,0,2026-10-08T17:00:06Z
2026-10-08T17:04:13Z,2026-10-08,19:04,4,Disneyland Park,Frontierland,25,Big Thunder Mountain,0,0,2026-10-08T17:00:06Z
2026-10-08T17:04:13Z,2026-10-08,19:04,4,Disneyland Park,Frontierland,2714,Disneyland Railroad Frontierland Depot,0,0,2026-10-08T17:00:06Z
2026-10-08T17:04:13Z,2026-10-08,19:04,4,Disneyland Park,Frontierland,2713,Frontierland Playground,1,0,2026-10-08T17:00:06Z
2026-10-08T17:04:13Z,2026-10-08,19:04,4,Disneyland Park,Frontierland,26,Phantom Manor,1,25,2026-10-08T17:00:06Z
2026-10-08T17:04:13Z,2026-10-08,19:04,4,Disneyland Park,Frontierland,27,River Rogue Keelboats,0,0,2026-10-08T17:00:06Z
2026-10-08T17:04:13Z,2026-10-08,19:04,4,Disneyland Park,Frontierland,2712,Rustler Roundup Shootin' Gallery,1,0,2026-10-08T17:00:06Z
2026-10-08T17:04:13Z,2026-10-08,19:04,4,Disneyland Park,Frontierland,28,Thunder Mesa Riverboat Landing,0,0,2026-10-08T17:00:06Z
2026-10-08T17:04:13Z,2026-10-08,19:04,4,Disneyland Park,Main Street U.S.A,2708,Disneyland Railroad Main Street Station,0,0,2026-10-08T17:00:06Z
2026-10-08T17:04:13Z,2026-10-08,19:04,4,Disneyland Park,Main Street U.S.A,12,Main Street Vehicles,0,0,2026-10-08T17:00:06Z
2026-10-08T17:04:13Z,2026-10-08,19:04,28,Disney Adventure World,Marvel Avengers Campus,10848,Avengers Assemble: Flight Force,1,15,2026-10-08T17:00:06Z
2026-10-08T17:04:13Z,2026-10-08,19:04,28,Disney Adventure World,Marvel Avengers Campus,10849,Avengers Assemble: Flight Force Single Rider,1,10,2026-10-08T17:00:06Z
2026-10-08T17:04:13Z,2026-10-08,19:04,28,Disney Adventure World,Marvel Avengers Campus,10845,Spider-Man W.E.B. Adventure,1,60,2026-10-08T17:00:06Z
2026-10-08T17:04:13Z,2026-10-08,19:04,28,Disney Adventure World,Marvel Avengers Campus,10846,Spider-Man W.E.B. Adventure Single Rider,1,20,2026-10-08T17:00:06Z
2026-10-08T17:04:13Z,2026-10-08,19:04,28,Disney Adventure World,Production Courtyard,266,Meet Spider Man,0,0,2026-10-08T17:00:06Z
2026-10-08T17:04:13Z,2026-10-08,19:04,28,Disney Adventure World,Production Courtyard,40,The Twilight Zone Tower of Terror,1,40,2026-10-08T17:00:06Z
2026-10-08T17:04:13Z,2026-10-08,19:04,28,Disney Adventure World,Toon Studio,30,Art of Disney Animation,0,0,2026-10-08T17:00:06Z
2026-10-08T17:04:13Z,2026-10-08,19:04,28,Disney Adventure World,Toon Studio,31,Cars Quatre Roues Rallye,1,5,2026-10-08T17:00:06Z
2026-10-08T17:04:13Z,2026-10-08,19:04,28,Disney Adventure World,Toon Studio,29,Cars ROAD TRIP,1,5,2026-10-08T17:00:06Z
2026-10-08T17:04:13Z,2026-10-08,19:04,28,Disney Adventure World,Toon Studio,32,Crush's Coaster,0,0,2026-10-08T17:00:06Z
2026-10-08T17:04:13Z,2026-10-08,19:04,28,Disney Adventure World,Toon Studio,7277,Crush's Coaster Single Rider,0,0,2026-10-08T17:00:06Z
2026-10-08T17:04:13Z,2026-10-08,19:04,28,Disney Adventure World,Toon Studio,33,Les Tapis Volants - Flying Carpets Over Agrabah®,1,10,2026-10-08T17:00:06Z
2026-10-08T17:04:13Z,2026-10-08,19:04,28,Disney Adventure World,Toon Studio,37,Ratatouille : L’Aventure Totalement Toquée de Rémy​,1,45,2026-10-08T17:00:06Z
2026-10-08T17:04:13Z,2026-10-08,19:04,28,Disney Adventure World,Toon Studio,7279,Ratatouille: The Adventure Single Rider,1,10,2026-10-08T17:00:06Z
2026-10-08T17:04:13Z,2026-10-08,19:04,28,Disney Adventure World,Toon Studio,34,RC Racer,1,35,2026-10-08T17:00:06Z
2026-10-08T17:04:13Z,2026-10-08,19:04,28,Disney Adventure World,Toon Studio,7280,RC Racer Single Rider,1,30,2026-10-08T17:00:06Z
2026-10-08T17:04:13Z,2026-10-08,19:04,28,Disney Adventure World,Toon Studio,36,Slinky® Dog Zigzag Spin,1,10,2026-10-08T17:00:06Z
2026-10-08T17:04:13Z,2026-10-08,19:04,28,Disney Adventure World,Toon Studio,35,Toy Soldiers Parachute Drop,1,45,2026-10-08T17:00:06Z
2026-10-08T17:04:13Z,2026-10-08,19:04,28,Disney Adventure World,Toon Studio,7281,Toy Soldiers Parachute Drop Single Rider,1,10,2026-10-08T17:00:06Z
2026-10-08T17:04:13Z,2026-10-08,19:04,28,Disney Adventure World,World of Frozen,15413,Frozen Ever After,1,50,2026-10-08T17:00:06Z
2026-10-08T17:04:13Z,2026-10-08,19:04,28,Disney Adventure World,World of Frozen,15422,Frozen Ever After Single Rider,1,20,2026-10-08T17:00:06Z
2026-10-08T17:04:13Z,2026-10-08,19:04,28,Disney Adventure World,World of Frozen,15415,Raiponce Tangled Spin,1,5,2026-10-08T17:00:06Z
2026-10-08T17:19:10Z,2026-10-08,19:19,4,Disneyland Park,Adventureland,2702,Adventure Isle,1,0,2026-10-08T17:15:04Z
2026-10-08T17:19:10Z,2026-10-08,19:19,4,Disneyland Park,Adventureland,7306,Indiana Jones and the Temple of Peril Single Rider,1,30,2026-10-08T17:15:04Z
2026-10-08T17:19:10Z,2026-10-08,19:19,4,Disneyland Park,Adventureland,2,Indiana Jones™ and the Temple of Peril,1,35,2026-10-08T17:15:04Z
2026-10-08T17:19:10Z,2026-10-08,19:19,4,Disneyland Park,Adventureland,1,La Cabane des Robinson,1,5,2026-10-08T17:15:04Z
2026-10-08T17:19:10Z,2026-10-08,19:19,4,Disneyland Park,Adventureland,2703,Le Passage Enchanté d'Aladdin,1,0,2026-10-08T17:15:04Z
2026-10-08T17:19:10Z,2026-10-08,19:19,4,Disneyland Park,Adventureland,2705,Pirate Galleon,0,0,2026-10-08T17:15:04Z
2026-10-08T17:19:10Z,2026-10-08,19:19,4,Disneyland Park,Adventureland,3,Pirates of the Caribbean,1,5,2026-10-08T17:15:04Z
2026-10-08T17:19:10Z,2026-10-08,19:19,4,Disneyland Park,Adventureland,2704,Pirates' Beach,0,0,2026-10-08T17:15:04Z
2026-10-08T17:19:10Z,2026-10-08,19:19,4,Disneyland Park,Discoveryland,4,"Autopia, presented by Avis",1,25,2026-10-08T17:15:04Z
2026-10-08T17:19:10Z,2026-10-08,19:19,4,Disneyland Park,Discoveryland,5,Buzz Lightyear Laser Blast,0,0,2026-10-08T17:15:04Z
2026-10-08T17:19:10Z,2026-10-08,19:19,4,Disneyland Park,Discoveryland,2706,Disneyland Railroad Discoveryland Station,0,0,2026-10-08T17:15:04Z
2026-10-08T17:19:10Z,2026-10-08,19:19,4,Disneyland Park,Discoveryland,6,Les Mystères du Nautilus,1,5,2026-10-08T17:15:04Z
2026-10-08T17:19:10Z,2026-10-08,19:19,4,Disneyland Park,Discoveryland,2707,Mickey’s PhilharMagic,0,0,2026-10-08T17:15:04Z
2026-10-08T17:19:10Z,2026-10-08,19:19,4,Disneyland Park,Discoveryland,7,Orbitron®,1,45,2026-10-08T17:15:04Z
2026-10-08T17:19:10Z,2026-10-08,19:19,4,Disneyland Park,Discoveryland,9,Star Tours: The Adventures Continue*,1,10,2026-10-08T17:15:04Z
2026-10-08T17:19:10Z,2026-10-08,19:19,4,Disneyland Park,Discoveryland,8,Star Wars Hyperspace Mountain,1,30,2026-10-08T17:15:04Z
2026-10-08T17:19:10Z,2026-10-08,19:19,4,Disneyland Park,Discoveryland,7278,Star Wars Hyperspace Mountain Single Rider,1,20,2026-10-08T17:15:04Z
2026-10-08T17:19:10Z,2026-10-08,19:19,4,Disneyland Park,Discoveryland,4573,Welcome to Starport: A Star Wars Encounter,0,0,2026-10-08T17:15:04Z
2026-10-08T17:19:10Z,2026-10-08,19:19,4,Disneyland Park,Fantasyland,19,"""it's a small world""",1,5,2026-10-08T17:15:04Z
2026-10-08T17:19:10Z,2026-10-08,19:19,4,Disneyland Park,Fantasyland,14,Alice's Curious Labyrinth,0,0,2026-10-08T17:15:04Z
2026-10-08T17:19:10Z,2026-10-08,19:19,4,Disneyland Park,Fantasyland,15,Blanche-Neige et les Sept Nains®,1,15,2026-10-08T17:15:04Z
2026-10-08T17:19:10Z,2026-10-08,19:19,4,Disneyland Park,Fantasyland,17,Casey Jr. – le Petit Train du Cirque,0,0,2026-10-08T17:15:04Z
2026-10-08T17:19:10Z,2026-10-08,19:19,4,Disneyland Park,Fantasyland,2711,Disneyland Railroad Fantasyland Station,0,0,2026-10-08T17:15:04Z
2026-10-08T17:19:10Z,2026-10-08,19:19,4,Disneyland Park,Fantasyland,11,Disneyland Railroad Main Street Station,0,0,2026-10-08T17:15:04Z
2026-10-08T17:19:10Z,2026-10-08,19:19,4,Disneyland Park,Fantasyland,18,Dumbo the Flying Elephant,1,25,2026-10-08T17:15:04Z
2026-10-08T17:19:10Z,2026-10-08,19:19,4,Disneyland Park,Fantasyland,2710,La Tanière du Dragon,1,0,2026-10-08T17:15:04Z
2026-10-08T17:19:10Z,2026-10-08,19:19,4,Disneyland Park,Fantasyland,16,Le Carrousel de Lancelot,1,10,2026-10-08T17:15:04Z
2026-10-08T17:19:10Z,2026-10-08,19:19,4,Disneyland Park,Fantasyland,21,"Le Pays des Contes de Fées, presented by Vittel",0,0,2026-10-08T17:15:04Z
2026-10-08T17:19:10Z,2026-10-08,19:19,4,Disneyland Park,Fantasyland,23,Les Voyages de Pinocchio,1,20,2026-10-08T17:15:04Z
2026-10-08T17:19:10Z,2026-10-08,19:19,4,Disneyland Park,Fantasyland,20,Mad Hatter's Tea Cups,1,5,2026-10-08T17:15:04Z
2026-10-08T17:19:10Z,2026-10-08,19:19,4,Disneyland Park,Fantasyland,13,Meet Mickey Mouse,0,0,2026-10-08T17:15:04Z
2026-10-08T17:19:10Z,2026-10-08,19:19,4,Disneyland Park,Fantasyland,22,Peter Pan's Flight,1,75,2026-10-08T17:15:04Z
2026-10-08T17:19:10Z,2026-10-08,19:19,4,Disneyland Park,Fantasyland,24,Princess Pavilion,0,0,2026-10-08T17:15:04Z
2026-10-08T17:19:10Z,2026-10-08,19:19,4,Disneyland Park,Frontierland,25,Big Thunder Mountain,1,70,2026-10-08T17:15:04Z
2026-10-08T17:19:10Z,2026-10-08,19:19,4,Disneyland Park,Frontierland,2714,Disneyland Railroad Frontierland Depot,0,0,2026-10-08T17:15:04Z
2026-10-08T17:19:10Z,2026-10-08,19:19,4,Disneyland Park,Frontierland,2713,Frontierland Playground,0,0,2026-10-08T17:15:04Z
2026-10-08T17:19:10Z,2026-10-08,19:19,4,Disneyland Park,Frontierland,26,Phantom Manor,1,25,2026-10-08T17:15:04Z
2026-10-08T17:19:10Z,2026-10-08,19:19,4,Disneyland Park,Frontierland,27,River Rogue Keelboats,0,0,2026-10-08T17:15:04Z
2026-10-08T17:19:10Z,2026-10-08,19:19,4,Disneyland Park,Frontierland,2712,Rustler Roundup Shootin' Gallery,1,0,2026-10-08T17:15:04Z
2026-10-08T17:19:10Z,2026-10-08,19:19,4,Disneyland Park,Frontierland,28,Thunder Mesa Riverboat Landing,0,0,2026-10-08T17:15:04Z
2026-10-08T17:19:10Z,2026-10-08,19:19,4,Disneyland Park,Main Street U.S.A,2708,Disneyland Railroad Main Street Station,0,0,2026-10-08T17:15:04Z
2026-10-08T17:19:10Z,2026-10-08,19:19,4,Disneyland Park,Main Street U.S.A,12,Main Street Vehicles,0,0,2026-10-08T17:15:04Z
2026-10-08T17:19:10Z,2026-10-08,19:19,28,Disney Adventure World,Marvel Avengers Campus,10848,Avengers Assemble: Flight Force,1,15,2026-10-08T17:15:04Z
2026-10-08T17:19:10Z,2026-10-08,19:19,28,Disney Adventure World,Marvel Avengers Campus,10849,Avengers Assemble: Flight Force Single Rider,1,10,2026-10-08T17:15:04Z
2026-10-08T17:19:10Z,2026-10-08,19:19,28,Disney Adventure World,Marvel Avengers Campus,10845,Spider-Man W.E.B. Adventure,1,30,2026-10-08T17:15:04Z
2026-10-08T17:19:10Z,2026-10-08,19:19,28,Disney Adventure World,Marvel Avengers Campus,10846,Spider-Man W.E.B. Adventure Single Rider,1,5,2026-10-08T17:15:04Z
2026-10-08T17:19:10Z,2026-10-08,19:19,28,Disney Adventure World,Production Courtyard,266,Meet Spider Man,0,0,2026-10-08T17:15:04Z
2026-10-08T17:19:10Z,2026-10-08,19:19,28,Disney Adventure World,Production Courtyard,40,The Twilight Zone Tower of Terror,1,35,2026-10-08T17:15:04Z
2026-10-08T17:19:10Z,2026-10-08,19:19,28,Disney Adventure World,Toon Studio,30,Art of Disney Animation,0,0,2026-10-08T17:15:04Z
2026-10-08T17:19:10Z,2026-10-08,19:19,28,Disney Adventure World,Toon Studio,31,Cars Quatre Roues Rallye,1,10,2026-10-08T17:15:04Z
2026-10-08T17:19:10Z,2026-10-08,19:19,28,Disney Adventure World,Toon Studio,29,Cars ROAD TRIP,1,5,2026-10-08T17:15:04Z
2026-10-08T17:19:10Z,2026-10-08,19:19,28,Disney Adventure World,Toon Studio,32,Crush's Coaster,0,0,2026-10-08T17:15:04Z
2026-10-08T17:19:10Z,2026-10-08,19:19,28,Disney Adventure World,Toon Studio,7277,Crush's Coaster Single Rider,0,0,2026-10-08T17:15:04Z
2026-10-08T17:19:10Z,2026-10-08,19:19,28,Disney Adventure World,Toon Studio,33,Les Tapis Volants - Flying Carpets Over Agrabah®,1,10,2026-10-08T17:15:04Z
2026-10-08T17:19:10Z,2026-10-08,19:19,28,Disney Adventure World,Toon Studio,37,Ratatouille : L’Aventure Totalement Toquée de Rémy​,1,40,2026-10-08T17:15:04Z
2026-10-08T17:19:10Z,2026-10-08,19:19,28,Disney Adventure World,Toon Studio,7279,Ratatouille: The Adventure Single Rider,1,10,2026-10-08T17:15:04Z
2026-10-08T17:19:10Z,2026-10-08,19:19,28,Disney Adventure World,Toon Studio,34,RC Racer,1,35,2026-10-08T17:15:04Z
2026-10-08T17:19:10Z,2026-10-08,19:19,28,Disney Adventure World,Toon Studio,7280,RC Racer Single Rider,1,20,2026-10-08T17:15:04Z
2026-10-08T17:19:10Z,2026-10-08,19:19,28,Disney Adventure World,Toon Studio,36,Slinky® Dog Zigzag Spin,1,10,2026-10-08T17:15:04Z
2026-10-08T17:19:10Z,2026-10-08,19:19,28,Disney Adventure World,Toon Studio,35,Toy Soldiers Parachute Drop,1,40,2026-10-08T17:15:04Z
2026-10-08T17:19:10Z,2026-10-08,19:19,28,Disney Adventure World,Toon Studio,7281,Toy Soldiers Parachute Drop Single Rider,1,10,2026-10-08T17:15:04Z
2026-10-08T17:19:10Z,2026-10-08,19:19,28,Disney Adventure World,World of Frozen,15413,Frozen Ever After,1,50,2026-10-08T17:15:04Z
2026-10-08T17:19:10Z,2026-10-08,19:19,28,Disney Adventure World,World of Frozen,15422,Frozen Ever After Single Rider,1,30,2026-10-08T17:15:04Z
2026-10-08T17:19:10Z,2026-10-08,19:19,28,Disney Adventure World,World of Frozen,15415,Raiponce Tangled Spin,1,5,2026-10-08T17:15:04Z
2026-10-08T17:34:13Z,2026-10-08,19:34,4,Disneyland Park,Adventureland,2702,Adventure Isle,1,0,2026-10-08T17:30:04Z
2026-10-08T17:34:13Z,2026-10-08,19:34,4,Disneyland Park,Adventureland,7306,Indiana Jones and the Temple of Peril Single Rider,1,25,2026-10-08T17:30:04Z
2026-10-08T17:34:13Z,2026-10-08,19:34,4,Disneyland Park,Adventureland,2,Indiana Jones™ and the Temple of Peril,1,35,2026-10-08T17:30:04Z
2026-10-08T17:34:13Z,2026-10-08,19:34,4,Disneyland Park,Adventureland,1,La Cabane des Robinson,1,5,2026-10-08T17:30:04Z
2026-10-08T17:34:13Z,2026-10-08,19:34,4,Disneyland Park,Adventureland,2703,Le Passage Enchanté d'Aladdin,1,0,2026-10-08T17:30:04Z
2026-10-08T17:34:13Z,2026-10-08,19:34,4,Disneyland Park,Adventureland,2705,Pirate Galleon,0,0,2026-10-08T17:30:04Z
2026-10-08T17:34:13Z,2026-10-08,19:34,4,Disneyland Park,Adventureland,3,Pirates of the Caribbean,1,5,2026-10-08T17:30:04Z
2026-10-08T17:34:13Z,2026-10-08,19:34,4,Disneyland Park,Adventureland,2704,Pirates' Beach,0,0,2026-10-08T17:30:04Z
2026-10-08T17:34:13Z,2026-10-08,19:34,4,Disneyland Park,Discoveryland,4,"Autopia, presented by Avis",1,25,2026-10-08T17:30:04Z
2026-10-08T17:34:13Z,2026-10-08,19:34,4,Disneyland Park,Discoveryland,5,Buzz Lightyear Laser Blast,0,0,2026-10-08T17:30:04Z
2026-10-08T17:34:13Z,2026-10-08,19:34,4,Disneyland Park,Discoveryland,2706,Disneyland Railroad Discoveryland Station,0,0,2026-10-08T17:30:04Z
2026-10-08T17:34:13Z,2026-10-08,19:34,4,Disneyland Park,Discoveryland,6,Les Mystères du Nautilus,1,5,2026-10-08T17:30:04Z
2026-10-08T17:34:13Z,2026-10-08,19:34,4,Disneyland Park,Discoveryland,2707,Mickey’s PhilharMagic,0,0,2026-10-08T17:30:04Z
2026-10-08T17:34:13Z,2026-10-08,19:34,4,Disneyland Park,Discoveryland,7,Orbitron®,1,35,2026-10-08T17:30:04Z
2026-10-08T17:34:13Z,2026-10-08,19:34,4,Disneyland Park,Discoveryland,9,Star Tours: The Adventures Continue*,1,5,2026-10-08T17:30:04Z
2026-10-08T17:34:13Z,2026-10-08,19:34,4,Disneyland Park,Discoveryland,8,Star Wars Hyperspace Mountain,1,25,2026-10-08T17:30:04Z
2026-10-08T17:34:13Z,2026-10-08,19:34,4,Disneyland Park,Discoveryland,7278,Star Wars Hyperspace Mountain Single Rider,1,15,2026-10-08T17:30:04Z
2026-10-08T17:34:13Z,2026-10-08,19:34,4,Disneyland Park,Discoveryland,4573,Welcome to Starport: A Star Wars Encounter,0,0,2026-10-08T17:30:04Z
2026-10-08T17:34:13Z,2026-10-08,19:34,4,Disneyland Park,Fantasyland,19,"""it's a small world""",1,5,2026-10-08T17:30:04Z
2026-10-08T17:34:13Z,2026-10-08,19:34,4,Disneyland Park,Fantasyland,14,Alice's Curious Labyrinth,0,0,2026-10-08T17:30:04Z
2026-10-08T17:34:13Z,2026-10-08,19:34,4,Disneyland Park,Fantasyland,15,Blanche-Neige et les Sept Nains®,1,15,2026-10-08T17:30:04Z
2026-10-08T17:34:13Z,2026-10-08,19:34,4,Disneyland Park,Fantasyland,17,Casey Jr. – le Petit Train du Cirque,0,0,2026-10-08T17:30:04Z
2026-10-08T17:34:13Z,2026-10-08,19:34,4,Disneyland Park,Fantasyland,2711,Disneyland Railroad Fantasyland Station,0,0,2026-10-08T17:30:04Z
2026-10-08T17:34:13Z,2026-10-08,19:34,4,Disneyland Park,Fantasyland,11,Disneyland Railroad Main Street Station,0,0,2026-10-08T17:30:04Z
2026-10-08T17:34:13Z,2026-10-08,19:34,4,Disneyland Park,Fantasyland,18,Dumbo the Flying Elephant,1,25,2026-10-08T17:30:04Z
2026-10-08T17:34:13Z,2026-10-08,19:34,4,Disneyland Park,Fantasyland,2710,La Tanière du Dragon,1,0,2026-10-08T17:30:04Z
2026-10-08T17:34:13Z,2026-10-08,19:34,4,Disneyland Park,Fantasyland,16,Le Carrousel de Lancelot,1,10,2026-10-08T17:30:04Z
2026-10-08T17:34:13Z,2026-10-08,19:34,4,Disneyland Park,Fantasyland,21,"Le Pays des Contes de Fées, presented by Vittel",0,0,2026-10-08T17:30:04Z
2026-10-08T17:34:13Z,2026-10-08,19:34,4,Disneyland Park,Fantasyland,23,Les Voyages de Pinocchio,1,20,2026-10-08T17:30:04Z
2026-10-08T17:34:13Z,2026-10-08,19:34,4,Disneyland Park,Fantasyland,20,Mad Hatter's Tea Cups,1,5,2026-10-08T17:30:04Z
2026-10-08T17:34:13Z,2026-10-08,19:34,4,Disneyland Park,Fantasyland,13,Meet Mickey Mouse,0,0,2026-10-08T17:30:04Z
2026-10-08T17:34:13Z,2026-10-08,19:34,4,Disneyland Park,Fantasyland,22,Peter Pan's Flight,1,65,2026-10-08T17:30:04Z
2026-10-08T17:34:13Z,2026-10-08,19:34,4,Disneyland Park,Fantasyland,24,Princess Pavilion,0,0,2026-10-08T17:30:04Z
2026-10-08T17:34:13Z,2026-10-08,19:34,4,Disneyland Park,Frontierland,25,Big Thunder Mountain,1,85,2026-10-08T17:30:04Z
2026-10-08T17:34:13Z,2026-10-08,19:34,4,Disneyland Park,Frontierland,2714,Disneyland Railroad Frontierland Depot,0,0,2026-10-08T17:30:04Z
2026-10-08T17:34:13Z,2026-10-08,19:34,4,Disneyland Park,Frontierland,2713,Frontierland Playground,0,0,2026-10-08T17:30:04Z
2026-10-08T17:34:13Z,2026-10-08,19:34,4,Disneyland Park,Frontierland,26,Phantom Manor,1,25,2026-10-08T17:30:04Z
2026-10-08T17:34:13Z,2026-10-08,19:34,4,Disneyland Park,Frontierland,27,River Rogue Keelboats,0,0,2026-10-08T17:30:04Z
2026-10-08T17:34:13Z,2026-10-08,19:34,4,Disneyland Park,Frontierland,2712,Rustler Roundup Shootin' Gallery,1,0,2026-10-08T17:30:04Z
2026-10-08T17:34:13Z,2026-10-08,19:34,4,Disneyland Park,Frontierland,28,Thunder Mesa Riverboat Landing,0,0,2026-10-08T17:30:04Z
2026-10-08T17:34:13Z,2026-10-08,19:34,4,Disneyland Park,Main Street U.S.A,2708,Disneyland Railroad Main Street Station,0,0,2026-10-08T17:30:04Z
2026-10-08T17:34:13Z,2026-10-08,19:34,4,Disneyland Park,Main Street U.S.A,12,Main Street Vehicles,0,0,2026-10-08T17:30:04Z
2026-10-08T17:34:13Z,2026-10-08,19:34,28,Disney Adventure World,Marvel Avengers Campus,10848,Avengers Assemble: Flight Force,1,15,2026-10-08T17:30:04Z
2026-10-08T17:34:13Z,2026-10-08,19:34,28,Disney Adventure World,Marvel Avengers Campus,10849,Avengers Assemble: Flight Force Single Rider,1,10,2026-10-08T17:30:04Z
2026-10-08T17:34:13Z,2026-10-08,19:34,28,Disney Adventure World,Marvel Avengers Campus,10845,Spider-Man W.E.B. Adventure,1,20,2026-10-08T17:30:04Z
2026-10-08T17:34:13Z,2026-10-08,19:34,28,Disney Adventure World,Marvel Avengers Campus,10846,Spider-Man W.E.B. Adventure Single Rider,1,10,2026-10-08T17:30:04Z
2026-10-08T17:34:13Z,2026-10-08,19:34,28,Disney Adventure World,Production Courtyard,266,Meet Spider Man,0,0,2026-10-08T17:30:04Z
2026-10-08T17:34:13Z,2026-10-08,19:34,28,Disney Adventure World,Production Courtyard,40,The Twilight Zone Tower of Terror,1,25,2026-10-08T17:30:04Z
2026-10-08T17:34:13Z,2026-10-08,19:34,28,Disney Adventure World,Toon Studio,30,Art of Disney Animation,0,0,2026-10-08T17:30:04Z
2026-10-08T17:34:13Z,2026-10-08,19:34,28,Disney Adventure World,Toon Studio,31,Cars Quatre Roues Rallye,1,15,2026-10-08T17:30:04Z
2026-10-08T17:34:13Z,2026-10-08,19:34,28,Disney Adventure World,Toon Studio,29,Cars ROAD TRIP,1,5,2026-10-08T17:30:04Z
2026-10-08T17:34:13Z,2026-10-08,19:34,28,Disney Adventure World,Toon Studio,32,Crush's Coaster,0,0,2026-10-08T17:30:04Z
2026-10-08T17:34:13Z,2026-10-08,19:34,28,Disney Adventure World,Toon Studio,7277,Crush's Coaster Single Rider,0,0,2026-10-08T17:30:04Z
2026-10-08T17:34:13Z,2026-10-08,19:34,28,Disney Adventure World,Toon Studio,33,Les Tapis Volants - Flying Carpets Over Agrabah®,1,5,2026-10-08T17:30:04Z
2026-10-08T17:34:13Z,2026-10-08,19:34,28,Disney Adventure World,Toon Studio,37,Ratatouille : L’Aventure Totalement Toquée de Rémy​,1,40,2026-10-08T17:30:04Z
2026-10-08T17:34:13Z,2026-10-08,19:34,28,Disney Adventure World,Toon Studio,7279,Ratatouille: The Adventure Single Rider,1,10,2026-10-08T17:30:04Z
2026-10-08T17:34:13Z,2026-10-08,19:34,28,Disney Adventure World,Toon Studio,34,RC Racer,1,35,2026-10-08T17:30:04Z
2026-10-08T17:34:13Z,2026-10-08,19:34,28,Disney Adventure World,Toon Studio,7280,RC Racer Single Rider,1,30,2026-10-08T17:30:04Z
2026-10-08T17:34:13Z,2026-10-08,19:34,28,Disney Adventure World,Toon Studio,36,Slinky® Dog Zigzag Spin,1,10,2026-10-08T17:30:04Z
2026-10-08T17:34:13Z,2026-10-08,19:34,28,Disney Adventure World,Toon Studio,35,Toy Soldiers Parachute Drop,1,40,2026-10-08T17:30:04Z
2026-10-08T17:34:13Z,2026-10-08,19:34,28,Disney Adventure World,Toon Studio,7281,Toy Soldiers Parachute Drop Single Rider,1,10,2026-10-08T17:30:04Z
2026-10-08T17:34:13Z,2026-10-08,19:34,28,Disney Adventure World,World of Frozen,15413,Frozen Ever After,1,50,2026-10-08T17:30:04Z
2026-10-08T17:34:13Z,2026-10-08,19:34,28,Disney Adventure World,World of Frozen,15422,Frozen Ever After Single Rider,1,35,2026-10-08T17:30:04Z
2026-10-08T17:34:13Z,2026-10-08,19:34,28,Disney Adventure World,World of Frozen,15415,Raiponce Tangled Spin,1,10,2026-10-08T17:30:04Z
2026-10-08T17:49:10Z,2026-10-08,19:49,4,Disneyland Park,Adventureland,2702,Adventure Isle,1,0,2026-10-08T17:45:03Z
2026-10-08T17:49:10Z,2026-10-08,19:49,4,Disneyland Park,Adventureland,7306,Indiana Jones and the Temple of Peril Single Rider,1,5,2026-10-08T17:45:03Z
2026-10-08T17:49:10Z,2026-10-08,19:49,4,Disneyland Park,Adventureland,2,Indiana Jones™ and the Temple of Peril,1,5,2026-10-08T17:45:03Z
2026-10-08T17:49:10Z,2026-10-08,19:49,4,Disneyland Park,Adventureland,1,La Cabane des Robinson,1,5,2026-10-08T17:45:03Z
2026-10-08T17:49:10Z,2026-10-08,19:49,4,Disneyland Park,Adventureland,2703,Le Passage Enchanté d'Aladdin,1,0,2026-10-08T17:45:03Z
2026-10-08T17:49:10Z,2026-10-08,19:49,4,Disneyland Park,Adventureland,2705,Pirate Galleon,0,0,2026-10-08T17:45:03Z
2026-10-08T17:49:10Z,2026-10-08,19:49,4,Disneyland Park,Adventureland,3,Pirates of the Caribbean,1,5,2026-10-08T17:45:03Z
2026-10-08T17:49:10Z,2026-10-08,19:49,4,Disneyland Park,Adventureland,2704,Pirates' Beach,0,0,2026-10-08T17:45:03Z
2026-10-08T17:49:10Z,2026-10-08,19:49,4,Disneyland Park,Discoveryland,4,"Autopia, presented by Avis",1,25,2026-10-08T17:45:03Z
2026-10-08T17:49:10Z,2026-10-08,19:49,4,Disneyland Park,Discoveryland,5,Buzz Lightyear Laser Blast,0,0,2026-10-08T17:45:03Z
2026-10-08T17:49:10Z,2026-10-08,19:49,4,Disneyland Park,Discoveryland,2706,Disneyland Railroad Discoveryland Station,0,0,2026-10-08T17:45:03Z
2026-10-08T17:49:10Z,2026-10-08,19:49,4,Disneyland Park,Discoveryland,6,Les Mystères du Nautilus,1,5,2026-10-08T17:45:03Z
2026-10-08T17:49:10Z,2026-10-08,19:49,4,Disneyland Park,Discoveryland,2707,Mickey’s PhilharMagic,0,0,2026-10-08T17:45:03Z
2026-10-08T17:49:10Z,2026-10-08,19:49,4,Disneyland Park,Discoveryland,7,Orbitron®,1,30,2026-10-08T17:45:03Z
2026-10-08T17:49:10Z,2026-10-08,19:49,4,Disneyland Park,Discoveryland,9,Star Tours: The Adventures Continue*,1,5,2026-10-08T17:45:03Z
2026-10-08T17:49:10Z,2026-10-08,19:49,4,Disneyland Park,Discoveryland,8,Star Wars Hyperspace Mountain,1,25,2026-10-08T17:45:03Z
2026-10-08T17:49:10Z,2026-10-08,19:49,4,Disneyland Park,Discoveryland,7278,Star Wars Hyperspace Mountain Single Rider,1,20,2026-10-08T17:45:03Z
2026-10-08T17:49:10Z,2026-10-08,19:49,4,Disneyland Park,Discoveryland,4573,Welcome to Starport: A Star Wars Encounter,0,0,2026-10-08T17:45:03Z
2026-10-08T17:49:10Z,2026-10-08,19:49,4,Disneyland Park,Fantasyland,19,"""it's a small world""",1,5,2026-10-08T17:45:03Z
2026-10-08T17:49:10Z,2026-10-08,19:49,4,Disneyland Park,Fantasyland,14,Alice's Curious Labyrinth,0,0,2026-10-08T17:45:03Z
2026-10-08T17:49:10Z,2026-10-08,19:49,4,Disneyland Park,Fantasyland,15,Blanche-Neige et les Sept Nains®,1,20,2026-10-08T17:45:03Z
2026-10-08T17:49:10Z,2026-10-08,19:49,4,Disneyland Park,Fantasyland,17,Casey Jr. – le Petit Train du Cirque,0,0,2026-10-08T17:45:03Z
2026-10-08T17:49:10Z,2026-10-08,19:49,4,Disneyland Park,Fantasyland,2711,Disneyland Railroad Fantasyland Station,0,0,2026-10-08T17:45:03Z
2026-10-08T17:49:10Z,2026-10-08,19:49,4,Disneyland Park,Fantasyland,11,Disneyland Railroad Main Street Station,0,0,2026-10-08T17:45:03Z
2026-10-08T17:49:10Z,2026-10-08,19:49,4,Disneyland Park,Fantasyland,18,Dumbo the Flying Elephant,1,25,2026-10-08T17:45:03Z
2026-10-08T17:49:10Z,2026-10-08,19:49,4,Disneyland Park,Fantasyland,2710,La Tanière du Dragon,1,0,2026-10-08T17:45:03Z
2026-10-08T17:49:10Z,2026-10-08,19:49,4,Disneyland Park,Fantasyland,16,Le Carrousel de Lancelot,1,10,2026-10-08T17:45:03Z
2026-10-08T17:49:10Z,2026-10-08,19:49,4,Disneyland Park,Fantasyland,21,"Le Pays des Contes de Fées, presented by Vittel",0,0,2026-10-08T17:45:03Z
2026-10-08T17:49:10Z,2026-10-08,19:49,4,Disneyland Park,Fantasyland,23,Les Voyages de Pinocchio,1,15,2026-10-08T17:45:03Z
2026-10-08T17:49:10Z,2026-10-08,19:49,4,Disneyland Park,Fantasyland,20,Mad Hatter's Tea Cups,1,5,2026-10-08T17:45:03Z
2026-10-08T17:49:10Z,2026-10-08,19:49,4,Disneyland Park,Fantasyland,13,Meet Mickey Mouse,0,0,2026-10-08T17:45:03Z
2026-10-08T17:49:10Z,2026-10-08,19:49,4,Disneyland Park,Fantasyland,22,Peter Pan's Flight,1,55,2026-10-08T17:45:03Z
2026-10-08T17:49:10Z,2026-10-08,19:49,4,Disneyland Park,Fantasyland,24,Princess Pavilion,0,0,2026-10-08T17:45:03Z
2026-10-08T17:49:10Z,2026-10-08,19:49,4,Disneyland Park,Frontierland,25,Big Thunder Mountain,1,85,2026-10-08T17:45:03Z
2026-10-08T17:49:10Z,2026-10-08,19:49,4,Disneyland Park,Frontierland,2714,Disneyland Railroad Frontierland Depot,0,0,2026-10-08T17:45:03Z
2026-10-08T17:49:10Z,2026-10-08,19:49,4,Disneyland Park,Frontierland,2713,Frontierland Playground,0,0,2026-10-08T17:45:03Z
2026-10-08T17:49:10Z,2026-10-08,19:49,4,Disneyland Park,Frontierland,26,Phantom Manor,1,15,2026-10-08T17:45:03Z
2026-10-08T17:49:10Z,2026-10-08,19:49,4,Disneyland Park,Frontierland,27,River Rogue Keelboats,0,0,2026-10-08T17:45:03Z
2026-10-08T17:49:10Z,2026-10-08,19:49,4,Disneyland Park,Frontierland,2712,Rustler Roundup Shootin' Gallery,1,0,2026-10-08T17:45:03Z
2026-10-08T17:49:10Z,2026-10-08,19:49,4,Disneyland Park,Frontierland,28,Thunder Mesa Riverboat Landing,0,0,2026-10-08T17:45:03Z
2026-10-08T17:49:10Z,2026-10-08,19:49,4,Disneyland Park,Main Street U.S.A,2708,Disneyland Railroad Main Street Station,0,0,2026-10-08T17:45:03Z
2026-10-08T17:49:10Z,2026-10-08,19:49,4,Disneyland Park,Main Street U.S.A,12,Main Street Vehicles,0,0,2026-10-08T17:45:03Z
2026-10-08T17:49:10Z,2026-10-08,19:49,28,Disney Adventure World,Marvel Avengers Campus,10848,Avengers Assemble: Flight Force,1,15,2026-10-08T17:45:03Z
2026-10-08T17:49:10Z,2026-10-08,19:49,28,Disney Adventure World,Marvel Avengers Campus,10849,Avengers Assemble: Flight Force Single Rider,1,10,2026-10-08T17:45:03Z
2026-10-08T17:49:10Z,2026-10-08,19:49,28,Disney Adventure World,Marvel Avengers Campus,10845,Spider-Man W.E.B. Adventure,1,45,2026-10-08T17:45:03Z
2026-10-08T17:49:10Z,2026-10-08,19:49,28,Disney Adventure World,Marvel Avengers Campus,10846,Spider-Man W.E.B. Adventure Single Rider,1,15,2026-10-08T17:45:03Z
2026-10-08T17:49:10Z,2026-10-08,19:49,28,Disney Adventure World,Production Courtyard,266,Meet Spider Man,0,0,2026-10-08T17:45:03Z
2026-10-08T17:49:10Z,2026-10-08,19:49,28,Disney Adventure World,Production Courtyard,40,The Twilight Zone Tower of Terror,1,20,2026-10-08T17:45:03Z
2026-10-08T17:49:10Z,2026-10-08,19:49,28,Disney Adventure World,Toon Studio,30,Art of Disney Animation,0,0,2026-10-08T17:45:03Z
2026-10-08T17:49:10Z,2026-10-08,19:49,28,Disney Adventure World,Toon Studio,31,Cars Quatre Roues Rallye,1,5,2026-10-08T17:45:03Z
2026-10-08T17:49:10Z,2026-10-08,19:49,28,Disney Adventure World,Toon Studio,29,Cars ROAD TRIP,1,5,2026-10-08T17:45:03Z
2026-10-08T17:49:10Z,2026-10-08,19:49,28,Disney Adventure World,Toon Studio,32,Crush's Coaster,0,0,2026-10-08T17:45:03Z
2026-10-08T17:49:10Z,2026-10-08,19:49,28,Disney Adventure World,Toon Studio,7277,Crush's Coaster Single Rider,0,0,2026-10-08T17:45:03Z
2026-10-08T17:49:10Z,2026-10-08,19:49,28,Disney Adventure World,Toon Studio,33,Les Tapis Volants - Flying Carpets Over Agrabah®,1,5,2026-10-08T17:45:03Z
2026-10-08T17:49:10Z,2026-10-08,19:49,28,Disney Adventure World,Toon Studio,37,Ratatouille : L’Aventure Totalement Toquée de Rémy​,1,40,2026-10-08T17:45:03Z
2026-10-08T17:49:10Z,2026-10-08,19:49,28,Disney Adventure World,Toon Studio,7279,Ratatouille: The Adventure Single Rider,1,10,2026-10-08T17:45:03Z
2026-10-08T17:49:10Z,2026-10-08,19:49,28,Disney Adventure World,Toon Studio,34,RC Racer,1,25,2026-10-08T17:45:03Z
2026-10-08T17:49:10Z,2026-10-08,19:49,28,Disney Adventure World,Toon Studio,7280,RC Racer Single Rider,1,20,2026-10-08T17:45:03Z
2026-10-08T17:49:10Z,2026-10-08,19:49,28,Disney Adventure World,Toon Studio,36,Slinky® Dog Zigzag Spin,1,5,2026-10-08T17:45:03Z
2026-10-08T17:49:10Z,2026-10-08,19:49,28,Disney Adventure World,Toon Studio,35,Toy Soldiers Parachute Drop,1,35,2026-10-08T17:45:03Z
2026-10-08T17:49:10Z,2026-10-08,19:49,28,Disney Adventure World,Toon Studio,7281,Toy Soldiers Parachute Drop Single Rider,1,15,2026-10-08T17:45:03Z
2026-10-08T17:49:10Z,2026-10-08,19:49,28,Disney Adventure World,World of Frozen,15413,Frozen Ever After,1,50,2026-10-08T17:45:03Z
2026-10-08T17:49:10Z,2026-10-08,19:49,28,Disney Adventure World,World of Frozen,15422,Frozen Ever After Single Rider,1,45,2026-10-08T17:45:03Z
2026-10-08T17:49:10Z,2026-10-08,19:49,28,Disney Adventure World,World of Frozen,15415,Raiponce Tangled Spin,1,5,2026-10-08T17:45:03Z
